{
    "Mass" :[1],    
    "Fe_1":[0.000228317],
    "Ni_1":[0.0],
    "Mg_1":[0.000121605],
    "Ar_1":[0.0],
    "O_1":[0.00164415],
    "N_1":[0.000571187],
    "C_1":[0.000694847],
    "Na_1":[8.20261e-06],
    "Al_1":[1.06852e-05],
    "S_1":[0.000105081],
    "Ca_1":[0.0],
    "Ne_1":[0.000352001],
    "Si_1":[0.000127747]
}