{
    "Mass" :[1],    
    "Fe_1":[4.35092e-05],
    "Ni_1":[0.0],
    "Mg_1":[3.5322e-05],
    "Ar_1":[0.0],
    "O_1":[0.000300343],
    "N_1":[0.000646012],
    "C_1":[0.00100157],
    "Na_1":[2.60901e-06],
    "Al_1":[2.69328e-06],
    "S_1":[2.00498e-05],
    "Ca_1":[0.0],
    "Ne_1":[0.000141115],
    "Si_1":[2.4998e-05]
}