{
    "Mass" :[1],    
    "Fe_1":[8.90642e-05],
    "Ni_1":[0.0],
    "Mg_1":[5.53077e-05],
    "Ar_1":[0.0],
    "O_1":[0.000619006],
    "N_1":[0.000583683],
    "C_1":[0.000892073],
    "Na_1":[4.00242e-06],
    "Al_1":[4.59727e-06],
    "S_1":[4.10085e-05],
    "Ca_1":[0.0],
    "Ne_1":[0.000194137],
    "Si_1":[5.0399e-05]
}