{
    "Mass" :[1],
    "Fe_1":[1.01775e-06],
    "Ni_1":[0.0],
    "Mg_1":[1.48262e-05],
    "Ar_1":[0.0],
    "O_1":[4.3562e-05],
    "N_1":[0.00043658],
    "C_1":[0.00165153],
    "Na_1":[3.09634e-06],
    "Al_1":[3.81149e-07],
    "S_1":[4.7289e-07],
    "Ca_1":[0.0],
    "Ne_1":[0.000166852],
    "Si_1":[7.99507e-07]
}