{   "Mass" : [13,15,20,25,30,35],
    "Sc_1":[1.31e-07,7.54e-08,7.66e-08,1.34e-07,1.2e-07,1.85e-07],
    "Fe_1":[0.00558,0.00143,0.00243,0.00242,0.00106,0.00187],
    "Fe_2":[0.1,0.1,0.1,0.1,0.1,0.1],
    "Fe_3":[0.00337,0.00229,0.00293,0.00154,0.00165,0.000777],
    "Fe_4":[4.15e-07,5.42e-07,1.17e-06,1.89e-06,3.48e-06,5.06e-06],
    "Co_1":[0.000237,3.5e-05,0.000124,1.24e-05,1.53e-05,5.97e-06],
    "Ni_1":[0.00891,0.000311,0.00115,0.00037,0.000276,0.000313],
    "Ni_2":[0.00188,0.00235,0.00261,0.00105,0.00133,8.04e-05],
    "Ni_3":[0.00015,8.92e-05,0.00012,3.03e-05,4.09e-05,1.47e-06],
    "Ni_4":[0.00198,0.000208,0.000462,5.52e-05,6.59e-05,2.83e-06],
    "Ni_5":[4.43e-08,4.94e-08,7.14e-08,8.94e-08,1.14e-07,1.37e-07],
    "K_1":[3.74e-05,1.96e-05,2.18e-05,2.39e-05,1.64e-05,2.33e-05],
    "K_2":[6.38e-09,1.25e-08,9.4e-09,1.25e-08,1.91e-08,2.25e-08],
    "K_3":[2.77e-06,1.67e-06,1.32e-06,2.52e-06,2.43e-06,3.52e-06],
    "Cl_1":[3.39e-05,5.04e-05,3.42e-05,3.95e-05,3.81e-05,3.73e-05],
    "Cl_2":[1e-05,8.03e-06,5.06e-06,1.05e-05,9.78e-06,1.36e-05],
    "Mg_1":[0.0512,0.0541,0.17,0.143,0.223,0.222],
    "Mg_2":[0.000152,0.000167,0.000655,0.000325,0.000488,0.000325],
    "Mg_3":[0.000315,0.000233,0.00117,0.000533,0.000911,0.000607],
    "Ar_1":[0.007,0.00894,0.00834,0.0161,0.0146,0.0233],
    "Ar_2":[0.000292,0.000193,7.28e-05,0.000149,8.05e-05,0.000117],
    "Ar_3":[1.63e-09,2.16e-09,2.5e-09,2.85e-09,3.52e-09,3.88e-09],
    "O_1":[0.317,0.459,1.37,2.38,3.75,4.97],
    "O_2":[3.89e-06,3.98e-06,4.39e-06,5.32e-06,5.45e-06,5.09e-06],
    "O_3":[4.47e-06,7.13e-06,6.55e-06,3.31e-06,1.46e-06,1.41e-06],
    "Na_1":[0.000783,0.000184,0.00183,0.00306,0.00448,0.00399],
    "Cr_1":[7.65e-05,1.57e-05,2.46e-05,2.54e-05,8.63e-06,1.59e-05],
    "Cr_2":[0.00176,0.00179,0.00157,0.00284,0.00251,0.00403],
    "Cr_3":[0.000172,0.00011,0.000118,0.000181,0.000135,0.000214],
    "Cr_4":[4.32e-08,3.93e-08,6.62e-08,9.43e-08,1.36e-07,1.75e-07],
    "Mn_1":[0.000935,0.000399,0.000522,0.00065,0.000437,0.000701],
    "V_1":[2.56e-10,2.86e-10,3.72e-10,7.89e-10,7.75e-10,2.06e-09],
    "V_2":[2.1e-05,8.02e-06,1.16e-05,1.3e-05,7.56e-06,1.19e-05],
    "Al_1":[0.00118,0.00055,0.00297,0.00184,0.00305,0.0024],
    "Ti_1":[8.04e-06,2.23e-06,1.4e-06,2.42e-06,1e-06,1.6e-06],
    "Ti_2":[6.59e-07,1.43e-07,7.3e-07,9.63e-08,8.28e-08,7.8e-08],
    "Ti_3":[0.000122,0.000183,0.000207,0.000183,0.000183,0.000222],
    "Ti_4":[7.29e-06,4.88e-06,5.52e-06,8.12e-06,5.99e-06,9.27e-06],
    "Ti_5":[1.01e-08,1.15e-08,1.77e-08,2.4e-08,3.38e-08,4.32e-08],
    "S_1":[0.0364,0.049,0.0441,0.0822,0.0743,0.115],
    "S_2":[6.75e-05,0.000129,8.88e-05,0.000123,0.000133,0.000147],
    "S_3":[0.000375,0.000753,0.000336,0.000309,0.000284,0.000253],
    "Ca_1":[0.00608,0.00771,0.00753,0.0142,0.0136,0.0211],
    "Ca_2":[1.01e-05,3.62e-06,1.58e-06,3.53e-06,1.64e-06,2.6e-06],
    "Ca_3":[3.13e-07,3.4e-08,1.96e-07,2.43e-08,3.8e-08,4.64e-08],
    "Ca_4":[1.74e-05,4.12e-05,6.7e-05,1.85e-05,2.78e-05,1.2e-05],
    "Ca_5":[1.62e-10,2e-10,2.54e-10,3.11e-10,3.75e-10,4.29e-10],
    "Ca_6":[7.99e-09,9.03e-09,1.23e-08,1.52e-08,1.85e-08,2.1e-08],
    "F_1":[1.58e-08,1.87e-08,3.71e-08,5.84e-08,7.29e-08,1.06e-07],
    "Ne_1":[0.133,0.0424,0.489,0.677,1.05,1.19],
    "Ne_2":[6.85e-06,5.93e-06,2.98e-05,5.12e-05,8.11e-05,7.75e-05],
    "Ne_3":[6.27e-05,9.5e-05,0.000209,0.000311,0.000368,0.000417],
    "P_1":[0.000112,0.000221,0.00022,0.000149,0.0002,0.000156],
    "Si_1":[0.0748,0.114,0.111,0.171,0.169,0.233],
    "Si_2":[0.000284,0.000655,0.000731,0.000507,0.000739,0.000635],
    "Si_3":[0.00025,0.000533,0.00053,0.000235,0.000347,0.000227]
}