{   
    "Mass" : [13,15,20,25,30,35],
    "Sc_1":[1.03e-06,1.87e-06,5.42e-06,1.26e-05,1.79e-05,2.55e-05],
    "Fe_1":[0.00503,0.0105,0.0122,0.0163,0.0113,0.0179],
    "Fe_2":[0.113,0.115,0.12,0.124,0.128,0.131],
    "Fe_3":[0.00469,0.0035,0.00409,0.00353,0.00386,0.00326],
    "Fe_4":[0.000176,0.000228,0.000875,0.0014,0.00216,0.00266],
    "Co_1":[0.000449,0.000298,0.000652,0.000904,0.00121,0.00133],
    "Ni_1":[0.00801,0.00502,0.0062,0.00475,0.00474,0.00395],
    "Ni_2":[0.00345,0.00229,0.00231,0.00194,0.00255,0.00174],
    "Ni_3":[0.000246,0.00018,0.000222,0.000285,0.000447,0.000494],
    "Ni_4":[0.00193,0.00091,0.00113,0.0013,0.00203,0.00213],
    "Ni_5":[1.88e-05,3.08e-05,0.0001,0.000216,0.000364,0.000493],
    "K_1":[9.43e-05,0.00011,0.000145,0.000367,0.000201,0.000261],
    "K_2":[4.2e-07,6.46e-07,2e-06,3.63e-06,6.26e-06,8.27e-06],
    "K_3":[7.23e-06,1.06e-05,1.99e-05,4.39e-05,4e-05,5.21e-05],
    "Cl_1":[9.2e-05,0.000188,0.000212,0.000445,0.000347,0.000493],
    "Cl_2":[2.95e-05,4.78e-05,0.000115,0.000246,0.000294,0.000384],
    "Mg_1":[0.0366,0.0339,0.133,0.129,0.221,0.195],
    "Mg_2":[0.00265,0.00206,0.0176,0.0235,0.032,0.0349],
    "Mg_3":[0.00345,0.00411,0.0183,0.0307,0.0523,0.0712],
    "Ar_1":[0.00465,0.00999,0.0108,0.0213,0.0127,0.0208],
    "Ar_2":[0.000701,0.00159,0.00139,0.00392,0.00214,0.00309],
    "Ar_3":[5.79e-07,1.12e-06,1.99e-06,2.95e-06,3.59e-06,4.4e-06],
    "O_1":[0.305,0.516,1.38,2.44,3.89,5.22],
    "O_2":[0.000166,0.000155,0.000138,0.000147,0.000152,0.000172],
    "O_3":[0.0034,0.00419,0.00572,0.00371,0.000994,0.000507],
    "Na_1":[0.00125,0.00138,0.013,0.0242,0.0398,0.0454],
    "Cr_1":[6.54e-05,0.000132,0.000177,0.000253,0.000136,0.000226],
    "Cr_2":[0.0011,0.00204,0.00178,0.00261,0.00249,0.00355],
    "Cr_3":[0.000113,0.000242,0.000237,0.000331,0.000282,0.000412],
    "Cr_4":[7.55e-06,9.44e-06,2.28e-05,3.59e-05,5.32e-05,6.56e-05],
    "Mn_1":[0.000656,0.00136,0.00134,0.00195,0.00164,0.00245],
    "V_1":[1.75e-05,3.35e-05,3.6e-05,5.15e-05,4.11e-05,6.3e-05],
    "Al_1":[0.00228,0.00173,0.0188,0.0309,0.0579,0.069],
    "Ti_1":[9.72e-06,1.69e-05,2.48e-05,8.26e-05,4.59e-05,6.49e-05],
    "Ti_2":[5.1e-06,5.11e-06,7.49e-06,1.18e-05,1.78e-05,2.28e-05],
    "Ti_3":[0.000252,0.000206,0.000181,0.000204,0.00023,0.000245],
    "Ti_4":[6.66e-06,1.26e-05,1.52e-05,2.31e-05,2.68e-05,3.86e-05],
    "Ti_5":[2.58e-06,3.36e-06,8.66e-06,1.59e-05,2.75e-05,3.84e-05],
    "S_1":[0.0279,0.0606,0.0662,0.124,0.078,0.126],
    "S_2":[0.000198,0.000395,0.000449,0.000767,0.000738,0.001],
    "S_3":[0.00226,0.00473,0.00464,0.00616,0.00674,0.00927],
    "S_4":[3.4e-06,6.03e-06,9.13e-06,1.22e-05,1.74e-05,1.93e-05],
    "Ca_1":[0.00399,0.00823,0.00856,0.0164,0.0106,0.0166],
    "Ca_2":[1.86e-05,3.79e-05,5.27e-05,0.00017,0.000115,0.000161],
    "Ca_3":[2.96e-06,2.78e-06,9.86e-06,1.78e-05,2.91e-05,3.68e-05],
    "Ca_4":[0.000109,6.37e-05,8.53e-05,0.0001,0.000154,0.000168],
    "Ca_5":[1e-07,7.67e-07,5.41e-07,2.1e-06,1.22e-06,2.37e-06],
    "Ca_6":[1.6e-06,1.89e-06,2.49e-06,3.11e-06,3.78e-06,4.35e-06],
    "F_1":[3.54e-06,4.19e-06,7.62e-06,1.49e-05,2.19e-05,2.69e-05],
    "Ne_1":[0.0559,0.036,0.535,0.717,1.3,1.29],
    "Ne_2":[6.25e-05,8.7e-05,0.000432,0.000781,0.00094,0.00108],
    "Ne_3":[0.00859,0.013,0.0301,0.0512,0.0659,0.0709],
    "P_1":[0.000617,0.00101,0.00141,0.00178,0.00239,0.00286],
    "Si_1":[0.0678,0.131,0.156,0.245,0.19,0.277],
    "Si_2":[0.00246,0.00345,0.00566,0.00679,0.00911,0.0109],
    "Si_3":[0.00296,0.00407,0.00607,0.00655,0.00993,0.0109]
}