{   "Mass" : [13,15,20,25,30,35],
    "Sc_1":[5.64e-08,1.05e-07,8.6e-08,9.35e-08,1.35e-07,1.38e-07],
    "Fe_1":[0.000625,0.00345,0.00205,0.00218,0.00142,0.00162],
    "Fe_2":[0.1,0.1,0.1,0.1,0.1,0.1],
    "Fe_3":[0.00323,0.00313,0.00202,0.00165,0.00107,0.000815],
    "Fe_4":[3.61e-09,5.48e-09,7.29e-09,9.33e-09,3.22e-08,7.62e-08],
    "Co_1":[0.00018,0.000162,5.36e-05,8.58e-06,7.12e-06,4.23e-06],
    "Ni_1":[0.00179,0.0019,0.000574,0.000376,0.000339,0.000293],
    "Ni_2":[0.00336,0.00255,0.00168,0.00117,0.000426,0.000119],
    "Ni_3":[0.000166,0.000114,6.33e-05,3.6e-05,9.13e-06,2.12e-06],
    "Ni_4":[0.000789,0.000552,0.000194,6.25e-05,1.29e-05,3.31e-06],
    "Ni_5":[4.33e-10,5.07e-10,6.82e-10,8.71e-10,1.22e-09,7.83e-09],
    "K_1":[2.16e-05,3.23e-05,1.95e-05,1.56e-05,1.97e-05,1.66e-05],
    "K_2":[4.81e-09,3.02e-09,5.98e-09,2.58e-09,3.38e-09,1.76e-09],
    "K_3":[8.85e-07,1.86e-06,1.69e-06,1.69e-06,2.98e-06,2.55e-06],
    "Cl_1":[2.86e-05,3.13e-05,4.89e-05,3.16e-05,4.59e-05,2.82e-05],
    "Cl_2":[3.34e-06,6.01e-06,8.29e-06,7.29e-06,1.26e-05,1.06e-05],
    "Mg_1":[0.0358,0.0613,0.104,0.137,0.182,0.206],
    "Mg_2":[0.000103,0.000109,0.000289,0.000321,0.000311,0.000214],
    "Mg_3":[0.000164,0.000246,0.000367,0.000516,0.000443,0.000368],
    "Ar_1":[0.00476,0.00678,0.0123,0.0136,0.0215,0.0229],
    "Ar_2":[7.68e-05,0.000132,0.000126,0.000103,9.88e-05,7.87e-05],
    "Ar_3":[2.52e-10,7.14e-11,1.34e-10,5.14e-11,9.37e-11,6.14e-10],
    "O_1":[0.231,0.464,1.18,2.18,3.45,4.67],
    "O_2":[4.63e-08,6.28e-08,5.23e-07,8.11e-07,1.38e-05,3.47e-05],
    "O_3":[4.69e-08,6.96e-08,9e-08,1.94e-07,1.92e-07,9.14e-07],
    "Na_1":[0.000238,0.000759,0.00185,0.00288,0.00316,0.00295],
    "Cr_1":[7.15e-06,4.39e-05,1.88e-05,2.1e-05,1.18e-05,1.31e-05],
    "Cr_2":[0.0011,0.00127,0.00213,0.00281,0.00329,0.00404],
    "Cr_3":[6.11e-05,0.000116,0.000141,0.000182,0.000178,0.000217],
    "Cr_4":[6.72e-10,3.29e-09,8.84e-10,1.6e-09,1.47e-09,2.3e-09],
    "Mn_1":[0.000194,0.000554,0.000573,0.000616,0.000546,0.000633],
    "V_1":[2.9e-11,3.82e-11,3.05e-11,2.08e-11,1.38e-11,1.86e-11],
    "V_2":[3.96e-06,1.29e-05,1.09e-05,1.2e-05,9.78e-06,1.1e-05],
    "Al_1":[0.000496,0.00108,0.00149,0.00174,0.00183,0.00173],
    "Ti_1":[1.72e-06,4.25e-06,1.36e-06,1.79e-06,1.18e-06,1.07e-06],
    "Ti_2":[9.59e-07,6.51e-07,2.4e-07,6.92e-08,4.05e-08,4.24e-08],
    "Ti_3":[0.00022,0.000159,0.000185,0.000186,0.000195,0.000228],
    "Ti_4":[2.81e-06,5.38e-06,6.18e-06,8.09e-06,8e-06,9.56e-06],
    "Ti_5":[1.03e-10,1.17e-10,1.61e-10,2.03e-10,3.32e-10,6.35e-10],
    "S_1":[0.0247,0.035,0.0662,0.0676,0.109,0.111],
    "S_2":[6.13e-05,6.2e-05,0.000145,0.0001,0.000172,0.000127],
    "S_3":[0.000356,0.000255,0.000504,0.00024,0.000324,0.000162],
    "S_4":[1.02e-08,2.49e-09,4.91e-09,1.17e-09,1.93e-09,4.84e-10],
    "Ca_1":[0.00447,0.00592,0.0108,0.0124,0.0195,0.0209],
    "Ca_2":[1.78e-06,4.54e-06,2.24e-06,2.52e-06,1.9e-06,1.67e-06],
    "Ca_3":[3.34e-07,2.25e-07,4.38e-08,6.57e-09,2.65e-09,2.44e-09],
    "Ca_4":[7.92e-05,5.17e-05,3.75e-05,2.06e-05,1.51e-05,1.17e-05],
    "Ca_5":[2.14e-12,1.94e-12,2.67e-12,3.18e-12,1.12e-11,3.75e-10],
    "Ca_6":[7.95e-11,9.27e-11,1.24e-10,1.54e-10,1.85e-10,2.1e-10],
    "F_1":[1.21e-10,1.74e-10,4.24e-10,1.21e-09,1.42e-08,3.54e-07],
    "Ne_1":[0.0431,0.155,0.259,0.657,0.668,1.05],
    "Ne_2":[1.87e-06,4.74e-06,4.11e-05,4.14e-05,5.24e-05,4.35e-05],
    "Ne_3":[8.6e-07,2.87e-06,1.96e-05,3.23e-05,3.65e-05,3.99e-05],
    "P_1":[0.000124,0.000108,0.000213,0.000131,0.000205,0.000122],
    "Si_1":[0.0574,0.0765,0.154,0.141,0.233,0.223],
    "Si_2":[0.000349,0.0003,0.000698,0.000453,0.000837,0.000564],
    "Si_3":[0.000307,0.000212,0.000425,0.000213,0.000338,0.000164]
}