{
    "Mass" : [13,15,20,25,30,35],
    "Al" : [4.07E-04,8.66E-04,1.50E-03,2.20E-03,1.47E-03,2.01E-03],
    "Ar_1" : [3.88E-03,4.12E-03,1.18E-02,1.05E-02,2.56E-02,1.87E-02],
    "Ar_2" :  [6.26E-05,4.52E-05,1.22E-04,6.15E-05,1.54E-04,7.11E-05],
    "Ar_3" : [2.24E-09,5.25E-11,2.02E-10,5.16E-11,8.51E-11,8.81E-12],
    "Ca_1":[0.00374,0.00383,0.0107,0.00982,0.0231,0.017],
    "Ca_2":[9.5e-06,1.13e-06,2.13e-06,1.34e-06,2.73e-06,1.54e-06],
    "Ca_3":[1.81e-06,3.77e-07,1.14e-07,9.92e-08,4.37e-09,1.56e-09],
    "Ca_4":[6.94e-05,5.94e-05,3e-05,5.73e-05,1.18e-05,1.03e-05],
    "Ca_5":[4.62e-13,5.52e-14,3.32e-13,5.74e-14,1.94e-13,3.96e-15],
    "Ca_6":[1.29e-18,4.04e-19,4.38e-19,3.7e-16,6.58e-14,2.13e-19],
    "Cl_1":[2.26e-05,2.61e-05,4.35e-05,3.39e-05,7.01e-05,2.74e-05],
    "Cl_2":[2.44e-06,2.66e-06,7.1e-06,5.91e-06,1.37e-05,8.82e-06],
    "Co":[0.00274,0.000214,8.04e-05,8.58e-05,4.26e-06,7.58e-06],
    "Cr_1":[1.62e-05,8.49e-06,1e-05,1.35e-05,1.9e-05,1.35e-05],
    "Cr_2":[0.00113,0.000922,0.00232,0.00189,0.004,0.00343],
    "Cr_3":[7.63e-05,6.52e-05,0.000124,0.000122,0.000222,0.0002],
    "Cr_4":[1.37e-09,1.23e-10,3.35e-10,1.62e-10,3.75e-10,2.15e-10],
    "F":[4.64e-11,7e-11,2.47e-10,4.14e-07,7.62e-07,1.9e-07],
    "Fe_1":[0.00117,0.00106,0.00103,0.00161,0.00218,0.00159],
    "Fe_2":[0.0912,0.1,0.1,0.1,0.1,0.1],
    "Fe_3":[0.00372,0.00343,0.00198,0.00241,0.000851,0.00107],
    "Fe_4":[4.02e-08,5.51e-11,1.24e-10,8.14e-11,2e-10,1.34e-10],
    "K_1":[1.42e-05,2.13e-05,1.95e-05,1.87e-05,2.55e-05,1.44e-05],
    "K_2":[6.86e-09,2.58e-09,6.24e-09,3.13e-09,6.41e-09,1.6e-09],
    "K_3":[6.88e-07,7.79e-07,1.54e-06,1.47e-06,3.06e-06,2.07e-06],
    "Mg_1":[0.0285,0.0498,0.102,0.136,0.171,0.209],
    "Mg_2":[7.56e-05,8.97e-05,0.000292,0.000517,0.000351,0.000261],
    "Mg_3":[0.000122,0.000196,0.000473,0.00074,0.000468,0.000461],
    "Mn":[0.000316,0.000302,0.000354,0.000511,0.000706,0.000589],
    "Na":[0.000151,0.000579,0.00132,0.004,0.00185,0.00331],
    "Ne_1":[0.0308,0.115,0.222,0.673,0.343,1.08],
    "Ne_2":[1.19e-06,3.31e-06,1.46e-05,6.3e-05,4.7e-05,4.69e-05],
    "Ne_3":[2.97e-07,1.46e-06,6.28e-06,6.15e-05,8.76e-05,3.74e-05],
    "Ni_1":[0.127,0.00303,0.00131,0.000656,0.000334,0.000324],
    "Ni_2":[0.0167,0.00287,0.00147,0.00236,0.000137,0.000306],
    "Ni_3":[0.00141,0.000153,6.55e-05,9.64e-05,2.5e-06,6.29e-06],
    "Ni_4":[0.0179,0.000848,0.000301,0.000331,3.77e-06,7.66e-06],
    "Ni_5":[5.81e-09,2.16e-16,1.4e-18,4.3e-16,2.32e-15,2.12e-15],
    "O_1":[0.16,0.346,1.0,2.03,3.04,4.39],
    "O_2":[4.35e-09,2.14e-08,1.7e-07,0.000158,0.000199,5.07e-05],
    "O_3":[6.83e-09,8.8e-09,2.52e-08,7.55e-05,8.47e-05,2.24e-06],
    "P":[0.000102,9.72e-05,0.00023,0.000146,0.00031,0.000125],
    "S_1":[0.0198,0.0215,0.0613,0.0527,0.13,0.0918],
    "S_2":[4.73e-05,5.04e-05,0.000129,9.38e-05,0.000228,0.000112],
    "S_3":[0.000293,0.000194,0.000549,0.000262,0.00061,0.000153],
    "S_4":[8.74e-09,2.04e-09,9.52e-09,2.72e-09,5.24e-09,4.23e-10],
    "Sc":[1.28e-06,5.5e-08,7.93e-08,8.4e-08,1.63e-07,1.05e-07],
    "Si_1":[0.0463,0.053,0.138,0.115,0.278,0.19],
    "Si_2":[0.000272,0.000257,0.000741,0.000513,0.00117,0.000538],
    "Si_3":[0.000255,0.000184,0.000505,0.000281,0.000563,0.000178],
    "Ti_1":[5.97e-06,1.24e-06,1.36e-06,1.09e-06,1.55e-06,1.02e-06],
    "Ti_2":[6.11e-06,9.57e-07,3.6e-07,4.52e-07,5.33e-08,4.13e-08],
    "Ti_3":[0.000199,0.00017,0.000185,0.000211,0.000227,0.000194],
    "Ti_4":[5.87e-06,2.81e-06,5.52e-06,5.4e-06,9.81e-06,8.86e-06],
    "Ti_5":[4.83e-12,1.66e-12,4.4e-12,1.02e-12,2.13e-12,1.89e-13],
    "V_1":[4.79e-10,1.21e-11,3.07e-11,9.79e-12,2.34e-11,6.6e-12],
    "V_2":[1.26e-05,5.32e-06,6.7e-06,9.42e-06,1.3e-05,1.06e-05]
}