{   "Mass" : [13,15,20,25,30,35],
    "Sc_1":[9.88e-08,1.27e-07,1.74e-07,3.71e-07,5.68e-07,8.82e-07],
    "Fe_1":[0.000953,0.00225,0.00215,0.00315,0.00164,0.00262],
    "Fe_2":[0.1,0.1,0.101,0.101,0.101,0.101],
    "Fe_3":[0.00368,0.00285,0.00277,0.00113,0.002,0.00113],
    "Fe_4":[6.76e-06,1.04e-05,3.59e-05,5.74e-05,0.000109,0.000143],
    "Co_1":[0.000251,0.00015,0.000115,3.54e-05,6.02e-05,5.96e-05],
    "Ni_1":[0.00354,0.00203,0.000834,0.000505,0.000356,0.000446],
    "Ni_2":[0.00325,0.00231,0.00232,0.000258,0.00182,0.000341],
    "Ni_3":[0.000186,0.000113,9.75e-05,9.98e-06,7.19e-05,2.05e-05],
    "Ni_4":[0.00107,0.000544,0.000336,2.51e-05,0.000168,5.51e-05],
    "Ni_5":[4.92e-07,5.86e-07,1.11e-06,1.77e-06,3.67e-06,5.46e-06],
    "K_1":[3.09e-05,3.02e-05,1.9e-05,3.85e-05,2.84e-05,3.42e-05],
    "K_2":[2.85e-08,4.73e-08,1.12e-07,1.73e-07,3.05e-07,3.88e-07],
    "K_3":[1.28e-06,2.05e-06,1.98e-06,4.94e-06,4.78e-06,6.17e-06],
    "Cl_1":[3.47e-05,5.65e-05,4e-05,8.72e-05,6.49e-05,7.46e-05],
    "Cl_2":[4.14e-06,8.16e-06,7.04e-06,2e-05,1.7e-05,2.15e-05],
    "Mg_1":[0.0452,0.0637,0.157,0.152,0.227,0.23],
    "Mg_2":[0.000287,0.000443,0.00116,0.000774,0.00138,0.00136],
    "Mg_3":[0.000446,0.000608,0.00197,0.00138,0.00271,0.00284],
    "Ar_1":[0.00418,0.00865,0.00866,0.0214,0.0134,0.0212],
    "Ar_2":[8.78e-05,0.000182,0.000108,0.000309,0.000175,0.00021],
    "Ar_3":[1.74e-08,2.04e-08,2.91e-08,3.39e-08,4.68e-08,5.6e-08],
    "O_1":[0.291,0.527,1.41,2.28,3.75,4.88],
    "O_2":[1.58e-05,1.61e-05,1.46e-05,1.43e-05,1.17e-05,1.11e-05],
    "O_3":[5.38e-05,8.3e-05,7.01e-05,2.24e-05,1.78e-05,1.67e-05],
    "Na_1":[0.00072,0.00105,0.00315,0.00361,0.00767,0.00871],
    "Cr_1":[9.31e-06,2.04e-05,2.09e-05,3.08e-05,1.55e-05,2.44e-05],
    "Cr_2":[0.000945,0.00166,0.00157,0.00361,0.00228,0.00359],
    "Cr_3":[5.9e-05,0.000126,0.000115,0.000229,0.000134,0.000218],
    "Cr_4":[3.57e-07,4.59e-07,9.81e-07,1.4e-06,2.35e-06,3.02e-06],
    "Mn_1":[0.000255,0.000577,0.000492,0.000879,0.000499,0.000791],
    "V_1":[1.46e-09,2.24e-09,4.12e-09,6.8e-09,7.65e-09,1.16e-08],
    "V_2":[5.17e-06,1.09e-05,1.07e-05,1.72e-05,9.52e-06,1.46e-05],
    "Al_1":[0.00111,0.00152,0.00441,0.0037,0.00671,0.00758],
    "Ti_1":[1.99e-06,2.53e-06,1.49e-06,3.74e-06,2.64e-06,3.23e-06],
    "Ti_2":[1.47e-06,9.22e-07,5.35e-07,3.51e-07,4.87e-07,5.32e-07],
    "Ti_3":[0.000216,0.000199,0.000177,0.000205,0.0002,0.000202],
    "Ti_4":[2.84e-06,5.53e-06,5.58e-06,1.03e-05,6.34e-06,9.99e-06],
    "Ti_5":[1.11e-07,1.38e-07,2.86e-07,4.15e-07,7.17e-07,9.39e-07],
    "S_1":[0.0221,0.046,0.0443,0.113,0.0698,0.107],
    "S_2":[6.46e-05,0.000122,0.000105,0.000238,0.000177,0.000206],
    "S_3":[0.000384,0.000716,0.000527,0.000833,0.000623,0.000611],
    "S_4":[6.83e-08,8.54e-08,1.12e-07,1.15e-07,1.52e-07,1.61e-07],
    "Ca_1":[0.00386,0.00765,0.00793,0.0186,0.0123,0.0188],
    "Ca_2":[2.24e-06,3.75e-06,2.98e-06,7.97e-06,6.92e-06,8.8e-06],
    "Ca_3":[6.21e-07,3.34e-07,4.1e-07,5.92e-07,1.21e-06,1.63e-06],
    "Ca_4":[7.84e-05,5.76e-05,4.64e-05,1.24e-05,4.59e-05,1.57e-05],
    "Ca_5":[1.81e-09,2.21e-09,2.66e-09,3.39e-09,4e-09,4.82e-09],
    "Ca_6":[7.93e-08,9.16e-08,1.24e-07,1.5e-07,1.86e-07,2.14e-07],
    "F_1":[1.92e-07,2.28e-07,4.77e-07,9.46e-07,9.3e-07,1.3e-06],
    "Ne_1":[0.0931,0.121,0.542,0.528,1.14,1.32],
    "Ne_2":[1.57e-05,2.5e-05,6.93e-05,9.54e-05,0.000195,0.000211],
    "Ne_3":[0.000563,0.000916,0.00195,0.00276,0.0033,0.00369],
    "P_1":[0.000146,0.000238,0.000263,0.000336,0.000337,0.000323],
    "Si_1":[0.053,0.104,0.105,0.241,0.161,0.222],
    "Si_2":[0.000408,0.000678,0.000881,0.000994,0.00106,0.000987],
    "Si_3":[0.000371,0.000584,0.00073,0.00064,0.000751,0.000665]
}