{
    "Mass" : [13,15,20,25,30,35],
    "Sc_1":[3.29e-07,6.34e-07,1.33e-06,3.39e-06,5.32e-06,7.06e-06],
    "Fe_1":[0.00172,0.00707,0.00723,0.00741,0.00437,0.00696],
    "Fe_2":[0.104,0.104,0.106,0.107,0.108,0.109],
    "Fe_3":[0.00393,0.0032,0.00278,0.00209,0.00289,0.00166],
    "Fe_4":[5.07e-05,9.26e-05,0.00026,0.000442,0.000713,0.000858],
    "Co_1":[0.000294,0.000215,0.000227,0.000267,0.00039,0.000374],
    "Ni_1":[0.00364,0.00351,0.00293,0.00157,0.00141,0.00128],
    "Ni_2":[0.0036,0.00205,0.00166,0.00106,0.00222,0.000636],
    "Ni_3":[0.00021,0.000104,0.000102,9.27e-05,0.000195,0.000143],
    "Ni_4":[0.00124,0.000651,0.000513,0.000351,0.00069,0.000562],
    "Ni_5":[4.32e-06,5.93e-06,1.56e-05,3.67e-05,7.37e-05,0.000103],
    "K_1":[4.83e-05,8.47e-05,6.82e-05,0.000217,7.48e-05,0.000108],
    "K_2":[1.48e-07,2.69e-07,7.21e-07,1.25e-06,2.16e-06,2.91e-06],
    "K_3":[2.95e-06,7.42e-06,8.45e-06,2.38e-05,1.45e-05,2.08e-05],
    "Cl_1":[5.91e-05,0.000106,0.000139,0.000263,0.000145,0.000256],
    "Cl_2":[1.07e-05,2.66e-05,3.94e-05,9.79e-05,7.66e-05,0.000109],
    "Mg_1":[0.0389,0.0658,0.139,0.124,0.274,0.218],
    "Mg_2":[0.00119,0.00242,0.00502,0.00602,0.00914,0.00937],
    "Mg_3":[0.00144,0.00257,0.0055,0.00833,0.0163,0.0184],
    "Ar_1":[0.00379,0.00962,0.0111,0.0231,0.0112,0.0223],
    "Ar_2":[0.000238,0.000603,0.000666,0.00171,0.000531,0.00098],
    "Ar_3":[1.41e-07,1.83e-07,2.88e-07,4.54e-07,6.09e-07,7.2e-07],
    "O_1":[0.268,0.502,1.38,2.44,3.9,5.2],
    "O_2":[3.61e-05,3.6e-05,3.76e-05,4.31e-05,3.8e-05,4.71e-05],
    "O_3":[0.000608,0.000929,0.000712,0.000249,0.000139,0.000107],
    "Na_1":[0.00124,0.00247,0.00765,0.0124,0.0171,0.0227],
    "Cr_1":[2.1e-05,0.000102,8.58e-05,0.000113,4.88e-05,7.65e-05],
    "Cr_2":[0.00088,0.00162,0.00195,0.00284,0.00231,0.00379],
    "Cr_3":[6.11e-05,0.000173,0.000199,0.000245,0.000187,0.000294],
    "Cr_4":[2.24e-06,3.16e-06,6.53e-06,1.05e-05,1.62e-05,1.98e-05],
    "Mn_1":[0.000293,0.000953,0.0011,0.00125,0.000831,0.00142],
    "V_1":[1.14e-08,2.07e-08,5.64e-08,9.61e-08,1.08e-07,1.85e-07],
    "V_2":[7.4e-06,2.18e-05,2.46e-05,2.89e-05,1.92e-05,3.1e-05],
    "Al_1":[0.00179,0.00357,0.00875,0.0136,0.0275,0.0305],
    "Ti_1":[3.94e-06,1.59e-05,9.3e-06,4.01e-05,1.29e-05,2.07e-05],
    "Ti_2":[2.28e-06,1.62e-06,2.17e-06,3.12e-06,4.77e-06,5.76e-06],
    "Ti_3":[0.000233,0.000151,0.000153,0.000181,0.000225,0.000222],
    "Ti_4":[3.44e-06,8.2e-06,9.86e-06,1.31e-05,1.19e-05,1.8e-05],
    "Ti_5":[7.34e-07,9.99e-07,2.11e-06,3.82e-06,6.68e-06,9.02e-06],
    "S_1":[0.0215,0.0513,0.0663,0.122,0.0612,0.121],
    "S_2":[0.000106,0.000183,0.000298,0.000434,0.000317,0.000504],
    "S_3":[0.00097,0.00139,0.00238,0.00229,0.00198,0.00314],
    "S_4":[5.62e-07,7.82e-07,1.32e-06,1.7e-06,2.33e-06,2.28e-06],
    "Ca_1":[0.00338,0.00815,0.00927,0.019,0.01,0.019],
    "Ca_2":[6.18e-06,2.1e-05,2.05e-05,7.3e-05,3.47e-05,5.09e-05],
    "Ca_3":[1.18e-06,1.16e-06,2.94e-06,5.53e-06,9.31e-06,1.12e-05],
    "Ca_4":[9.26e-05,4.23e-05,3.76e-05,3.73e-05,7.76e-05,5.38e-05],
    "Ca_5":[1.82e-08,3.11e-08,3.38e-08,1.23e-07,7.81e-08,1.17e-07],
    "Ca_6":[4.81e-07,5.57e-07,7.47e-07,9.3e-07,1.13e-06,1.3e-06],
    "F_1":[1.14e-06,1.29e-06,2.74e-06,4.98e-06,6.12e-06,8.96e-06],
    "Ne_1":[0.0819,0.168,0.479,0.678,1.36,1.34],
    "Ne_2":[3.92e-05,7.41e-05,0.000204,0.00036,0.000422,0.000521],
    "Ne_3":[0.00292,0.00437,0.0117,0.0168,0.0204,0.0228],
    "P_1":[0.000289,0.000444,0.000765,0.000769,0.00103,0.00115],
    "Si_1":[0.0526,0.105,0.162,0.224,0.151,0.256],
    "Si_2":[0.000892,0.00138,0.00242,0.00226,0.00355,0.00351],
    "Si_3":[0.001,0.00145,0.00264,0.00208,0.00362,0.00342]
}