{
    "Mass" : [140,150,158,168,177,186,195,205,214,223,232,242,251,260],
    "Sc_1":[1.4e-11,2.5e-06,2.9e-06,3.03e-06,3.2e-06,3.36e-06,3.48e-06,3.57e-06,3.59e-06,3.59e-06,3.57e-06,3.51e-06,3.42e-06,3.33e-06],
    "Fe_1":[3.37e-15,0.0246,0.0449,0.0406,0.0494,0.0644,0.0879,0.13,0.142,0.141,0.138,0.131,0.124,0.118],
    "Fe_2":[1.31e-13,0.0117,0.102,0.129,0.407,1.31,2.98,5.82,9.55,14.2,19.0,24.6,31.7,39.6],
    "Fe_3":[2.8e-14,0.00024,0.00108,0.00121,0.00263,0.00637,0.0133,0.0277,0.0697,0.141,0.226,0.339,0.504,0.716],
    "Fe_4":[5.78e-14,1.08e-08,1.12e-08,9.34e-09,8.04e-09,7.18e-09,6.47e-09,6.05e-09,5.35e-09,4.41e-09,3.72e-09,2.94e-09,2.32e-09,1.88e-09],
    "Co_1":[1.56e-14,3.67e-06,4.09e-06,4.34e-06,4.6e-06,5.05e-06,5.59e-06,1.31e-05,0.000667,0.00228,0.00447,0.00762,0.0125,0.0193],
    "Ni_1":[6.4e-17,0.00134,0.00248,0.00246,0.00336,0.00511,0.00824,0.0184,0.0866,0.207,0.359,0.577,0.93,1.47],
    "Ni_2":[1.58e-14,7.16e-06,7.18e-06,6.73e-06,6.24e-06,5.94e-06,5.55e-06,3.69e-05,0.00903,0.0367,0.0761,0.132,0.213,0.313],
    "Ni_3":[4.68e-15,8.05e-10,8.87e-10,9.11e-10,9.4e-10,9.9e-10,1.04e-09,1.91e-06,0.000542,0.00222,0.0046,0.00799,0.0129,0.0192],
    "Ni_4":[2.05e-14,1.47e-10,2.18e-10,1.97e-10,2.45e-10,3.62e-10,6.33e-10,7.97e-06,0.00265,0.0115,0.0251,0.0459,0.0804,0.133],
    "K_1":[1.33e-07,0.00116,0.00118,0.000969,0.000802,0.000639,0.000504,0.00039,0.000304,0.000239,0.0002,0.000178,0.000176,0.000205],
    "K_2":[2.51e-10,3.49e-08,3.02e-08,2.19e-08,1.69e-08,1.28e-08,9.67e-09,7.29e-09,5.46e-09,4.05e-09,3.17e-09,2.54e-09,2.27e-09,2.6e-09],
    "K_3":[2.45e-10,0.000124,0.000139,0.000145,0.000148,0.000148,0.000147,0.000144,0.000139,0.000133,0.000128,0.000122,0.000114,0.000106],
    "Cl_1":[5.56e-05,0.000916,0.000915,0.000754,0.000623,0.000497,0.000394,0.000309,0.000247,0.000197,0.000168,0.000148,0.000141,0.000155],
    "Cl_2":[1.05e-07,0.000559,0.000641,0.000669,0.000685,0.00069,0.000686,0.000676,0.000655,0.000632,0.000608,0.000578,0.000536,0.000491],
    "Mg_1":[1.53,3.02,3.49,3.67,3.97,4.24,4.38,4.41,4.4,4.31,4.5,4.55,4.42,4.38],
    "Mg_2":[0.00378,0.00108,0.00307,0.00223,0.00336,0.00415,0.0047,0.00427,0.00457,0.00455,0.00404,0.00376,0.00339,0.00356],
    "Zn_1":[1.39e-15,1.68e-11,1.93e-11,2.32e-11,2.58e-11,2.74e-11,2.86e-11,4.22e-09,8.97e-06,5.11e-05,0.000121,0.000229,0.000393,0.0006],
    "Zn_2":[3.22e-15,8.57e-15,1.08e-14,2.28e-14,2.23e-14,1.71e-14,8.52e-15,5.5e-09,1.4e-05,8.43e-05,0.000207,0.000409,0.000752,0.00128],
    "Zn_3":[6.27e-16,4.18e-16,4.13e-16,4.69e-16,3.13e-16,4.92e-16,6.63e-17,3.86e-12,1.13e-08,7.11e-08,1.8e-07,3.63e-07,6.85e-07,1.2e-06],
    "Zn_4":[3.58e-15,1.85e-15,1.8e-15,2.02e-15,1.26e-15,2.18e-15,2.72e-16,9.36e-13,3.31e-09,2.3e-08,6.12e-08,1.29e-07,2.58e-07,4.82e-07],
    "Ar_1":[1.3e-05,0.304,0.517,0.597,0.808,1.07,1.32,1.54,1.72,1.85,1.94,1.99,1.99,1.93],
    "Ar_2":[4.89e-07,0.00626,0.00528,0.00339,0.00223,0.00141,0.000896,0.000557,0.000356,0.000222,0.000148,9.78e-05,7.17e-05,7.25e-05],
    "O_1":[49.2,45.8,44.4,46.8,46.6,45.9,45.2,43.9,42.7,41.1,39.8,38.1,35.9,33.4],
    "O_2":[4.27e-06,9.85e-07,7.76e-07,7.47e-07,6.6e-07,5.93e-07,5.38e-07,5.09e-07,4.73e-07,4.45e-07,4.13e-07,3.74e-07,3.26e-07,2.86e-07],
    "O_3":[2.81e-06,9.94e-07,8.5e-07,8.15e-07,7.94e-07,7.84e-07,7.63e-07,8.1e-07,7.99e-07,8.23e-07,8.35e-07,8.5e-07,8.89e-07,8.47e-07],
    "N_1":[7.84e-05,5.04e-05,4.31e-05,4.15e-05,3.78e-05,3.46e-05,3.23e-05,3.1e-05,2.92e-05,2.75e-05,2.42e-05,1.95e-05,1.41e-05,1.1e-05],
    "N_2":[7.27e-07,7.03e-06,6.69e-06,6.69e-06,6.57e-06,6.45e-06,6.41e-06,6.43e-06,6.51e-06,6.76e-06,6.99e-06,7.19e-06,7.03e-06,6.65e-06],
    "C_1":[6.89,4.54,4.32,4.33,4.28,4.21,4.13,4.01,3.85,3.74,3.73,3.71,3.61,3.49],
    "C_2":[2.33e-07,4.19e-07,7.44e-07,8.86e-07,8.48e-07,5.78e-07,3.59e-07,4.31e-07,2.3e-07,1.6e-07,1.64e-07,1.51e-07,1.38e-07,9.36e-08],
    "Na_1":[0.00913,0.00314,0.00295,0.00302,0.00296,0.00288,0.00282,0.00276,0.00269,0.00266,0.00268,0.00274,0.00281,0.00278],
    "Cr_1":[2.35e-13,0.000315,0.000465,0.000384,0.000399,0.000434,0.000487,0.000565,0.000568,0.000542,0.000515,0.000485,0.000451,0.00042],
    "Cr_2":[1.16e-12,0.000701,0.00616,0.00776,0.0224,0.0624,0.125,0.206,0.267,0.316,0.352,0.379,0.397,0.4],
    "Cr_3":[1.6e-13,0.000123,0.000575,0.000636,0.00132,0.00284,0.00514,0.00834,0.0104,0.0119,0.0129,0.0136,0.014,0.014],
    "Cr_4":[4.63e-13,1.9e-08,1.75e-08,1.13e-08,7.36e-09,5.23e-09,4.31e-09,4.19e-09,3.54e-09,2.84e-09,2.33e-09,1.91e-09,1.58e-09,1.31e-09],
    "Mn_1":[8.31e-14,0.000702,0.00275,0.00291,0.00543,0.0111,0.0202,0.0349,0.0426,0.0463,0.0482,0.0485,0.0485,0.0475],
    "V_1":[1.1e-12,1.74e-05,6.49e-05,6.54e-05,0.000111,0.000192,0.000295,0.000417,0.000476,0.000504,0.000515,0.000516,0.000509,0.000495],
    "Al_1":[0.00371,0.00174,0.00169,0.00173,0.00179,0.00192,0.00206,0.00192,0.00205,0.00191,0.00194,0.00186,0.00172,0.00173],
    "Ti_1":[2.29e-11,7.36e-05,6.75e-05,4.68e-05,3.39e-05,2.49e-05,1.86e-05,1.41e-05,1.1e-05,8.54e-06,6.86e-06,5.36e-06,4.01e-06,3.03e-06],
    "Ti_2":[5.08e-12,3.02e-07,3.99e-07,3.24e-07,4e-07,5.35e-07,6.61e-07,7.77e-07,8.66e-07,1.24e-06,2.05e-06,3.56e-06,6.27e-06,1.06e-05],
    "Ti_3":[6.41e-12,5.48e-05,0.00045,0.000571,0.00146,0.00345,0.00606,0.00904,0.0114,0.0135,0.0152,0.0169,0.0185,0.02],
    "Ti_4":[5.16e-12,7.62e-06,3.05e-05,3.37e-05,6.25e-05,0.000115,0.00018,0.000254,0.000305,0.000344,0.000371,0.00039,0.000401,0.0004],
    "S_1":[0.00095,2.43,4.12,4.7,6.08,7.58,8.85,9.97,10.8,11.4,11.8,12.0,11.8,11.4],
    "S_2":[3.84e-05,0.00307,0.0035,0.00364,0.00373,0.00375,0.00374,0.00368,0.00359,0.00347,0.00334,0.00318,0.00296,0.00271],
    "S_3":[0.000206,0.00636,0.00457,0.00294,0.00193,0.00122,0.000783,0.000498,0.000328,0.000212,0.000149,0.000108,8.83e-05,9.78e-05],
    "S_4":[1.12e-08,1.12e-08,7.86e-09,6.6e-09,5.53e-09,4.55e-09,3.82e-09,3.24e-09,2.73e-09,2.36e-09,2.05e-09,1.79e-09,1.59e-09,1.49e-09],
    "Ca_1":[1.46e-08,0.188,0.317,0.37,0.529,0.761,0.993,1.22,1.4,1.54,1.63,1.69,1.71,1.67],
    "Ca_2":[2.39e-10,0.000169,0.000139,8.72e-05,5.74e-05,3.67e-05,2.35e-05,1.5e-05,9.87e-06,6.42e-06,4.53e-06,3.39e-06,3.06e-06,3.79e-06],
    "Ca_3":[3.56e-11,5.74e-08,4.23e-08,2.73e-08,1.94e-08,1.37e-08,1e-08,7.48e-09,1.29e-08,8.33e-08,2.55e-07,5.85e-07,1.2e-06,2.19e-06],
    "Ca_4":[6.96e-11,3.82e-05,6.67e-05,7.81e-05,0.000122,0.000199,0.000285,0.000376,0.000458,0.000565,0.000705,0.000906,0.00121,0.00161],
    "F_1":[1.63e-08,1.41e-08,1.28e-08,1.23e-08,1.23e-08,1.42e-08,1.61e-08,1.69e-08,1.93e-08,2.03e-08,2.4e-08,2.63e-08,2.76e-08,2.58e-08],
    "Ne_1":[4.99,4.04,3.89,4.22,4.2,4.1,3.98,4.06,3.86,3.9,3.84,3.88,3.92,3.73],
    "Ne_2":[0.000504,6.53e-05,0.00021,0.000249,0.000299,0.000251,0.000182,0.000214,0.000142,0.000165,0.000145,0.000152,0.000168,0.000124],
    "Ne_3":[0.000186,2.01e-05,1.85e-05,1.97e-05,2.19e-05,2.27e-05,2.26e-05,2.37e-05,2.28e-05,2.46e-05,2.39e-05,2.41e-05,2.32e-05,2.02e-05],
    "Cu_1":[2.55e-15,3.92e-12,4.33e-12,4.78e-12,5.04e-12,5.55e-12,6.41e-12,2.9e-09,1.49e-06,7.14e-06,1.62e-05,3.04e-05,5.39e-05,8.93e-05],
    "Cu_2":[3.35e-15,8.19e-15,1.01e-14,1.75e-14,1.89e-14,1.8e-14,1.48e-14,3.06e-10,7.71e-07,4.47e-06,1.07e-05,2.04e-05,3.53e-05,5.5e-05],
    "P_1":[0.00271,0.0029,0.00216,0.00189,0.00164,0.00145,0.00136,0.00119,0.00123,0.00108,0.00117,0.00112,0.000953,0.00107],
    "Si_1":[0.0337,0.0177,0.0166,0.0159,0.0167,0.0172,0.0177,0.0163,0.0166,0.0155,0.015,0.0142,0.0129,0.0134],
    "Si_2":[0.315,7.97,12.2,13.6,16.5,19.2,21.4,23.1,24.5,25.2,25.7,25.7,25.1,24.2],
    "Si_3":[0.00196,0.0232,0.0225,0.0222,0.0214,0.0207,0.0205,0.0194,0.0194,0.0181,0.0178,0.0168,0.0152,0.0149],
    "Si_4":[0.00652,0.00274,0.00147,0.00133,0.00123,0.00123,0.00136,0.0012,0.00145,0.00135,0.00143,0.00137,0.00117,0.00135]
}