{    
    "Mass" : [13,15,18,20,25,30,40],
    "Sc_1":[7.29e-07,9.3e-07,1.26e-06,1.3e-06,2.8e-06,2.57e-06,6.15e-06],
    "Fe_1":[0.00192,0.00246,0.00249,0.00222,0.00384,0.00687,0.00642],
    "Fe_2":[0.0832,0.0851,0.0872,0.0887,0.0901,0.0918,0.0808],
    "Fe_3":[0.00222,0.00199,0.00267,0.00234,0.00187,0.00282,0.000975],
    "Fe_4":[0.000121,0.00011,0.000586,0.000496,0.000837,0.00239,0.00148],
    "Co_1":[0.000141,9e-05,0.000182,0.000292,0.000389,0.000539,0.000694],
    "Ni_1":[0.00223,0.00114,0.0027,0.00184,0.00156,0.00155,0.000883],
    "Ni_2":[0.00213,0.00187,0.00212,0.00249,0.00181,0.000612,0.0012],
    "Ni_3":[8.21e-05,0.000124,0.000104,0.000149,0.000216,0.00011,0.000391],
    "Ni_4":[0.000227,0.000164,0.000464,0.000386,0.000661,0.000222,0.00117],
    "Ni_5":[3.35e-05,1.72e-05,2.99e-05,0.000187,0.000616,7.11e-05,0.00222],
    "K_1":[5.02e-05,7e-05,7.67e-05,7.39e-05,8.83e-05,0.000129,0.000114],
    "K_2":[1.27242023447e-07,6.39192352161e-08,1.37182806529e-07,9.24492826609e-08,1.98815661636e-07,2.92259022605e-07,4.02601714813e-07],
    "K_3":[4.68e-06,5.85e-06,7.74e-06,9.03e-06,1.39e-05,1.97e-05,4.52e-05],
    "Cl_1":[0.000115,0.000137,0.000175,0.000125,0.000162,0.000233,0.000276],
    "Cl_2":[3.03e-05,2.49e-05,5.65e-05,8.42e-05,0.00017,0.000263,0.000564],
    "Mg_1":[0.0252,0.0379,0.103,0.0716,0.218,0.188,0.31],
    "Mg_2":[0.00256,0.00146,0.00708,0.0144,0.0313,0.0312,0.0728],
    "Mg_3":[0.0021813,0.00172763,0.0058969,0.008875,0.0272867,0.027939,0.0733664],
    "Ar_1":[0.00629,0.0049,0.00548,0.00466,0.00792,0.0181,0.0181],
    "Ar_2":[0.000686,0.000651,0.000783,0.000674,0.000898,0.00164,0.00165],
    "Ar_3":[8.96757976553e-07,1.05038076478e-06,1.30081719347e-06,1.41055071734e-06,2.68118433836e-06,7.41174097739e-06,5.67239828519e-06],
    "O_1":[0.218,0.162,0.77,1.05,2.35,3.22,7.33],
    "O_2":[0.000868,0.000812,0.000876,0.000951,0.00134,0.00169,0.000972],
    "O_3":[0.0035,0.00254,0.0117,0.00522,0.0843,0.00618,0.0123],
    "Na_1":[0.000925,0.00106,0.00293,0.0168,0.0186,0.0347,0.0776],
    "Cr_1":[2.23e-05,3.95e-05,3.68e-05,3.1e-05,5.22e-05,7.71e-05,9.21e-05],
    "Cr_2":[0.000648,0.00127,0.00128,0.00107,0.00204,0.00376,0.00378],
    "Cr_3":[6.24e-05,9.27e-05,9.62e-05,8.28e-05,0.000141,0.000274,0.000249],
    "Cr_4":[6.55e-06,6.8e-06,1.52e-05,1.66e-05,2.77e-05,5.12e-05,5.66e-05],
    "Mn_1":[0.000281,0.00038,0.000405,0.00036,0.00055,0.00104,0.000828],
    "V_1":[2.02999999995e-08,2.65999999994e-08,6.59999999984e-08,3.88999999991e-08,9.59999999977e-08,2.48999999994e-07,1.86999999996e-07],
    "V_2":[1.18e-05,9.95e-06,1.14e-05,1.33e-05,1.44e-05,2.5e-05,2.24e-05],
    "Al_1":[0.0015,0.00244,0.01,0.0099,0.027,0.0341,0.083],
    "Ti_1":[6.01e-06,8.64e-06,9.5e-06,8.53e-06,1.13e-05,1.86e-05,2.11e-05],
    "Ti_2":[4.41e-06,3.44e-06,5.34e-06,6.55e-06,5.59e-06,8.81e-06,6.75e-06],
    "Ti_3":[8.13e-05,0.000107,0.000132,0.000115,0.000153,0.000253,0.000244],
    "Ti_4":[4.74e-06,5.07e-06,6.11e-06,6.37e-06,1.1e-05,1.92e-05,2.42e-05],
    "Ti_5":[2.33e-06,2.41e-06,3.91e-06,5.82e-06,1.23e-05,9.91e-06,3.81e-05],
    "S_1":[0.0373,0.0347,0.0369,0.0281,0.0499,0.108,0.109],
    "S_2":[0.0002,0.000243,0.000351,0.000226,0.000325,0.000481,0.000481],
    "S_3":[0.00164,0.00153,0.00219,0.0017,0.00226,0.00376,0.00342],
    "S_4":[5.37e-06,2.54e-06,1.2e-05,9.19e-06,2.42e-05,5.09e-05,9.4e-05],
    "Ca_1":[0.00491999924202,0.00400999961924,0.00453999918281,0.00373999944928,0.00654999881566,0.015699998259,0.0155999976017],
    "Ca_2":[1.39e-05,1.75e-05,2.07e-05,1.74e-05,2.47e-05,4.15e-05,4.48e-05],
    "Ca_3":[1.36e-06,1.5e-06,2.12e-06,2.52e-06,3.42e-06,2.97e-06,4.93e-06],
    "Ca_4":[3.51e-05,3.55e-05,5.45e-05,5.79e-05,5.11e-05,4.04e-05,4.67e-05],
    "Ca_5":[2.12e-07,3.33e-07,7.83e-07,6.15e-07,1.18e-06,1.18e-06,2.86e-06],
    "Ca_6":[1.58e-06,1.86e-06,2.73e-06,2.35e-06,2.73e-06,1.42e-05,2.43e-06],
    "F_1":[1.42e-05,1.64e-05,4.47e-06,6.05e-05,0.000119,7.81e-06,5.26e-06],
    "Ne_1":[0.0347,0.0339,0.149,0.394,0.853,0.937,2.21],
    "Ne_2":[0.000225,0.00013,0.000202,0.00181,0.00159,0.00297,0.00497],
    "Ne_3":[0.00452,0.00172,0.00663,0.00904,0.0168,0.0186,0.0109],
    "P_1":[0.000375,0.000706,0.00174,0.000658,0.0015,0.00256,0.00352],
    "Si_1":[0.0748,0.0838,0.101,0.0632,0.128,0.24,0.241],
    "Si_2":[0.00149,0.0022,0.00696,0.00204,0.00706,0.00738,0.00999],
    "Si_3":[0.00155,0.00275,0.00682,0.00244,0.00619,0.0106,0.00976]
}