{
    "Mass" : [13,15,18,20,25,30,40],
    "Sc_1":[2.12e-08,4.03e-08,5.54e-08,2.55e-07,6.16e-07,1.51e-07,5.81e-07],
    "Fe_1":[0.000729,0.00124,0.0014,0.00142,0.00331,0.00409,0.0093],
    "Fe_2":[0.07,0.07,0.07,0.07,0.07,0.07,0.0702],
    "Fe_3":[0.000997,0.00114,0.000878,0.000867,0.000467,0.000483,0.000501],
    "Fe_4":[5.67e-11,1.76e-10,8.07e-10,1.05e-09,2.31e-09,2.26e-10,1.41e-08],
    "Co_1":[0.000176,0.000132,0.000161,0.00015,1.57e-05,2.47e-06,1.87e-06],
    "Ni_1":[0.000385,0.000414,0.000383,0.000378,0.000293,0.000382,0.000574],
    "Ni_2":[0.00212,0.00162,0.00157,0.00134,0.000148,3.6e-06,4.38e-06],
    "Ni_3":[3.61e-05,3.14e-05,2.12e-05,1.85e-05,5.77e-07,6.04e-09,1.32e-09],
    "Ni_4":[1.94e-05,1.51e-05,1.35e-05,1.19e-05,3.88e-07,1.64e-09,5.36e-10],
    "Ni_5":[3.83e-15,9.97e-14,1.09e-14,6.1e-14,3.27e-12,3.26e-14,7.71e-15],
    "K_1":[5.02e-06,7.86e-06,1.93e-05,4.4e-05,6.3e-05,1.3e-05,0.000118],
    "K_2":[1.13324927133e-09,9.04611260445e-10,1.94839348404e-09,1.29230180064e-08,7.99238959778e-09,9.88113838332e-10,1.03384144051e-08],
    "K_3":[3.54e-07,8.05e-07,1.72e-06,9.47e-06,2.08e-05,3.39e-06,2.8e-05],
    "Cl_1":[5.48e-05,1.46e-05,2.64e-05,6.88e-05,5.42e-05,2.3e-05,0.000216],
    "Cl_2":[3.04e-06,5.83e-06,9.12e-06,3.86e-05,6.11e-05,1.54e-05,9.66e-05],
    "Mg_1":[0.0862,0.0682,0.157,0.15,0.12,0.226,0.478],
    "Mg_2":[0.000156,0.000298,0.000583,0.000116,3.97e-05,0.000244,0.000428],
    "Mg_3":[7.1691e-05,0.00039911,0.00087633,0.000238498,5.085e-05,0.00013192,0.00012639],
    "Ar_1":[0.00324,0.00528,0.00567,0.00967,0.031,0.0196,0.0487],
    "Ar_2":[5.23e-05,6.23e-05,0.00017,0.000386,0.000359,3.48e-05,0.00111],
    "Ar_3":[8.68507286733e-11,2.3188739555e-11,5.12065159647e-11,1.82981993643e-10,6.53104022224e-11,1.05461616678e-11,1.90585594915e-10],
    "O_1":[0.45,0.773,1.38,2.11,2.79,4.81,8.38],
    "O_2":[1.69e-06,1.57e-06,2.79e-07,6.83e-08,1.49e-06,1.88e-08,1.42e-09],
    "O_3":[5.79e-08,4.89e-06,4.63e-06,2.52e-08,6.75e-07,2.06e-09,2.13e-07],
    "O_4":[1.17e-10,1.97e-09,7.91e-09,1.62e-09,1.71e-09,8.94e-10,2.38e-10],
    "Na_1":[0.000144,0.00245,0.00208,0.0029,0.00103,0.00142,0.000184],
    "Cr_1":[1.04e-05,1.55e-05,2.64e-05,2.22e-05,4.88e-05,3.82e-05,0.000178],
    "Cr_2":[0.00088,0.00109,0.00113,0.00136,0.00277,0.00312,0.00395],
    "Cr_3":[4.96e-05,6.76e-05,6.43e-05,8.28e-05,0.00015,0.000182,0.000261],
    "Cr_4":[2.35e-10,4.13e-10,3.25e-09,3.18e-09,9.32e-09,1.72e-10,8.59e-08],
    "Mn_1":[0.000133,0.000185,0.000174,0.000226,0.00043,0.000516,0.000715],
    "V_1":[1.34999999997e-11,1.04999999997e-11,4.59999999989e-11,1.35999999997e-10,1.16999999997e-10,2.63999999994e-12,6.52999999984e-10],
    "V_2":[1.65e-05,1.08e-05,1.24e-05,1.1e-05,9.01e-06,1.06e-05,1.76e-05],
    "Al_1":[0.00378,0.00137,0.00314,0.00137,0.000808,0.00263,0.0147],
    "Ti_1":[6.28e-06,2.71e-06,4.06e-06,5.98e-06,3.18e-06,5.28e-07,1.08e-05],
    "Ti_2":[8.76e-06,3.86e-06,5.3e-06,4.26e-06,5.9e-08,3.8e-08,9.3e-08],
    "Ti_3":[6.34e-05,8.39e-05,7.65e-05,8.86e-05,0.000155,0.00018,0.000245],
    "Ti_4":[2.27e-06,3.32e-06,3e-06,3.94e-06,7.04e-06,8.84e-06,1.2e-05],
    "Ti_5":[1.18e-12,9.55e-13,1.72e-12,1.83e-12,2.24e-12,4.59e-14,9.41e-12],
    "S_1":[0.0237,0.032,0.0407,0.0531,0.185,0.116,0.373],
    "S_2":[8.98e-05,7.55e-05,0.000103,0.000198,0.000274,0.000165,0.00081],
    "S_3":[0.000279,0.000202,0.000285,0.00049,0.000424,8.42e-05,0.00159],
    "S_4":[1.48e-08,1.43e-09,5.34e-09,2.56e-09,3.41e-10,7.04e-10,3.19e-08],
    "Ca_1":[0.00291999999325,0.00440999999461,0.00439999998839,0.00621999992302,0.0247999999524,0.0173999999941,0.0372999999384],
    "Ca_2":[9.77e-07,1.23e-06,3.62e-06,1.28e-05,7.46e-06,8.62e-07,2.17e-05],
    "Ca_3":[6.46e-08,4.93e-08,3.39e-08,7.43e-08,1.58e-08,1.93e-09,9.65e-09],
    "Ca_4":[1.68e-05,2.21e-05,1.45e-05,1.45e-05,9.79e-06,5.44e-06,8.71e-06],
    "Ca_5":[1.07e-12,1.76e-12,9.27e-12,1.3e-10,2.78e-11,6.05e-13,5.2e-12],
    "Ca_6":[1.55e-17,4.21e-14,4.12e-16,4.4e-16,1.26e-11,3.55e-16,1.3e-17],
    "F_1":[1.17e-10,1.97e-09,7.91e-09,1.62e-09,1.71e-09,8.94e-10,2.38e-10],
    "Ne_1":[0.0153,0.327,0.494,0.912,0.533,0.851,0.307],
    "Ne_2":[5.42e-07,3.76e-05,9.12e-05,4.3e-05,1.33e-05,5.51e-05,1.08e-05],
    "Ne_3":[1.98e-07,1.61e-05,2.57e-05,6.92e-05,2.02e-05,8.57e-05,6.75e-06],
    "P_1":[0.000488,5.63e-05,0.000132,8.01e-05,8.47e-05,0.000117,0.0016],
    "Si_1":[0.0804,0.0732,0.116,0.0994,0.351,0.248,1.02],
    "Si_2":[0.00075,0.000239,0.000442,0.000182,0.000271,0.000588,0.0026],
    "Si_3":[0.00142,0.000149,0.000345,0.00011,7.54e-05,0.000255,0.00406]
}