{
    "Mass" : [13,15,18,20,25,30,40],
    "Sc_1":[2.52e-07,5.08e-08,3.55e-07,2.16e-07,3.24e-07,4.22e-07,9.92e-07],
    "Fe_1":[0.00153,0.000707,0.00206,0.00237,0.00225,0.00331,0.0104],
    "Fe_2":[0.0726,0.0708,0.0711,0.0709,0.0711,0.0712,0.0715],
    "Fe_3":[0.00141,0.00175,0.00127,0.000721,0.00053,0.000583,0.000575],
    "Fe_4":[5.68e-05,1.31e-05,1.55e-05,4.99e-05,7.78e-05,9.28e-05,0.000102],
    "Co_1":[8.91e-05,0.000232,6.3e-05,6.21e-05,3.42e-05,5.39e-05,4.42e-05],
    "Ni_1":[0.000509,0.000911,0.00176,0.000354,0.000251,0.000379,0.00078],
    "Ni_2":[0.00162,0.00257,0.00117,0.000295,6.57e-05,0.000194,0.000101],
    "Ni_3":[5.05e-05,6.92e-05,4.63e-05,1.22e-05,1.57e-05,2.1e-05,2.06e-05],
    "Ni_4":[0.000101,0.000187,0.000297,2.53e-05,3.71e-05,5.15e-05,7.6e-05],
    "Ni_5":[1.62e-05,1.83e-06,2.3e-06,2.37e-05,4.32e-05,6.46e-05,7.83e-05],
    "K_1":[2.51e-05,4.15e-06,5.69e-05,1.39e-05,1.52e-05,2.37e-05,0.000111],
    "K_2":[2.64424829976e-08,1.93845270095e-09,3.89678696807e-08,7.52517279293e-09,9.85131603408e-09,9.4536847108e-09,2.36590637347e-08],
    "K_3":[2.41e-06,3.13e-07,1.09e-05,2.07e-06,2.22e-06,3.98e-06,1.52e-05],
    "Cl_1":[8.16e-05,8.1e-06,8.16e-05,2.33e-05,2.1e-05,3.35e-05,0.000352],
    "Cl_2":[1.44e-05,2.63e-06,4.13e-05,1.02e-05,1.29e-05,1.92e-05,6.31e-05],
    "Mg_1":[0.0636,0.0637,0.0593,0.242,0.179,0.286,0.704],
    "Mg_2":[0.0014,0.00088,0.000946,0.0024,0.00174,0.00355,0.00221],
    "Mg_3":[0.0008341,0.00114183,0.00092711,0.00243357,0.00199278,0.00426766,0.001105],
    "Ar_1":[0.00569,0.00246,0.0122,0.0101,0.00929,0.0135,0.0456],
    "Ar_2":[0.000268,2.26e-05,0.000412,0.000107,8.25e-05,0.000163,0.000837],
    "Ar_3":[1.76157517e-07,4.90115473e-08,1.0323213e-07,5.43448272e-08,9.8158684e-08,1.1805632e-07,6.84409362653e-08],
    "O_1":[0.504,0.294,0.422,2.18,3.82,5.33,8.37],
    "O_2":[6.96e-05,2.56e-05,2.42e-05,2.18e-05,2.79e-05,4.87e-05,2.86e-05],
    "O_3":[0.00181,0.000366,0.000306,8.09e-06,7.05e-05,2.69e-05,2.63e-05],
    "Na_1":[0.000541,0.00196,0.00209,0.00181,0.00809,0.00686,0.0009],
    "Cr_1":[2.1e-05,1.33e-05,2.99e-05,2.37e-05,2.75e-05,3.51e-05,0.000135],
    "Cr_2":[0.0012,0.000303,0.00152,0.00222,0.00218,0.00292,0.00394],
    "Cr_3":[7.43e-05,2.82e-05,9.06e-05,0.000137,0.000111,0.000177,0.000256],
    "Cr_4":[1.87e-06,4.8e-07,5.96e-07,1.41e-06,2.18e-06,2.74e-06,2.84e-06],
    "Mn_1":[0.000227,8.01e-05,0.000281,0.00038,0.000299,0.000501,0.000786],
    "V_1":[1.09999999997e-08,1.11999999997e-09,1.80999999996e-09,8.4899999998e-09,1.30999999997e-08,2.05999999995e-08,9.24999999978e-08],
    "V_2":[8.95e-06,1.62e-05,7.56e-06,8.23e-06,7.52e-06,9.95e-06,1.94e-05],
    "Al_1":[0.00357,0.00235,0.00231,0.00698,0.00505,0.00873,0.0301],
    "Ti_1":[3.98e-06,1.24e-05,5.11e-06,1.36e-06,1.31e-06,2.15e-06,9.99e-06],
    "Ti_2":[2.55e-06,1.28e-05,1.5e-06,4.3e-07,3.36e-07,4.5e-07,6.35e-07],
    "Ti_3":[9.68e-05,5.19e-05,9.98e-05,0.000137,0.000117,0.000167,0.000253],
    "Ti_4":[3.85e-06,1.94e-06,4.13e-06,6.78e-06,5.68e-06,8.43e-06,1.4e-05],
    "Ti_5":[6.32e-07,1.62e-07,1.86e-07,5.05e-07,8.49e-07,1.14e-06,1.16e-06],
    "S_1":[0.037,0.0164,0.0788,0.0562,0.0551,0.078,0.329],
    "S_2":[0.000196,4.76e-05,0.000301,9.9e-05,8.12e-05,0.000139,0.000837],
    "S_3":[0.000922,0.000239,0.000637,0.00031,0.000179,0.000368,0.00212],
    "S_4":[7.49e-07,1.55e-07,3.2e-07,4.05e-07,6.53e-07,9.04e-07,5.56e-07],
    "Ca_1":[0.00472999984248,0.00172999998845,0.00805999976787,0.00919999995517,0.00793999994132,0.0116999999437,0.0365999998591],
    "Ca_2":[6.62e-06,4.05e-07,1.35e-05,2.79e-06,2.49e-06,4.64e-06,2.29e-05],
    "Ca_3":[4.15e-07,3.35e-07,2.45e-07,1.91e-07,2.9e-07,3.55e-07,2.81e-07],
    "Ca_4":[2.48e-05,2.07e-05,1.87e-05,4.88e-06,7.96e-06,6.44e-06,1.1e-05],
    "Ca_5":[6.65e-08,1.41e-08,2.55e-08,3.35e-08,3.02e-08,7.09e-08,1.22e-07],
    "Ca_6":[3.16e-07,9.66e-08,1.22e-07,1.25e-07,1.57e-07,1.86e-07,2.17e-07],
    "F_1":[3.07e-06,1.98e-07,3.32e-07,2.8e-06,6.12e-07,2.39e-06,4.47e-06],
    "Ne_1":[0.066,0.19,0.177,0.627,1.22,1.45,0.287],
    "Ne_2":[0.000185,6.75e-05,8.76e-05,0.000137,0.000509,0.000611,0.000111],
    "Ne_3":[0.00133,0.000274,0.000475,0.00117,0.00147,0.00156,0.000876],
    "P_1":[0.000531,8.12e-05,0.000187,0.000197,0.000107,0.000204,0.00348],
    "Si_1":[0.0899,0.0429,0.153,0.128,0.12,0.165,0.881],
    "Si_2":[0.00142,0.000382,0.000601,0.00111,0.00044,0.00103,0.00604],
    "Si_3":[0.00185,0.000425,0.000534,0.000776,0.000275,0.000709,0.0101]
}