{
    "Mass": [13,15,18,20,25,30,40],
    "Sc_1":[2.5212e-07,5.0827e-08,3.5452e-07,2.1587e-07,3.2358e-07,4.2241e-07,9.919e-07],
    "Fe_1":[0.0015337,0.00070682,0.0020642,0.0023685,0.0022514,0.003308,0.010442],
    "Fe_2":[0.072578,0.070785,0.071062,0.07091,0.071068,0.071233,0.071511],
    "Fe_3":[0.0014145,0.0017489,0.001266,0.00072062,0.00052986,0.00058265,0.00057519],
    "Fe_4":[5.6809e-05,1.3089e-05,1.5476e-05,4.9918e-05,7.7769e-05,9.2815e-05,0.00010205],
    "Co_1":[8.9124e-05,0.00023157,6.2956e-05,6.2074e-05,3.4227e-05,5.3858e-05,4.4209e-05],
    "Ni_1":[0.00050942,0.0009106,0.0017599,0.00035428,0.00025119,0.00037871,0.00078037],
    "Ni_2":[0.0016206,0.0025697,0.0011697,0.00029539,6.5735e-05,0.00019408,0.00010142],
    "Ni_3":[5.0526e-05,6.9153e-05,4.6303e-05,1.2183e-05,1.5735e-05,2.1037e-05,2.0563e-05],
    "Ni_4":[0.00010137,0.00018724,0.00029715,2.535e-05,3.7065e-05,5.1517e-05,7.6012e-05],
    "Ni_5":[1.6182e-05,1.8316e-06,2.2984e-06,2.3731e-05,4.3169e-05,6.463e-05,7.8322e-05],
    "K_1":[2.5063e-05,4.1459e-06,5.6941e-05,1.3875e-05,1.525e-05,2.371e-05,0.00011145],
    "K_2":[2.6561e-08,1.9509e-09,3.9175e-08,7.5734e-09,9.9114e-09,9.5109e-09,2.3786e-08],
    "K_3":[2.412e-06,3.1336e-07,1.0917e-05,2.0743e-06,2.2197e-06,3.9782e-06,1.518e-05],
    "Cl_1":[8.1597e-05,8.0954e-06,8.1597e-05,2.3322e-05,2.1004e-05,3.3473e-05,0.00035213],
    "Cl_2":[1.4427e-05,2.6301e-06,4.1278e-05,1.0203e-05,1.2899e-05,1.922e-05,6.306e-05],
    "Mg_1":[0.063613,0.063706,0.059338,0.24226,0.17856,0.28597,0.70438],
    "Mg_2":[0.0013963,0.00088009,0.00094621,0.0024023,0.0017443,0.003547,0.0022102],
    "Mg_3":[0.00083432,0.001137,0.00092689,0.0024373,0.0019894,0.004267,0.0011079],
    "Zn_1":[7.1535e-05,6.4965e-05,5.3205e-05,1.1723e-05,9.027e-06,1.6114e-05,1.2926e-05],
    "Zn_2":[9.8888e-06,3.9577e-06,7.7278e-06,1.1202e-05,1.9287e-05,3.0908e-05,4.7776e-05],
    "Zn_3":[1.0434e-06,1.4075e-07,1.8734e-07,2.0393e-06,3.8634e-06,6.0587e-06,4.1814e-06],
    "Zn_4":[6.8734e-06,5.8206e-07,7.8627e-07,9.8618e-06,1.8589e-05,3.1521e-05,4.626e-05],
    "Zn_5":[2.2917e-07,1.0498e-08,1.7465e-08,2.8579e-08,2.3539e-08,7.3719e-08,1.3895e-07],
    "Ar_1":[0.005691,0.002463,0.012228,0.010085,0.0092855,0.013471,0.045611],
    "Ar_2":[0.00026751,2.2621e-05,0.00041204,0.00010717,8.2509e-05,0.00016337,0.00083655],
    "Ar_3":[1.7569e-07,4.9003e-08,1.0303e-07,5.4296e-08,9.8074e-08,1.1846e-07,6.8337e-08],
    "O_1":[0.50443,0.29364,0.42213,2.1827,3.8181,5.3282,8.3728],
    "O_2":[6.9636e-05,2.5566e-05,2.4203e-05,2.1769e-05,2.7866e-05,4.8699e-05,2.8616e-05],
    "O_3":[0.0018065,0.00036625,0.00030594,8.0941e-06,7.0493e-05,2.6938e-05,2.6268e-05],
    "N_1":[0.0090697,0.0035754,0.0044698,0.012859,0.0091979,0.0061925,0.0086877],
    "N_2":[7.5675e-06,8.5921e-07,9.2062e-07,1.3672e-06,7.2367e-06,3.7879e-07,2.445e-06],
    "C_1":[0.10722,0.084961,0.12947,0.12815,0.21518,0.12051,0.073666],
    "C_2":[0.00016735,5.378e-05,7.1972e-05,1.9596e-05,9.814e-05,8.198e-05,0.00028161],
    "Na_1":[0.00054122,0.0019555,0.0020861,0.0018058,0.0080858,0.0068595,0.00090012],
    "Cr_1":[2.1041e-05,1.3259e-05,2.987e-05,2.3734e-05,2.7481e-05,3.5119e-05,0.0001349],
    "Cr_2":[0.0012042,0.00030332,0.0015189,0.0022215,0.0021834,0.0029214,0.0039405],
    "Cr_3":[7.4258e-05,2.8151e-05,9.0646e-05,0.00013714,0.00011144,0.00017683,0.00025623],
    "Cr_4":[1.8694e-06,4.8011e-07,5.9602e-07,1.406e-06,2.1849e-06,2.7431e-06,2.8417e-06],
    "Mn_1":[0.00022703,8.0053e-05,0.00028117,0.0003798,0.00029856,0.00050068,0.00078619],
    "V_1":[1.101e-08,1.1235e-09,1.8131e-09,8.4867e-09,1.3056e-08,2.058e-08,9.2455e-08],
    "V_2":[8.9539e-06,1.6157e-05,7.5635e-06,8.2299e-06,7.5168e-06,9.9461e-06,1.937e-05],
    "Al_1":[0.0035675,0.0023484,0.0023072,0.0069768,0.0050466,0.0087276,0.030107],
    "Ti_1":[3.9849e-06,1.2382e-05,5.1095e-06,1.3591e-06,1.3103e-06,2.1456e-06,9.9919e-06],
    "Ti_2":[2.5538e-06,1.2771e-05,1.5028e-06,4.3037e-07,3.357e-07,4.4994e-07,6.3478e-07],
    "Ti_3":[9.6752e-05,5.1876e-05,9.9791e-05,0.00013666,0.00011679,0.00016663,0.00025319],
    "Ti_4":[3.8461e-06,1.9399e-06,4.1325e-06,6.783e-06,5.6824e-06,8.4275e-06,1.3963e-05],
    "Ti_5":[6.3218e-07,1.6193e-07,1.8586e-07,5.0465e-07,8.4908e-07,1.1385e-06,1.1624e-06],
    "S_1":[0.037019,0.016392,0.078821,0.056178,0.05512,0.07804,0.32856],
    "S_2":[0.00019581,4.7562e-05,0.00030132,9.9047e-05,8.1244e-05,0.00013857,0.00083659],
    "S_3":[0.00092205,0.00023903,0.00063733,0.00031025,0.00017902,0.00036837,0.0021196],
    "S_4":[7.4891e-07,1.5528e-07,3.1978e-07,4.048e-07,6.5329e-07,9.0396e-07,5.5573e-07],
    "Ca_1":[0.0047289,0.0017253,0.0080609,0.0092003,0.0079371,0.011738,0.036602],
    "Ca_2":[6.6225e-06,4.0538e-07,1.3498e-05,2.794e-06,2.4872e-06,4.6351e-06,2.2935e-05],
    "Ca_3":[4.1509e-07,3.3544e-07,2.446e-07,1.9073e-07,2.896e-07,3.5545e-07,2.8135e-07],
    "Ca_4":[2.4804e-05,2.0712e-05,1.8686e-05,4.8802e-06,7.9608e-06,6.4424e-06,1.1032e-05],
    "Ca_5":[6.6535e-08,1.4112e-08,2.5456e-08,3.3494e-08,3.0178e-08,7.095e-08,1.2231e-07],
    "Ca_6":[3.1643e-07,9.6642e-08,1.2204e-07,1.2455e-07,1.5653e-07,1.8587e-07,2.17e-07],
    "F_1":[3.071e-06,1.9766e-07,3.3229e-07,2.8049e-06,6.1243e-07,2.3862e-06,4.4734e-06],
    "Ne_1":[0.065991,0.19009,0.17674,0.62664,1.2215,1.4498,0.28713],
    "Ne_2":[0.00018507,6.7457e-05,8.7559e-05,0.00013669,0.00050886,0.00061054,0.00011117],
    "Ne_3":[0.0013332,0.00027414,0.00047516,0.0011747,0.0014743,0.001561,0.00087605],
    "Cu_1":[8.0477e-06,5.4686e-06,2.784e-06,9.6435e-06,1.4375e-05,1.9668e-05,1.4017e-05],
    "Cu_2":[4.8548e-06,8.8543e-07,1.137e-06,8.0542e-06,1.4946e-05,2.2326e-05,2.902e-05],
    "P_1":[0.00053132,8.1204e-05,0.00018669,0.00019676,0.00010698,0.00020406,0.0034761],
    "Si_1":[0.089905,0.042865,0.15326,0.12812,0.12002,0.16471,0.88138],
    "Si_2":[0.0014192,0.00038182,0.00060089,0.0011068,0.00044026,0.0010291,0.0060439],
    "Si_3":[0.0018469,0.00042538,0.0005339,0.00077643,0.00027494,0.00070889,0.010138]
}