{
    "Mass": [13,15,18,20,25,30,40],
    "Sc_1":[2.1635e-07,2.4785e-07,4.3806e-07,3.6083e-07,5.3006e-07,1.0941e-06,1.6409e-06],
    "Fe_1":[0.0012431,0.0012282,0.0050441,0.0023696,0.0014097,0.0070891,0.0093864],
    "Fe_2":[0.07259,0.072992,0.073212,0.073967,0.074673,0.074551,0.074739],
    "Fe_3":[0.0010491,0.0011329,0.00062693,0.0012223,0.0010524,0.00071465,0.00073091],
    "Fe_4":[4.7741e-05,4.892e-05,7.5176e-05,9.171e-05,0.00018475,0.00028943,0.00043378],
    "Co_1":[0.00019602,0.00013089,3.5785e-05,6.2066e-05,0.000217,0.00012847,0.00019101],
    "Ni_1":[0.00051384,0.00046418,0.0005504,0.00049306,0.00054424,0.00071372,0.00082659],
    "Ni_2":[0.0018008,0.0016718,0.00010254,0.0012861,0.0018011,0.00026327,0.00038039],
    "Ni_3":[4.2525e-05,4.987e-05,1.4814e-05,5.6735e-05,6.0856e-05,5.5534e-05,9.7987e-05],
    "Ni_4":[3.545e-05,2.3994e-05,5.3271e-05,9.0867e-05,0.00010882,0.00017479,0.00030107],
    "Ni_5":[1.0908e-05,3.6215e-06,4.1837e-05,2.7936e-05,9.8755e-05,0.00019461,0.00042529],
    "K_1":[1.7814e-05,3.1993e-05,4.1646e-05,3.121e-05,2.6353e-05,0.00010236,9.9326e-05],
    "K_2":[7.7846e-09,9.1302e-09,1.4941e-08,1.8501e-08,3.3426e-08,7.9115e-08,7.4111e-08],
    "K_3":[1.8726e-06,2.4603e-06,5.2742e-06,3.1343e-06,3.4313e-06,1.2954e-05,1.3488e-05],
    "Cl_1":[2.6568e-05,5.2073e-05,5.8721e-05,5.4581e-05,5.3003e-05,0.00012301,0.00015606],
    "Cl_2":[1.0145e-05,1.6508e-05,2.5166e-05,2.0497e-05,3.0298e-05,7.7913e-05,0.00011322],
    "Mg_1":[0.043808,0.074567,0.11214,0.096538,0.23285,0.21815,0.379],
    "Mg_2":[0.0013777,0.0019456,0.0027983,0.0021999,0.0060388,0.0070863,0.011984],
    "Mg_3":[0.0012428,0.0019316,0.0013969,0.0018844,0.0067117,0.0070831,0.013344],
    "Zn_1":[0.00011375,0.00011598,7.1861e-06,6.0409e-05,0.00012858,2.9798e-05,5.8036e-05],
    "Zn_2":[6.724e-06,4.6553e-06,2.3479e-05,1.7109e-05,4.5833e-05,0.00010605,0.0002181],
    "Zn_3":[7.8902e-07,3.2087e-07,3.1588e-06,2.2544e-06,8.5638e-06,1.8185e-05,4.1059e-05],
    "Zn_4":[3.522e-06,1.5199e-06,2.3739e-05,1.1661e-05,4.3782e-05,0.00011951,0.00026447],
    "Zn_5":[1.1249e-07,8.927e-08,4.9522e-07,9.2299e-08,1.6571e-07,4.5819e-07,5.8197e-07],
    "Ar_1":[0.0045033,0.0043106,0.021851,0.007991,0.0047304,0.030872,0.034769],
    "Ar_2":[0.00016582,0.00049439,0.00034752,0.00030641,0.00026734,0.00097682,0.0011367],
    "Ar_3":[2.297e-07,3.7353e-07,1.5388e-07,3.2994e-07,3.5687e-07,9.2531e-07,1.1455e-06],
    "O_1":[0.38532,0.29224,1.5461,0.99359,2.2006,4.7883,7.9612],
    "O_2":[8.7529e-05,8.6606e-05,0.00010444,0.00010382,0.00011204,0.00012012,0.00015866],
    "O_3":[0.0019507,0.000968,0.00011442,0.00128,0.00084764,4.3477e-05,0.00083695],
    "N_1":[0.0090801,0.012942,0.014215,0.018425,0.031484,0.020047,0.025953],
    "N_2":[6.8382e-06,8.6986e-06,5.6164e-05,2.7834e-05,9.5265e-05,4.9812e-06,5.0057e-06],
    "C_1":[0.087832,0.088091,0.15804,0.0974,0.1323,0.18153,0.45833],
    "C_2":[0.00018836,0.00020921,0.00060272,0.00029196,0.00038245,0.00033907,0.00036769],
    "Na_1":[0.0014977,0.00081892,0.00043445,0.0040688,0.0062494,0.014082,0.026076],
    "Cr_1":[1.747e-05,2.7079e-05,5.1462e-05,3.058e-05,2.4656e-05,8.5594e-05,0.00012076],
    "Cr_2":[0.001105,0.00096312,0.0038922,0.0016565,0.001242,0.0037296,0.0040748],
    "Cr_3":[6.7808e-05,5.9005e-05,0.0002402,0.0001038,7.2128e-05,0.00024269,0.00027578],
    "Cr_4":[1.7513e-06,1.8376e-06,2.7453e-06,3.1143e-06,5.7913e-06,8.6533e-06,1.3925e-05],
    "Mn_1":[0.00020036,0.00017075,0.00072054,0.00032928,0.00023351,0.00076146,0.00083776],
    "V_1":[4.6114e-09,4.9437e-09,1.8622e-08,1.0117e-08,1.9841e-08,5.3756e-08,9.6774e-08],
    "V_2":[1.3091e-05,9.5561e-06,1.5679e-05,8.013e-06,1.4065e-05,1.7686e-05,2.2039e-05],
    "Al_1":[0.0022064,0.0033062,0.0052231,0.0051332,0.011231,0.01685,0.030399],
    "Ti_1":[5.1562e-06,6.0947e-06,4.1254e-06,3.5357e-06,5.1436e-06,1.2223e-05,1.3963e-05],
    "Ti_2":[5.4004e-06,3.4032e-06,7.5791e-07,1.335e-06,6.459e-06,1.4566e-06,2.0435e-06],
    "Ti_3":[8.1742e-05,7.4119e-05,0.0002487,0.00011395,8.9411e-05,0.00023332,0.00026846],
    "Ti_4":[3.4907e-06,2.807e-06,1.2332e-05,5.1946e-06,4.087e-06,1.3564e-05,1.7194e-05],
    "Ti_5":[5.8472e-07,5.6067e-07,1.0359e-06,1.0753e-06,2.2517e-06,4.1032e-06,7.7005e-06],
    "S_1":[0.026756,0.034389,0.11816,0.051485,0.034764,0.18965,0.2258],
    "S_2":[9.0896e-05,0.00018304,0.00021227,0.00018871,0.0001662,0.00043437,0.00045535],
    "S_3":[0.00042709,0.00095623,0.00083115,0.00091196,0.00072238,0.0020287,0.0023498],
    "S_4":[7.1023e-07,9.9102e-07,1.2276e-06,1.3594e-06,2.6759e-06,6.0951e-06,1.1926e-05],
    "Ca_1":[0.0039134,0.0030805,0.019997,0.0064954,0.0037699,0.025876,0.028255],
    "Ca_2":[4.1554e-06,9.5919e-06,9.7564e-06,7.3079e-06,6.0039e-06,2.6526e-05,2.9842e-05],
    "Ca_3":[3.4089e-07,3.6023e-07,3.8025e-07,5.232e-07,7.9463e-07,9.8851e-07,1.4257e-06],
    "Ca_4":[2.0677e-05,2.3011e-05,1.0576e-05,2.0883e-05,2.6508e-05,1.5147e-05,1.8798e-05],
    "Ca_5":[7.3666e-08,1.1807e-07,7.7857e-08,1.0982e-07,1.2752e-07,1.97e-07,3.2375e-07],
    "Ca_6":[3.2198e-07,4.0234e-07,4.0141e-07,5.0178e-07,6.1884e-07,6.4773e-07,7.8011e-07],
    "F_1":[1.977e-06,2.1339e-06,1.3849e-05,5.3618e-06,8.501e-05,1.158e-05,1.0409e-06],
    "Ne_1":[0.13173,0.12447,0.13963,0.27719,0.81981,0.93688,1.878],
    "Ne_2":[0.00018455,0.00014258,0.00039163,0.00025821,0.00038254,0.00072114,0.0011736],
    "Ne_3":[0.0010475,0.00075428,0.0040165,0.0021643,0.00457,0.0061814,0.0028743],
    "Cu_1":[1.0492e-05,5.3661e-06,1.3681e-05,1.3453e-05,4.2731e-05,5.2311e-05,0.00010409],
    "Cu_2":[3.8106e-06,1.514e-06,1.3181e-05,1.0222e-05,3.1731e-05,6.935e-05,0.00014512],
    "P_1":[0.00015027,0.00027414,0.00048218,0.00038663,0.00038627,0.0010175,0.001481],
    "Si_1":[0.061055,0.10287,0.21586,0.12375,0.11857,0.39517,0.5231],
    "Si_2":[0.00054054,0.0011217,0.0018264,0.0012713,0.0019309,0.0033727,0.0045465],
    "Si_3":[0.00065615,0.0012871,0.002139,0.0016052,0.0015759,0.0048191,0.0065024]
}