{
    "Mass": [13,15,18,20,25,30,40],
    "Sc_1":[4.3723e-07,5.4163e-07,7.9235e-07,7.6527e-07,1.8898e-06,1.7319e-06,3.5816e-06],
    "Fe_1":[0.0015338,0.0017584,0.0039432,0.0023064,0.0019332,0.0069949,0.0081072],
    "Fe_2":[0.077147,0.078227,0.079249,0.080292,0.07893,0.081983,0.077348],
    "Fe_3":[0.0015533,0.0015,0.0015076,0.0017039,0.00097775,0.0016226,0.000836],
    "Fe_4":[7.9417e-05,7.5036e-05,0.00029528,0.0002657,0.00048878,0.0011953,0.000886],
    "Co_1":[0.00017228,0.00011328,9.8743e-05,0.00016121,0.00029606,0.0003054,0.00040784],
    "Ni_1":[0.001251,0.00075726,0.0014781,0.0010728,0.00064322,0.0010727,0.00085094],
    "Ni_2":[0.0019429,0.0017588,0.00097339,0.0018044,0.0014192,0.00041352,0.00073239],
    "Ni_3":[5.9583e-05,8.1607e-05,5.3155e-05,9.6467e-05,0.00012307,7.8879e-05,0.00022435],
    "Ni_4":[0.00011815,8.4304e-05,0.0002301,0.00021784,0.00031041,0.00019513,0.00067693],
    "Ni_5":[2.064e-05,9.4824e-06,3.6695e-05,9.6553e-05,0.00041784,0.00014141,0.0011996],
    "K_1":[3.176e-05,4.8347e-05,5.676e-05,4.9601e-05,0.0001294,0.00011373,0.00010559],
    "K_2":[5.9447e-08,3.2906e-08,6.7849e-08,5.0593e-08,2.5821e-07,1.7172e-07,2.1657e-07],
    "K_3":[3.0803e-06,3.9183e-06,6.3382e-06,5.675e-06,2.1664e-05,1.5874e-05,2.7146e-05],
    "Cl_1":[6.4494e-05,8.8481e-05,0.00010882,8.4818e-05,0.0001864,0.00017044,0.00020787],
    "Cl_2":[1.8808e-05,2.0122e-05,3.8655e-05,4.7913e-05,0.00014726,0.00015744,0.00030723],
    "Mg_1":[0.035778,0.058776,0.10805,0.085783,0.21464,0.20519,0.34946],
    "Mg_2":[0.0018881,0.0017386,0.0046426,0.0074615,0.018893,0.017487,0.038162],
    "Mg_3":[0.0016476,0.0018432,0.0033358,0.0048939,0.016921,0.016069,0.039199],
    "Zn_1":[0.00010643,9.5187e-05,2.8806e-05,8.5944e-05,9.752e-05,2.5017e-05,0.00010539],
    "Zn_2":[1.1306e-05,1.0331e-05,2.2719e-05,3.6684e-05,0.00016992,6.7029e-05,0.00058413],
    "Zn_3":[1.6887e-06,9.504e-07,2.6734e-06,6.8517e-06,3.9776e-05,1.1527e-05,0.00013007],
    "Zn_4":[7.6978e-06,4.0926e-06,1.8538e-05,3.2597e-05,0.00022443,7.3489e-05,0.00081812],
    "Zn_5":[8.533e-07,2.9158e-07,5.0278e-07,7.4908e-07,4.9941e-06,4.1978e-07,1.1762e-05],
    "Ar_1":[0.0052719,0.0045651,0.014798,0.0065584,0.014822,0.02535,0.027604],
    "Ar_2":[0.00038983,0.00056182,0.00053525,0.00046478,0.001309,0.0012626,0.0013587],
    "Ar_3":[5.1657e-07,6.6685e-07,6.4904e-07,7.9721e-07,1.4896e-06,3.7194e-06,3.0947e-06],
    "O_1":[0.31332,0.236,1.212,1.0191,2.5473,4.1112,7.6908],
    "O_2":[0.00042384,0.0003991,0.00043668,0.00046859,0.00048837,0.00079533,0.00050903],
    "O_3":[0.0026185,0.0016442,0.0051226,0.0029767,0.0021829,0.002686,0.005779],
    "N_1":[0.025855,0.03385,0.036562,0.041458,0.042086,0.055476,0.0398],
    "N_2":[2.1493e-05,3.0659e-05,3.8551e-05,0.00011247,8.3716e-05,5.659e-06,5.3118e-06],
    "C_1":[0.096208,0.078175,0.14859,0.16094,0.14131,0.2111,0.51752],
    "C_2":[0.00053865,0.00061503,0.00093834,0.00078906,0.0003313,0.0010195,0.00039498],
    "Na_1":[0.0012511,0.00092382,0.0015098,0.0095587,0.016298,0.022956,0.048283],
    "Cr_1":[1.957e-05,3.2409e-05,4.5132e-05,3.0776e-05,3.5745e-05,8.1922e-05,0.00010843],
    "Cr_2":[0.00090834,0.0010947,0.0027673,0.0014059,0.0022125,0.0037439,0.0039483],
    "Cr_3":[6.546e-05,7.3518e-05,0.00017817,9.477e-05,8.3906e-05,0.00025602,0.00026444],
    "Cr_4":[3.8195e-06,3.9763e-06,8.0993e-06,8.9266e-06,1.6212e-05,2.6972e-05,3.2325e-05],
    "Mn_1":[0.00023508,0.00026088,0.00058456,0.0003425,0.0002825,0.00088155,0.00083361],
    "V_1":[1.1355e-08,1.4278e-08,3.9012e-08,2.2501e-08,5.4106e-08,1.3766e-07,1.358e-07],
    "V_2":[1.2528e-05,9.7278e-06,1.3838e-05,1.0295e-05,1.3153e-05,2.0854e-05,2.2202e-05],
    "Al_1":[0.0019007,0.002934,0.0072907,0.0071868,0.020162,0.024277,0.053044],
    "Ti_1":[5.5246e-06,7.1915e-06,6.4388e-06,5.6875e-06,1.3397e-05,1.4955e-05,1.7045e-05],
    "Ti_2":[4.9741e-06,3.4207e-06,2.7303e-06,3.5817e-06,5.8253e-06,4.6224e-06,4.0685e-06],
    "Ti_3":[8.1531e-05,8.8349e-05,0.00019855,0.00011431,0.00014083,0.00024162,0.00025798],
    "Ti_4":[4.0288e-06,3.7816e-06,9.6524e-06,5.7017e-06,6.8463e-06,1.601e-05,2.0218e-05],
    "Ti_5":[1.3359e-06,1.3558e-06,2.2719e-06,3.1195e-06,7.7791e-06,6.6047e-06,2.0804e-05],
    "S_1":[0.031299,0.034524,0.083171,0.041402,0.097934,0.15461,0.17548],
    "S_2":[0.00013787,0.00020907,0.00027203,0.00020494,0.0004478,0.00045425,0.0004665],
    "S_3":[0.00095002,0.0012017,0.0014179,0.0012521,0.00185,0.0027732,0.0028107],
    "S_4":[2.7162e-06,1.6561e-06,5.858e-06,4.7298e-06,1.5669e-05,2.5381e-05,4.726e-05],
    "Ca_1":[0.004349,0.0034826,0.013341,0.0053074,0.010669,0.021481,0.022791],
    "Ca_2":[8.3436e-06,1.3006e-05,1.4473e-05,1.1671e-05,3.7579e-05,3.2981e-05,3.6263e-05],
    "Ca_3":[7.7941e-07,8.5179e-07,1.1276e-06,1.3816e-06,2.0288e-06,1.842e-06,2.9332e-06],
    "Ca_4":[2.6909e-05,2.8407e-05,2.9502e-05,3.683e-05,3.1296e-05,2.6035e-05,3.08e-05],
    "Ca_5":[1.3336e-07,2.1045e-07,3.8151e-07,3.2757e-07,7.3011e-07,6.1954e-07,1.4177e-06],
    "Ca_6":[8.6331e-07,1.0283e-06,1.404e-06,1.2962e-06,1.2869e-06,6.4715e-06,1.4924e-06],
    "F_1":[7.2381e-06,8.284e-06,9.8111e-06,2.9099e-05,0.0001532,9.9557e-06,2.8578e-06],
    "Ne_1":[0.089951,0.085475,0.14382,0.32734,0.89731,0.93674,2.0202],
    "Ne_2":[0.00020208,0.00013722,0.00030992,0.00092567,0.0012922,0.0016904,0.0028076],
    "Ne_3":[0.0025429,0.001169,0.0051423,0.0051237,0.011953,0.011511,0.0063372],
    "Cu_1":[1.3842e-05,8.6465e-06,1.599e-05,6.2592e-05,0.00018155,6.6636e-05,0.00035436],
    "Cu_2":[6.5869e-06,3.9529e-06,1.0788e-05,2.4777e-05,0.00011283,4.5084e-05,0.00036224],
    "P_1":[0.00024699,0.00046019,0.0010245,0.00050331,0.0010043,0.001682,0.0023612],
    "Si_1":[0.066994,0.09467,0.16638,0.097692,0.21533,0.32843,0.40175],
    "Si_2":[0.00094962,0.001585,0.0040384,0.0016037,0.0039572,0.0050982,0.0068897],
    "Si_3":[0.001041,0.0019157,0.0041564,0.0019636,0.0030546,0.007317,0.0079062]
}