{
    "Mass" : [20,25,30,40],
    "Sc_1":[1.8258e-06,4.1314e-06,4.4407e-06,6.8072e-06],
    "Fe_1":[0.0037876,0.0041418,0.0040343,0.0058885],
    "Fe_2":[0.035656,0.11501,0.10443,0.27724],
    "Fe_3":[0.0012172,0.0029745,0.0041083,0.0088989],
    "Fe_4":[0.0004241,0.00084056,0.0017648,0.0013591],
    "Co_1":[0.00024286,0.00050792,0.00065968,0.0014235],
    "Ni_1":[0.0015211,0.0012481,0.003375,0.0071356],
    "Ni_2":[0.0012018,0.0036803,0.0033257,0.011167],
    "Ni_3":[0.00024306,0.00053597,0.00091018,0.00085513],
    "Ni_4":[0.00036898,0.00072236,0.00083375,0.0029717],
    "Ni_5":[0.00016034,0.00071559,6.9734e-05,0.0019488],
    "K_1":[0.00013736,0.00017723,0.00025797,0.00025572],
    "K_2":[1.7926e-07,4.253e-07,5.0878e-07,9.2555e-07],
    "K_3":[1.3715e-05,2.0437e-05,2.6517e-05,4.6538e-05],
    "Cl_1":[0.00026828,0.00037925,0.00060469,0.00082314],
    "Cl_2":[9.7001e-05,0.00021608,0.00023257,0.00052124],
    "Mg_1":[0.068795,0.20147,0.16828,0.32931],
    "Mg_2":[0.011188,0.028824,0.021828,0.058158],
    "Mg_3":[0.0075151,0.025548,0.023651,0.059416],
    "Zn_1":[5.2719e-05,0.0002883,8.3226e-05,0.00063781],
    "Zn_2":[7.1338e-05,0.00034662,7.3963e-05,0.0010202],
    "Zn_3":[1.1666e-05,7.2575e-05,3.0056e-06,0.00023053],
    "Zn_4":[5.3327e-05,0.00042436,1.1883e-05,0.0014261],
    "Zn_5":[2.4473e-06,1.9374e-05,5.8904e-07,5.6162e-05],
    "Ar_1":[0.0073549,0.013433,0.014096,0.019836],
    "Ar_2":[0.0012189,0.0030737,0.0045104,0.0051362],
    "Ar_3":[3.1889e-06,7.3867e-06,1.3588e-05,8.0402e-06],
    "O_1":[0.97956,2.9346,2.742,7.0464],
    "O_2":[0.00094929,0.00098336,0.0016827,0.0009692],
    "O_3":[0.0039808,0.0022854,0.0027853,0.010431],
    "N_1":[0.071865,0.056196,0.1023,0.058071],
    "N_2":[0.00025333,9.1799e-05,1.5414e-05,4.2604e-05],
    "C_1":[0.20874,0.13547,0.17908,0.48962],
    "C_2":[0.0014464,0.00026067,0.0019191,0.00043128],
    "Na_1":[0.011978,0.020334,0.018114,0.057561],
    "Cr_1":[7.071e-05,8.1483e-05,9.8727e-05,0.0001211],
    "Cr_2":[0.00041112,0.0012588,0.0014544,0.0024713],
    "Cr_3":[5.541e-05,0.00010641,0.00013382,0.00014393],
    "Cr_4":[1.4825e-05,2.7034e-05,3.7194e-05,4.9911e-05],
    "Mn_1":[0.00031789,0.00042703,0.00058485,0.00049373],
    "V_1":[5.9422e-08,2.0675e-07,3.6805e-07,3.6914e-07],
    "V_2":[1.0881e-05,1.803e-05,2.4817e-05,6.583e-05],
    "Al_1":[0.0085633,0.027845,0.023714,0.072037],
    "Ti_1":[1.6606e-05,3.223e-05,4.5745e-05,5.6209e-05],
    "Ti_2":[5.6987e-06,7.6841e-06,1.2795e-05,3.987e-05],
    "Ti_3":[7.3703e-05,0.00017405,0.00022723,0.00059341],
    "Ti_4":[4.4118e-06,1.0078e-05,1.1713e-05,1.8403e-05],
    "Ti_5":[5.2088e-06,1.3219e-05,8.543e-06,3.3052e-05],
    "S_1":[0.047477,0.096037,0.10762,0.13977],
    "S_2":[0.0005282,0.000977,0.0014187,0.001727],
    "S_3":[0.0037724,0.0096263,0.014047,0.016897],
    "S_4":[1.2978e-05,3.7366e-05,5.9005e-05,8.414e-05],
    "Ca_1":[0.004987,0.0098451,0.0092925,0.014201],
    "Ca_2":[3.5338e-05,7.7153e-05,0.00011216,0.00012444],
    "Ca_3":[2.8374e-06,3.6557e-06,6.1041e-06,7.5561e-06],
    "Ca_4":[5.1241e-05,0.00010047,0.00012836,0.00041258],
    "Ca_5":[9.0838e-07,2.7285e-06,2.3897e-06,3.7121e-06],
    "Ca_6":[2.9473e-06,2.815e-06,1.2299e-05,2.6851e-06],
    "F_1":[6.9155e-05,0.00017333,9.3248e-06,9.8417e-06],
    "Ne_1":[0.29184,0.73675,0.54099,1.7352],
    "Ne_2":[0.0019786,0.0028681,0.0025722,0.0051879],
    "Ne_3":[0.0088123,0.018618,0.011334,0.010651],
    "Cu_1":[9.8937e-05,0.0002889,6.1364e-05,0.00058473],
    "Cu_2":[4.1467e-05,0.00020506,2.0151e-05,0.00057021],
    "P_1":[0.00097867,0.002919,0.0036471,0.0054251],
    "Si_1":[0.094102,0.24532,0.26676,0.32804],
    "Si_2":[0.0029526,0.0098018,0.010794,0.017022],
    "Si_3":[0.0034897,0.014061,0.014982,0.019724]
}