{
    "Mass" : [20,25,30,40,100,140],
    "Sc_1":[1.8464e-07,2.2008e-07,6.9513e-08,6.2758e-07,2.3168e-06,2.9371e-06],
    "Fe_1":[0.00071831,0.0017948,0.0017379,0.0032987,0.015554,0.020054],
    "Fe_2":[0.082408,0.096028,0.15921,0.25564,0.76263,0.9488],
    "Fe_3":[0.0017769,0.0016271,0.0031038,0.0042433,0.014446,0.018193],
    "Fe_4":[1.2822e-09,2.5998e-09,9.187e-11,3.3101e-09,1.3069e-08,1.6653e-08],
    "Co_1":[0.00036948,0.00023813,0.00051888,0.00051942,0.00039687,0.00035187],
    "Ni_1":[0.00087487,0.0006723,0.0012742,0.0014314,0.002806,0.0033108],
    "Ni_2":[0.0029909,0.0028024,0.0054859,0.0083727,0.024335,0.030197],
    "Ni_3":[6.2892e-05,4.3397e-05,8.6256e-05,9.8745e-05,0.00038863,0.00049508],
    "Ni_4":[4.1885e-05,2.8594e-05,5.7385e-05,6.7369e-05,0.00021162,0.00026459],
    "Ni_5":[9.5447e-14,1.5608e-11,3.3827e-12,2.461e-11,2.9886e-12,0.0],
    "K_1":[2.3119e-05,3.7608e-05,2.0542e-05,0.00013086,0.00048967,0.00062143],
    "K_2":[4.3966e-09,1.4024e-09,2.5192e-09,1.1842e-08,4.8538e-08,6.2013e-08],
    "K_3":[3.7249e-06,6.4807e-06,3.6619e-06,2.1336e-05,7.6876e-05,9.7271e-05],
    "Cl_1":[3.949e-05,3.2312e-05,4.4781e-05,0.00017974,0.00068777,0.00087432],
    "Cl_2":[1.8831e-05,2.8915e-05,2.3901e-05,7.955e-05,0.00039456,0.00051024],
    "Mg_1":[0.16534,0.15285,0.21711,0.33705,1.312,1.67],
    "Mg_2":[0.00010667,4.5703e-05,0.00014544,0.00059529,0.004487,0.0059161],
    "Mg_3":[0.00021041,4.0158e-05,8.2902e-05,0.00010707,0.0015371,0.0020623],
    "Zn_1":[0.00037988,0.00026368,0.00058275,0.00068827,0.0020216,0.0025112],
    "Zn_2":[5.0552e-06,2.5881e-06,7.0476e-06,6.9017e-06,4.3777e-05,5.7318e-05],
    "Zn_3":[1.947e-07,6.0711e-08,1.908e-07,1.1805e-07,1.9526e-07,2.2361e-07],
    "Zn_4":[8.9576e-08,1.2078e-07,2.6941e-07,4.8645e-07,2.8171e-05,3.8337e-05],
    "Zn_5":[8.3056e-14,1.9517e-12,8.4887e-13,1.9499e-11,1.0863e-12,0.0],
    "Ar_1":[0.0068028,0.0136,0.011474,0.035525,0.14896,0.19061],
    "Ar_2":[0.00012677,0.0001703,9.0652e-05,0.00078327,0.0030835,0.0039282],
    "Ar_3":[3.786e-11,1.1624e-11,1.8661e-11,2.6781e-10,6.4295e-10,7.8071e-10],
    "O_1":[2.0306,2.3763,3.9195,6.3162,18.926,23.556],
    "O_2":[7.1304e-08,1.4899e-06,3.8054e-08,1.233e-08,1.8413e-06,2.5129e-06],
    "O_3":[2.3323e-08,3.8718e-07,5.0334e-07,2.9299e-07,5.0622e-07,5.8452e-07],
    "N_1":[5.4246e-05,0.00059589,4.1787e-05,3.3878e-06,6.3363e-05,8.5387e-05],
    "N_2":[2.9452e-08,1.749e-07,2.1999e-07,6.5437e-07,0.00010049,0.00013715],
    "C_1":[0.19021,0.26659,0.3164,0.37206,0.87812,1.064],
    "C_2":[1.181e-08,6.9437e-08,6.3191e-08,8.1849e-08,1.7279e-08,0.0],
    "Na_1":[0.0023077,0.00044177,0.00073581,0.00032755,0.0027233,0.003603],
    "Cr_1":[1.678e-05,2.5615e-05,1.8979e-05,4.1248e-05,0.00019183,0.00024713],
    "Cr_2":[0.00065777,0.0012099,0.001513,0.0027019,0.0086112,0.010781],
    "Cr_3":[3.3278e-05,7.2361e-05,9.0287e-05,0.00013118,0.00032981,0.00040275],
    "Cr_4":[2.6064e-09,5.7159e-09,9.6389e-11,3.5178e-09,1.7875e-08,2.3147e-08],
    "Mn_1":[8.2184e-05,0.00020158,0.00024672,0.00036821,0.00098663,0.0012137],
    "V_1":[2.6193e-11,2.7874e-11,9.0272e-12,1.2006e-10,3.3267e-10,4.1074e-10],
    "V_2":[2.4232e-05,1.8586e-05,3.714e-05,3.4789e-05,2.6046e-05,2.2835e-05],
    "Al_1":[0.0015029,0.00089277,0.0015494,0.0075238,0.017929,0.02175],
    "Ti_1":[6.5411e-06,5.2195e-06,6.2316e-06,1.1138e-05,2.6954e-05,3.2762e-05],
    "Ti_2":[9.6465e-06,9.4507e-06,2.078e-05,2.5912e-05,8.4902e-06,2.0927e-06],
    "Ti_3":[0.00015739,0.00013548,0.00028124,0.00034276,0.0013926,0.0017781],
    "Ti_4":[2.7517e-06,3.6152e-06,5.7009e-06,6.9222e-06,1.7048e-05,2.0766e-05],
    "Ti_5":[7.6393e-13,6.1209e-12,2.4886e-12,3.3686e-11,1.9025e-11,1.3641e-11],
    "S_1":[0.042704,0.091604,0.084901,0.25922,1.0111,1.2872],
    "S_2":[0.00014402,0.00023087,0.00030234,0.00084489,0.003786,0.004866],
    "S_3":[0.00018433,0.00012562,0.00027015,0.0020849,0.0070372,0.0088557],
    "S_4":[8.3331e-10,5.7828e-11,1.4058e-09,5.0386e-08,4.4518e-08,4.2363e-08],
    "Ca_1":[0.0047704,0.010207,0.0082241,0.028581,0.11185,0.14243],
    "Ca_2":[3.4115e-06,5.147e-06,1.6172e-06,1.968e-05,6.8708e-05,8.6712e-05],
    "Ca_3":[2.6003e-07,7.2521e-08,1.7061e-07,1.3949e-07,1.1031e-07,9.9595e-08],
    "Ca_4":[0.00012558,7.0409e-05,0.00018172,0.00017526,0.00081345,0.0010478],
    "Ca_5":[1.1512e-11,1.4683e-11,9.2456e-12,3.694e-11,1.3965e-10,1.7737e-10],
    "Ca_6":[3.7412e-15,1.1678e-11,8.1634e-13,1.2707e-11,2.5409e-14,0.0],
    "F_1":[2.118e-09,1.6727e-09,7.8833e-09,1.165e-07,1.775e-06,2.384e-06],
    "Ne_1":[0.74943,0.28505,0.51988,0.26384,1.4543,1.8915],
    "Ne_2":[3.5781e-05,1.2204e-05,3.5102e-05,1.4059e-05,0.0002286,0.00030738],
    "Ne_3":[5.5114e-05,8.6173e-06,3.5225e-05,1.6582e-05,0.00014238,0.00018857],
    "Cu_1":[1.178e-05,8.188e-06,1.7148e-05,2.0621e-05,3.6341e-05,4.2114e-05],
    "Cu_2":[7.2377e-07,6.0046e-07,1.3849e-06,1.8588e-06,1.1752e-05,1.5385e-05],
    "P_1":[7.674e-05,5.9087e-05,0.00011554,0.0010101,0.001927,0.0022637],
    "Si_1":[0.10256,0.23053,0.24658,0.71955,2.3473,2.945],
    "Si_2":[0.00029457,0.00053783,0.00088496,0.0037249,0.0090562,0.011014],
    "Si_3":[0.00011275,6.3469e-05,0.00014727,0.0028228,0.0038463,0.0042221]
}