{
    "Mass" : [20,25,30,40],
    "Sc_1":[2.1324e-07,3.1824e-07,5.5494e-07,1.0407e-06],
    "Fe_1":[0.00083978,0.0011834,0.0019434,0.0040565],
    "Fe_2":[0.080629,0.14982,0.2002,0.25891],
    "Fe_3":[0.0020454,0.0027882,0.0038266,0.0042097],
    "Fe_4":[3.9341e-05,6.8368e-05,7.7656e-05,6.5982e-05],
    "Co_1":[0.00015451,0.00065957,0.00078608,0.00044887],
    "Ni_1":[0.00056613,0.0010995,0.0016932,0.0013884],
    "Ni_2":[0.0027528,0.0061689,0.0070165,0.0079312],
    "Ni_3":[8.4287e-05,0.00011449,0.0001314,0.0001311],
    "Ni_4":[5.494e-05,0.00010268,0.00011565,0.00011723],
    "Ni_5":[1.8202e-05,3.7792e-05,4.8737e-05,4.4767e-05],
    "K_1":[2.0477e-05,1.7555e-05,5.4335e-05,0.00016092],
    "K_2":[6.8703e-09,1.0967e-08,1.2312e-08,3.1064e-08],
    "K_3":[2.6386e-06,2.2532e-06,7.0826e-06,2.0551e-05],
    "Cl_1":[3.8027e-05,5.3631e-05,0.00010061,0.00035471],
    "Cl_2":[1.3806e-05,1.9213e-05,3.7541e-05,8.8921e-05],
    "Mg_1":[0.23031,0.19269,0.31074,0.51991],
    "Mg_2":[0.0017439,0.0015207,0.002789,0.0016435],
    "Mg_3":[0.0017532,0.0017563,0.0032089,0.00091781],
    "Zn_1":[0.00033346,0.00052347,0.00078526,0.00065089],
    "Zn_2":[1.7167e-05,2.463e-05,4.1049e-05,4.8872e-05],
    "Zn_3":[1.6809e-06,3.4956e-06,4.8403e-06,2.5539e-06],
    "Zn_4":[7.8474e-06,1.6671e-05,2.4878e-05,2.8903e-05],
    "Zn_5":[2.4216e-08,2.3713e-08,1.0762e-07,1.903e-07],
    "Ar_1":[0.0055503,0.0068619,0.014029,0.036709],
    "Ar_2":[0.00014269,0.00011764,0.00036132,0.0012412],
    "Ar_3":[4.5248e-08,8.6536e-08,2.5426e-07,3.8934e-07],
    "O_1":[1.9967,3.6999,4.9448,6.4159],
    "O_2":[2.177e-05,2.787e-05,4.8659e-05,2.8334e-05],
    "O_3":[8.0972e-06,7.0491e-05,1.9904e-05,0.00017638],
    "N_1":[0.012859,0.0091979,0.0061925,0.0085325],
    "N_2":[1.3696e-06,7.2398e-06,9.069e-07,3.1655e-06],
    "C_1":[0.12409,0.19384,0.10516,0.050806],
    "C_2":[1.9627e-05,9.8139e-05,8.2034e-05,0.00028158],
    "Na_1":[0.0012871,0.006763,0.004678,0.0006043],
    "Cr_1":[1.2405e-05,2.0056e-05,2.6765e-05,5.4864e-05],
    "Cr_2":[0.00073864,0.00089853,0.0015251,0.0029708],
    "Cr_3":[3.9705e-05,3.8062e-05,7.1082e-05,0.00016267],
    "Cr_4":[1.1505e-06,1.9467e-06,2.2763e-06,1.9736e-06],
    "Mn_1":[0.00010855,0.00011214,0.00019591,0.00046574],
    "V_1":[7.1749e-09,1.2287e-08,1.7168e-08,5.0514e-08],
    "V_2":[1.1929e-05,5.4521e-05,4.7282e-05,2.7512e-05],
    "Al_1":[0.0063218,0.0051709,0.0087011,0.019614],
    "Ti_1":[3.7864e-06,1.3444e-05,1.2966e-05,1.5192e-05],
    "Ti_2":[4.8281e-06,2.7966e-05,3.271e-05,1.9266e-05],
    "Ti_3":[0.0001653,0.00018012,0.00032479,0.00033322],
    "Ti_4":[2.6981e-06,2.7442e-06,5.4145e-06,8.7626e-06],
    "Ti_5":[4.0863e-07,7.4985e-07,9.0454e-07,7.6268e-07],
    "S_1":[0.036255,0.042511,0.092506,0.27953],
    "S_2":[0.0001798,0.00021265,0.00041096,0.0011979],
    "S_3":[0.00051062,0.0004163,0.0010153,0.0037414],
    "S_4":[3.3056e-07,5.6655e-07,9.3981e-07,9.8987e-07],
    "Ca_1":[0.0044853,0.00546,0.011017,0.029272],
    "Ca_2":[3.7008e-06,2.1772e-06,8.1074e-06,3.1026e-05],
    "Ca_3":[3.7755e-07,4.9302e-07,6.4525e-07,4.0792e-07],
    "Ca_4":[0.00012954,0.00013268,0.00024361,0.00015691],
    "Ca_5":[2.4638e-08,2.6627e-08,1.1003e-07,1.8999e-07],
    "Ca_6":[1.1907e-07,1.5119e-07,1.8137e-07,2.1356e-07],
    "F_1":[2.8047e-06,6.0704e-07,2.0396e-06,1.6499e-06],
    "Ne_1":[0.45573,1.0487,1.0447,0.18287],
    "Ne_2":[9.6992e-05,0.00042339,0.00044258,2.1603e-05],
    "Ne_3":[0.0011654,0.0014381,0.0012608,0.00012467],
    "Cu_1":[1.4596e-05,3.3643e-05,3.8817e-05,2.6223e-05],
    "Cu_2":[7.7879e-06,1.4495e-05,2.0816e-05,2.1694e-05],
    "P_1":[0.00027079,0.00018399,0.000395,0.0026716],
    "Si_1":[0.1137,0.11162,0.23549,0.71398],
    "Si_2":[0.0012758,0.00078025,0.001691,0.0062169],
    "Si_3":[0.0010656,0.00048558,0.0012385,0.0080043]
}