{
    "Mass" : [20,25,30,40],    
    "Sc_1":[6.218e-06,8.3786e-06,1.0821e-05,1.9338e-05],
    "Fe_1":[0.0074202,0.0064132,0.02428,0.010091],
    "Fe_2":[0.066804,0.10748,0.15535,0.24858],
    "Fe_3":[0.00234,0.0034881,0.0052358,0.010111],
    "Fe_4":[0.0015376,0.0020078,0.0028236,0.0037917],
    "Co_1":[0.00072679,0.0009542,0.00057573,0.0019521],
    "Ni_1":[0.0035003,0.003121,0.0080811,0.012133],
    "Ni_2":[0.0024624,0.0042553,0.0050333,0.01053],
    "Ni_3":[0.00064637,0.00089729,0.00036471,0.0012165],
    "Ni_4":[0.0011432,0.0018037,0.0032851,0.0051517],
    "Ni_5":[0.0012117,0.0017804,0.0024651,0.0052023],
    "K_1":[0.00021121,0.00027349,0.00051492,0.00063186],
    "K_2":[5.8607e-07,7.6604e-07,1.3781e-06,1.6326e-06],
    "K_3":[4.1046e-05,5.0315e-05,6.5145e-05,9.0892e-05],
    "Cl_1":[0.00043205,0.00048865,0.0016782,0.0010488],
    "Cl_2":[0.00034579,0.00045678,0.00068627,0.001387],
    "Mg_1":[0.1054,0.18802,0.17348,0.28671],
    "Mg_2":[0.044522,0.05079,0.023842,0.14332],
    "Mg_3":[0.034143,0.047055,0.033978,0.17262],
    "Zn_1":[6.4718e-05,0.00016794,9.7037e-05,0.00046141],
    "Zn_2":[0.00036107,0.00061122,0.00067019,0.0021144],
    "Zn_3":[9.6969e-05,0.0001625,7.954e-05,0.0005776],
    "Zn_4":[0.00047501,0.00086142,0.0019207,0.0034661],
    "Zn_5":[4.4859e-05,6.5984e-05,0.00017964,0.00028008],
    "Ar_1":[0.0075767,0.01032,0.023167,0.020409],
    "Ar_2":[0.0036891,0.0051568,0.010436,0.015074],
    "Ar_3":[1.3537e-05,1.4512e-05,2.2942e-05,3.2585e-05],
    "O_1":[1.8277,2.8459,4.4805,6.4713],
    "O_2":[0.0045249,0.0046481,0.0088694,0.014085],
    "O_3":[0.034935,0.01381,0.01538,0.040735],
    "N_1":[0.12799,0.13637,0.18876,0.29237],
    "N_2":[0.00010591,0.00056974,0.0037042,4.5136e-05],
    "C_1":[0.26965,0.18609,0.1475,0.39335],
    "C_2":[0.0033058,0.0018817,0.0040077,0.0022358],
    "Na_1":[0.031966,0.029298,0.0057108,0.093944],
    "Cr_1":[0.00012457,0.00012484,0.00045973,0.00028165],
    "Cr_2":[0.00098486,0.0013219,0.002606,0.0031531],
    "Cr_3":[0.00013101,0.00014043,0.00036892,0.00034032],
    "Cr_4":[5.118e-05,6.4698e-05,8.5224e-05,0.00014487],
    "Mn_1":[0.0007537,0.0007329,0.0017333,0.0013974],
    "V_1":[2.2713e-07,3.6828e-07,3.997e-07,5.6905e-07],
    "V_2":[2.3849e-05,3.1028e-05,5.1311e-05,7.1493e-05],
    "Al_1":[0.024793,0.037194,0.040404,0.11655],
    "Ti_1":[3.2302e-05,5.1476e-05,0.00010469,0.00017805],
    "Ti_2":[1.3232e-05,1.7798e-05,2.2503e-05,3.8774e-05],
    "Ti_3":[0.0001355,0.00021652,0.00034824,0.00074722],
    "Ti_4":[1.2791e-05,1.627e-05,2.0522e-05,4.2164e-05],
    "Ti_5":[2.2523e-05,3.1412e-05,5.6196e-05,0.00010186],
    "S_1":[0.055876,0.079957,0.19413,0.15331],
    "S_2":[0.00083918,0.0011215,0.002467,0.002125],
    "S_3":[0.012215,0.014636,0.032192,0.026435],
    "S_4":[6.6355e-05,8.9483e-05,0.00046201,0.00028505],
    "Ca_1":[0.0053178,0.007346,0.016243,0.014343],
    "Ca_2":[8.3956e-05,0.00013416,0.00026523,0.00044146],
    "Ca_3":[7.4014e-06,9.1547e-06,8.8481e-06,1.6854e-05],
    "Ca_4":[9.8318e-05,0.0001601,0.00021087,0.00051977],
    "Ca_5":[4.4877e-06,5.6571e-06,1.1062e-05,1.2078e-05],
    "Ca_6":[6.0329e-06,6.6871e-06,7.2217e-06,8.7444e-06],
    "F_1":[3.194e-05,0.00019981,0.00025757,4.1634e-05],
    "Ne_1":[0.50446,0.71495,0.15703,1.5536],
    "Ne_2":[0.0060774,0.0043075,0.00045681,0.0057604],
    "Ne_3":[0.021051,0.025977,0.022431,0.035187],
    "Cu_1":[0.00051903,0.00073018,0.00025413,0.0016348],
    "Cu_2":[0.00025642,0.00040682,0.0002744,0.0012332],
    "P_1":[0.0033781,0.0048681,0.019766,0.012354],
    "Si_1":[0.13717,0.21476,0.49306,0.34939],
    "Si_2":[0.010241,0.017087,0.070854,0.040748],
    "Si_3":[0.013273,0.024409,0.098637,0.048417]
}