{
    "Mass" : [20,25,30,40],    
    "Sc_1":[6.085e-07,6.1209e-07,1.5212e-06,1.7904e-06],
    "Fe_1":[0.00081568,0.0011718,0.0030013,0.0049746],
    "Fe_2":[0.031072,0.083247,0.15305,0.27347],
    "Fe_3":[0.00099304,0.0019315,0.0033119,0.0062627],
    "Fe_4":[5.4805e-05,0.00016207,0.00017741,0.00028384],
    "Co_1":[4.9039e-05,0.00036698,0.0003306,0.0004465],
    "Ni_1":[0.00029981,0.00091545,0.00094186,0.0015097],
    "Ni_2":[0.0010092,0.0029749,0.0049165,0.008278],
    "Ni_3":[0.00014967,9.2318e-05,0.00029272,0.00036023],
    "Ni_4":[0.00012251,0.00017175,0.00027774,0.00062086],
    "Ni_5":[1.6557e-05,8.0695e-05,0.00011002,0.00026598],
    "K_1":[4.3175e-05,4.1508e-05,0.00017228,0.0002145],
    "K_2":[2.2476e-08,3.2933e-08,8.546e-08,1.0785e-07],
    "K_3":[4.3787e-06,4.6574e-06,1.9023e-05,2.3245e-05],
    "Cl_1":[7.4557e-05,8.1132e-05,0.00028966,0.00041601],
    "Cl_2":[2.3914e-05,3.4098e-05,0.00010628,0.00015768],
    "Mg_1":[0.080963,0.22702,0.19136,0.40128],
    "Mg_2":[0.001638,0.004775,0.0049366,0.009646],
    "Mg_3":[0.0016948,0.0052694,0.0056405,0.010177],
    "Zn_1":[3.6278e-05,0.00031879,0.00035608,0.00058373],
    "Zn_2":[2.1044e-05,4.8513e-05,0.00010843,0.00021317],
    "Zn_3":[1.4519e-06,7.1167e-06,1.1375e-05,2.8129e-05],
    "Zn_4":[7.8566e-06,3.6953e-05,7.5493e-05,0.00018404],
    "Zn_5":[2.3856e-07,1.9697e-07,1.334e-06,2.9828e-06],
    "Ar_1":[0.0043989,0.0060176,0.022791,0.034008],
    "Ar_2":[0.00042765,0.00037816,0.0017793,0.0024773],
    "Ar_3":[1.4558e-06,3.8092e-07,2.8658e-06,1.9338e-06],
    "O_1":[0.78824,2.0666,3.8234,6.8024],
    "O_2":[0.00010344,0.00011201,0.0001202,0.00015731],
    "O_3":[0.00066782,0.00078034,4.3762e-05,0.00065126],
    "N_1":[0.018422,0.031483,0.020048,0.025214],
    "N_2":[2.7409e-05,9.445e-05,5.5874e-06,1.3535e-05],
    "C_1":[0.083235,0.12786,0.13596,0.373],
    "C_2":[0.00029131,0.00038276,0.00033909,0.0003678],
    "Na_1":[0.0020455,0.0046792,0.0065581,0.013184],
    "Cr_1":[1.4872e-05,2.0452e-05,5.6923e-05,8.0335e-05],
    "Cr_2":[0.00026912,0.00084763,0.0017066,0.0032837],
    "Cr_3":[2.1429e-05,5.3632e-05,0.0001055,0.00019934],
    "Cr_4":[2.3391e-06,5.1456e-06,5.763e-06,9.2892e-06],
    "Mn_1":[9.0507e-05,0.00016684,0.00032565,0.0005807],
    "V_1":[1.0197e-08,2.019e-08,4.1005e-08,7.5788e-08],
    "V_2":[3.1721e-06,2.2602e-05,2.1771e-05,2.7365e-05],
    "Al_1":[0.003636,0.010443,0.011785,0.022852],
    "Ti_1":[4.518e-06,7.8698e-06,1.9853e-05,2.55e-05],
    "Ti_2":[1.5723e-06,8.7999e-06,1.2249e-05,1.2368e-05],
    "Ti_3":[4.8921e-05,0.00015868,0.00023014,0.00042961],
    "Ti_4":[1.4914e-06,4.4607e-06,6.489e-06,1.163e-05],
    "Ti_5":[8.2872e-07,1.9556e-06,2.5355e-06,4.8513e-06],
    "S_1":[0.032974,0.040163,0.15368,0.22973],
    "S_2":[0.00029295,0.00030456,0.0010476,0.0015215],
    "S_3":[0.0013937,0.0012467,0.0047947,0.0072221],
    "S_4":[5.1499e-06,2.3149e-06,8.7447e-06,1.2252e-05],
    "Ca_1":[0.0030648,0.0046908,0.016691,0.025456],
    "Ca_2":[1.0905e-05,9.1873e-06,4.4377e-05,5.8082e-05],
    "Ca_3":[1.0852e-06,9.5519e-07,1.1163e-06,2.1833e-06],
    "Ca_4":[2.857e-05,0.00010602,0.00011218,0.00022559],
    "Ca_5":[2.3518e-07,1.4271e-07,6.9444e-07,4.2789e-07],
    "Ca_6":[1.0653e-06,6.0311e-07,9.7813e-07,1.3582e-06],
    "F_1":[4.8688e-06,8.4781e-05,5.5723e-06,8.5037e-06],
    "Ne_1":[0.14181,0.63453,0.49221,1.1501],
    "Ne_2":[0.00031237,0.00035702,0.00041291,0.00086176],
    "Ne_3":[0.0014206,0.0045426,0.0029993,0.00079858],
    "Cu_1":[8.8419e-06,4.235e-05,4.7664e-05,9.1291e-05],
    "Cu_2":[7.5237e-06,2.8378e-05,4.8558e-05,0.0001124],
    "P_1":[0.0004683,0.00052936,0.0013509,0.0020013],
    "Si_1":[0.10367,0.12224,0.35633,0.57424],
    "Si_2":[0.0017816,0.0022744,0.0048643,0.0066331],
    "Si_3":[0.0019861,0.0023198,0.0048249,0.0073655]
}