{
    "Mass" : [20,25,30,40],    
    "Sc_1":[1.1328e-06,2.1278e-06,2.7786e-06,3.951e-06],
    "Fe_1":[0.0020956,0.0024509,0.0034462,0.0053682],
    "Fe_2":[0.033046,0.096927,0.13211,0.27509],
    "Fe_3":[0.0010896,0.0023807,0.0036549,0.007398],
    "Fe_4":[0.00021385,0.00045428,0.00086106,0.00074693],
    "Co_1":[0.00013251,0.00042768,0.00047233,0.00086727],
    "Ni_1":[0.00082579,0.0010587,0.0019898,0.0039326],
    "Ni_2":[0.0010921,0.0032787,0.0042314,0.0095222],
    "Ni_3":[0.00018989,0.00028339,0.00055865,0.00057337],
    "Ni_4":[0.00022866,0.00040888,0.0005172,0.0016333],
    "Ni_5":[7.8481e-05,0.00035413,9.267e-05,0.00099073],
    "K_1":[8.3738e-05,9.996e-05,0.00020918,0.00023225],
    "K_2":[8.9999e-08,2.0192e-07,2.6777e-07,4.6001e-07],
    "K_3":[8.3996e-06,1.1453e-05,2.225e-05,3.3277e-05],
    "Cl_1":[0.00015799,0.00020952,0.00042534,0.00059135],
    "Cl_2":[5.5391e-05,0.00011247,0.00016067,0.00031426],
    "Mg_1":[0.075723,0.21602,0.18142,0.37028],
    "Mg_2":[0.005751,0.015132,0.012211,0.030539],
    "Mg_3":[0.0042015,0.014003,0.013397,0.031383],
    "Zn_1":[4.3359e-05,0.00030566,0.00023857,0.00060702],
    "Zn_2":[4.2704e-05,0.0001769,9.3586e-05,0.00056074],
    "Zn_3":[5.8509e-06,3.5308e-05,7.7705e-06,0.0001153],
    "Zn_4":[2.744e-05,0.0002038,4.8098e-05,0.00071897],
    "Zn_5":[1.1898e-06,8.4561e-06,1.0132e-06,2.5886e-05],
    "Ar_1":[0.005672,0.0092112,0.019046,0.027904],
    "Ar_2":[0.00076842,0.0015391,0.0029555,0.0036224],
    "Ar_3":[2.2022e-06,3.3981e-06,7.4836e-06,4.5637e-06],
    "O_1":[0.87064,2.4404,3.3577,6.9075],
    "O_2":[0.00046773,0.00048728,0.00079313,0.00050697],
    "O_3":[0.0020946,0.0014285,0.0012245,0.0048632],
    "N_1":[0.041439,0.042126,0.055472,0.039365],
    "N_2":[0.00012471,9.3308e-05,9.8195e-06,2.6054e-05],
    "C_1":[0.13729,0.13114,0.15453,0.42323],
    "C_2":[0.00078878,0.00033018,0.0010196,0.00039514],
    "Na_1":[0.0063232,0.011421,0.011535,0.032296],
    "Cr_1":[3.892e-05,4.6737e-05,7.4927e-05,9.7892e-05],
    "Cr_2":[0.00033028,0.0010247,0.001598,0.0029338],
    "Cr_3":[3.6064e-05,7.6362e-05,0.0001177,0.00017548],
    "Cr_4":[7.7165e-06,1.4572e-05,1.93e-05,2.6784e-05],
    "Mn_1":[0.00018844,0.0002789,0.00043728,0.00054324],
    "V_1":[3.1397e-08,1.0054e-07,1.8186e-07,2.0213e-07],
    "V_2":[6.4921e-06,2.0633e-05,2.3083e-05,4.3931e-05],
    "Al_1":[0.0057581,0.017938,0.016923,0.044035],
    "Ti_1":[9.724e-06,1.8361e-05,3.1004e-05,3.8726e-05],
    "Ti_2":[3.3494e-06,8.3194e-06,1.2484e-05,2.4212e-05],
    "Ti_3":[5.9594e-05,0.0001653,0.00022889,0.00050015],
    "Ti_4":[2.7491e-06,6.8799e-06,8.7389e-06,1.4547e-05],
    "Ti_5":[2.7151e-06,6.8065e-06,5.1228e-06,1.6997e-05],
    "S_1":[0.03922,0.064227,0.13384,0.19099],
    "S_2":[0.00039427,0.00059416,0.0012074,0.00161],
    "S_3":[0.0024182,0.0048556,0.0087794,0.011389],
    "S_4":[8.5213e-06,1.7411e-05,3.0391e-05,4.3212e-05],
    "Ca_1":[0.0038926,0.0069106,0.013505,0.020609],
    "Ca_2":[2.1428e-05,3.8459e-05,7.357e-05,8.6661e-05],
    "Ca_3":[1.8398e-06,2.1182e-06,3.2644e-06,4.4972e-06],
    "Ca_4":[3.8334e-05,0.00010363,0.00011915,0.00030612],
    "Ca_5":[5.2511e-07,1.2563e-06,1.4245e-06,1.8423e-06],
    "Ca_6":[1.8758e-06,1.5557e-06,5.8538e-06,1.9297e-06],
    "F_1":[3.2555e-05,0.00012292,7.1884e-06,9.0799e-06],
    "Ne_1":[0.20642,0.67855,0.51322,1.4021],
    "Ne_2":[0.00103,0.0014385,0.0013429,0.0027249],
    "Ne_3":[0.004604,0.010605,0.0065889,0.0050418],
    "Cu_1":[4.7644e-05,0.00014853,5.3564e-05,0.0003038],
    "Cu_2":[2.2142e-05,0.00010447,3.6324e-05,0.00030957],
    "P_1":[0.0006881,0.0015585,0.0023398,0.0034759],
    "Si_1":[0.099549,0.17525,0.31775,0.46821],
    "Si_2":[0.0022859,0.0055163,0.0074181,0.011107],
    "Si_3":[0.0026337,0.0073765,0.0091993,0.012688]
}