{
    "Mass" : [1],    
    "Fe":[0.000478987],
    "Ni":[0.0],
    "Mg":[0.000284399],
    "Ar":[0.0],
    "O":[0.00601985],
    "N":[0.0],
    "C":[0.000939692],
    "Na":[0.0],
    "Al":[0.0],
    "S":[0.000361202],
    "Ca":[6.60817e-05],
    "Ne":[0.0],
    "Si":[0.000669023]
}