{
    "Mass" : [1],    
    "Fe":[0.00103862],
    "Ni":[0.0],
    "Mg":[0.000309122],
    "Ar":[0.0],
    "O":[0.00655114],
    "N":[0.0],
    "C":[0.000958574],
    "Na":[0.0],
    "Al":[0.0],
    "S":[0.000290788],
    "Ca":[4.25227e-05],
    "Ne":[0.0],
    "Si":[0.000634763]
}