{
    "Mass" : [1.0],    
    "Fe":[0.000769782],
    "Ni":[0.0],
    "Mg":[0.000580695],
    "Ar":[0.0],
    "O":[0.00720257],
    "N":[0.0],
    "C":[0.000925402],
    "Na":[0.0],
    "Al":[0.0],
    "S":[0.000311334],
    "Ca":[4.46068e-05],
    "Ne":[0.0],
    "Si":[0.000738081]
}