{
    "Mass" : [1.0],    
    "Fe":[0.000892423],
    "Ni":[0.0],
    "Mg":[0.000263709],
    "Ar":[0.0],
    "O":[0.00631291],
    "N":[0.0],
    "C":[0.000953588],
    "Na":[0.0],
    "Al":[0.0],
    "S":[0.0003158],
    "Ca":[4.72174e-05],
    "Ne":[0.0],
    "Si":[0.000671087]
}