{
    "Mass" : [1],
    "Fe":[0.000613524],
    "Ni":[0.0],
    "Mg":[0.000185392],
    "Ar":[0.0],
    "O":[0.00363301],
    "N":[0.0],
    "C":[0.000771975],
    "Na":[0.0],
    "Al":[0.0],
    "S":[0.00013203],
    "Ca":[2.42324e-05],
    "Ne":[0.0],
    "Si":[0.00024982]
}