{"Mass":null,"He_4":0.0027641556284,"C_12":0.0032515722605,"C_13":3.1188889746e-09,"N_14":8.68505303424e-07,"N_15":1.75148744785e-08,"O_16":0.140558435887,"O_17":1.38973415613e-09,"O_18":5.89752245423e-10,"Ne_20":0.00350454711281,"Ne_21":2.4871531132e-07,"Ne_22":1.08084807017e-05,"Na_23":3.26281802267e-05,"Mg_24":0.00242621419634,"Mg_25":1.1396964699e-05,"Mg_26":3.96189160469e-05,"Al_27":0.000210050322663,"Si_28":0.198526844206,"Si_29":0.000448133080294,"Si_30":0.000284510146989,"P_31":0.000285097538316,"S_32":0.149822850157,"S_33":0.000348877116705,"S_34":0.00170281996269,"S_36":1.74969834197e-08,"Cl_35":0.000116408539194,"Cl_37":4.38775015592e-05,"Ar_36":0.0369663420925,"Ar_38":0.000693264763788,"Ar_40":6.40800032687e-10,"K_39":6.15899507691e-05,"K_40":1.98187723307e-08,"K_41":6.62103224586e-06,"Ca_40":0.0432309027724,"Ca_42":2.31340446999e-05,"Ca_43":2.75122950704e-08,"Ca_44":2.38211134194e-05,"Sc_45":3.36693210061e-07,"Ti_46":7.47311990524e-06,"Ti_47":2.25882677011e-07,"Ti_48":0.00082825513644,"Ti_49":3.91455196941e-05,"Ti_50":2.34257518994e-11,"V_50":1.77939398262e-10,"V_51":5.28675627351e-05,"Cr_50":0.000128050490586,"Cr_52":0.0137629194321,"Cr_53":0.00089779801381,"Cr_54":4.80271639363e-07,"Mn_55":0.00430398136854,"Fe_54":0.0369385888033,"Fe_56":0.667775865796,"Fe_57":0.0128088328214,"Fe_58":1.33479032531e-06,"Co_59":0.000302572292515,"Ni_58":0.0365391175988,"Ni_60":0.0060287074053,"Ni_61":0.000151204375921,"Ni_62":0.000818843244301,"Cu_63":9.7058624582e-07,"Cu_65":6.34736571487e-07,"Zn_64":5.74607572443e-05,"Zn_66":7.93555848361e-06,"Zn_67":1.43628656395e-08,"Zn_68":2.35391274475e-09}