{"Mass":null,"He_4":0.0157048972081,"C_12":0.000602523963968,"C_13":4.66641657784e-10,"N_14":1.19900198994e-07,"N_15":8.54230237799e-09,"O_16":0.0419081969969,"O_17":3.53893069266e-10,"O_18":1.31156323265e-10,"Ne_20":0.000375588872779,"Ne_21":5.16271196867e-08,"Ne_22":3.54851659747e-06,"Na_23":3.86392695807e-06,"Mg_24":0.000243151568944,"Mg_25":1.7013085492e-06,"Mg_26":4.5731398729e-06,"Al_27":2.21674003593e-05,"Si_28":0.0872216649518,"Si_29":7.31400405893e-05,"Si_30":4.34156037228e-05,"P_31":5.14618105788e-05,"S_32":0.0701009984324,"S_33":8.1757865438e-05,"S_34":0.000520589481262,"S_36":2.05919839243e-09,"Cl_35":3.74123105034e-05,"Cl_37":1.50076076546e-05,"Ar_36":0.0183633334129,"Ar_38":0.000330181183288,"Ar_40":1.08411066213e-10,"K_39":3.25636673359e-05,"K_40":6.33964330326e-09,"K_41":3.1692611965e-06,"Ca_40":0.0219953965923,"Ca_42":1.18775141677e-05,"Ca_43":1.83976068397e-07,"Ca_44":8.03964942685e-05,"Sc_45":1.93641432415e-07,"Ti_46":3.99704457648e-06,"Ti_47":4.65484191275e-07,"Ti_48":0.000506220369469,"Ti_49":2.02325455166e-05,"Ti_50":2.64719017878e-11,"V_50":1.96223548481e-10,"V_51":2.96641504014e-05,"Cr_50":7.48162171322e-05,"Cr_52":0.00682998951504,"Cr_53":0.000496106756982,"Cr_54":5.44788414395e-07,"Mn_55":0.00300303894037,"Fe_54":0.0299070484334,"Fe_56":0.971707266748,"Fe_57":0.0235983522005,"Fe_58":1.62109077294e-06,"Co_59":0.000623955365875,"Ni_58":0.0430225140067,"Ni_60":0.0249619679059,"Ni_61":0.000801108278454,"Ni_62":0.00275464701575,"Cu_63":3.37397953664e-06,"Cu_65":5.43586742474e-06,"Zn_64":0.000606952668263,"Zn_66":5.69626754053e-05,"Zn_67":8.7721983019e-08,"Zn_68":1.37286888416e-08}