{"Mass":null,"He_4":0.000578151281992,"C_12":0.0092037193182,"C_13":1.21597150871e-08,"N_14":2.02418077633e-06,"N_15":1.48036791444e-08,"O_16":0.227524828951,"O_17":5.50191770673e-09,"O_18":1.42247784775e-09,"Ne_20":0.00915196110434,"Ne_21":1.24073652376e-06,"Ne_22":4.08751866431e-05,"Na_23":0.000101952385745,"Mg_24":0.0053854928053,"Mg_25":3.37439112226e-05,"Mg_26":0.000109670338932,"Al_27":0.000450645713785,"Si_28":0.294832836215,"Si_29":0.000834821433811,"Si_30":0.000556021773077,"P_31":0.000532449403887,"S_32":0.216503839962,"S_33":0.000591054946637,"S_34":0.00254355634368,"S_36":3.10285661989e-08,"Cl_35":0.000188437512994,"Cl_37":6.90165495432e-05,"Ar_36":0.0516830563791,"Ar_38":0.000954936881634,"Ar_40":1.19028228596e-09,"K_39":8.16892443645e-05,"K_40":3.14439623713e-08,"K_41":9.1520057847e-06,"Ca_40":0.0591658649222,"Ca_42":3.13113018277e-05,"Ca_43":3.75738471455e-08,"Ca_44":2.6729061529e-05,"Sc_45":4.41170822771e-07,"Ti_46":9.83676046637e-06,"Ti_47":2.88701176298e-07,"Ti_48":0.00105942633213,"Ti_49":5.10702025625e-05,"Ti_50":1.71828320373e-11,"V_50":1.58427086171e-10,"V_51":6.26217208796e-05,"Cr_50":0.000167867988557,"Cr_52":0.0159533216154,"Cr_53":0.00105258110093,"Cr_54":4.39869212183e-07,"Mn_55":0.00443604550643,"Fe_54":0.0403593224027,"Fe_56":0.380268255185,"Fe_57":0.00719529360068,"Fe_58":1.2014430579e-06,"Co_59":0.000202827724243,"Ni_58":0.03149905955,"Ni_60":0.00269597487472,"Ni_61":5.6139481781e-05,"Ni_62":0.000555448520403,"Cu_63":8.53328209926e-07,"Cu_65":4.16095853258e-07,"Zn_64":2.47958409978e-05,"Zn_66":6.90151862682e-06,"Zn_67":2.07168306249e-08,"Zn_68":3.85564524814e-09}