{"Mass":null,"He_4":0.00549700239802,"C_12":0.00208769346897,"C_13":2.41042826155e-09,"N_14":5.93494797039e-07,"N_15":1.76691766423e-08,"O_16":0.118904415762,"O_17":9.06148902754e-10,"O_18":4.60982297388e-10,"Ne_20":0.00243737058227,"Ne_21":1.6852111735e-07,"Ne_22":7.29956349905e-06,"Na_23":2.0738354556e-05,"Mg_24":0.00171635693028,"Mg_25":6.53500422161e-06,"Mg_26":2.5064775518e-05,"Al_27":0.000143673924987,"Si_28":0.169405173093,"Si_29":0.000341714964544,"Si_30":0.000218952700714,"P_31":0.000214879396117,"S_32":0.129269801566,"S_33":0.000282927739876,"S_34":0.00148579452613,"S_36":1.33534359045e-08,"Cl_35":9.66786422956e-05,"Cl_37":3.74701956163e-05,"Ar_36":0.0322671891682,"Ar_38":0.000642688765293,"Ar_40":4.6522811621e-10,"K_39":5.54580460655e-05,"K_40":1.62331201711e-08,"K_41":5.86317116052e-06,"Ca_40":0.0378529701004,"Ca_42":2.12475091291e-05,"Ca_43":5.12377811413e-08,"Ca_44":3.40195075447e-05,"Sc_45":3.05640184019e-07,"Ti_46":6.60651129008e-06,"Ti_47":2.53949407702e-07,"Ti_48":0.000747543828663,"Ti_49":3.41982581727e-05,"Ti_50":2.65895272254e-11,"V_50":1.97294114354e-10,"V_51":4.6869547939e-05,"Cr_50":0.000111877161975,"Cr_52":0.0121321448663,"Cr_53":0.000804688664231,"Cr_54":5.46981622855e-07,"Mn_55":0.00396546900757,"Fe_54":0.0348985034783,"Fe_56":0.745079493299,"Fe_57":0.0155489578449,"Fe_58":1.60382056566e-06,"Co_59":0.000375502802086,"Ni_58":0.0387103577697,"Ni_60":0.00967421448018,"Ni_61":0.000271244818974,"Ni_62":0.00118364035874,"Cu_63":1.36078599402e-06,"Cu_65":1.46954836441e-06,"Zn_64":0.000156511973606,"Zn_66":1.63619805576e-05,"Zn_67":2.64280915894e-08,"Zn_68":3.79676229484e-09}