{"Mass":null,"He_4":0.0137625787925,"C_12":0.000746405250423,"C_13":8.83912276518e-10,"N_14":1.6778063713e-07,"N_15":9.90699760535e-09,"O_16":0.0532812702424,"O_17":3.98005665794e-10,"O_18":1.56239015671e-10,"Ne_20":0.000524177808607,"Ne_21":4.27640219887e-08,"Ne_22":3.9999552723e-06,"Na_23":5.20787122966e-06,"Mg_24":0.000380403138107,"Mg_25":2.26335854895e-06,"Mg_26":6.47020697361e-06,"Al_27":3.095809463e-05,"Si_28":0.102732364238,"Si_29":0.000104483098245,"Si_30":6.13914704027e-05,"P_31":6.8673473145e-05,"S_32":0.0828519396404,"S_33":0.000112390774748,"S_34":0.000674643869036,"S_36":3.21500892328e-09,"Cl_35":4.61099520625e-05,"Cl_37":1.91815420351e-05,"Ar_36":0.0218963576279,"Ar_38":0.000380455585088,"Ar_40":1.32394881652e-10,"K_39":3.93647512209e-05,"K_40":7.34482932795e-09,"K_41":3.98160285691e-06,"Ca_40":0.0268749520457,"Ca_42":1.36766507695e-05,"Ca_43":1.57970388052e-07,"Ca_44":7.41927555558e-05,"Sc_45":2.52627804436e-07,"Ti_46":4.90001096822e-06,"Ti_47":4.34831567483e-07,"Ti_48":0.000592664887149,"Ti_49":2.46473086066e-05,"Ti_50":2.59783914049e-11,"V_50":2.01107643476e-10,"V_51":3.50721056598e-05,"Cr_50":8.65203535847e-05,"Cr_52":0.00876636906614,"Cr_53":0.00060027786581,"Cr_54":5.55892242736e-07,"Mn_55":0.00334851231422,"Fe_54":0.0312323821519,"Fe_56":0.928695965152,"Fe_57":0.02173712147,"Fe_58":1.65965074254e-06,"Co_59":0.000563890992966,"Ni_58":0.0414723429178,"Ni_60":0.0214097210523,"Ni_61":0.000675855675785,"Ni_62":0.00234504087949,"Cu_63":2.79647270629e-06,"Cu_65":4.47248730563e-06,"Zn_64":0.000503157637362,"Zn_66":4.68551858745e-05,"Zn_67":7.06845655018e-08,"Zn_68":1.08490658994e-08}