{"Mass":null,"He_4":0.0012220184277,"C_12":0.00522865197349,"C_13":6.56187977532e-09,"N_14":1.35221561719e-06,"N_15":1.83861459335e-08,"O_16":0.182167955836,"O_17":3.06762585687e-09,"O_18":1.20237251491e-09,"Ne_20":0.00660933850155,"Ne_21":7.49748478142e-07,"Ne_22":2.11675133764e-05,"Na_23":5.74368961975e-05,"Mg_24":0.0041436643604,"Mg_25":2.42309515848e-05,"Mg_26":6.9671950202e-05,"Al_27":0.00034911775871,"Si_28":0.250097912627,"Si_29":0.000638706172851,"Si_30":0.000415036489147,"P_31":0.000393068047292,"S_32":0.187061621278,"S_33":0.000464689505795,"S_34":0.00210188793232,"S_36":2.27798870567e-08,"Cl_35":0.000146479544137,"Cl_37":5.50688516118e-05,"Ar_36":0.0457540883122,"Ar_38":0.000817897255983,"Ar_40":6.22324533294e-10,"K_39":6.86890874228e-05,"K_40":2.38271321279e-08,"K_41":7.63713750334e-06,"Ca_40":0.0535168032896,"Ca_42":2.69786176611e-05,"Ca_43":3.09274264516e-08,"Ca_44":2.55218193424e-05,"Sc_45":3.75312655998e-07,"Ti_46":8.64070095757e-06,"Ti_47":2.6136307336e-07,"Ti_48":0.00102148614074,"Ti_49":4.76921375227e-05,"Ti_50":2.25644781773e-11,"V_50":1.74343663225e-10,"V_51":6.23660392141e-05,"Cr_50":0.000153562203947,"Cr_52":0.0165956008139,"Cr_53":0.00105360039305,"Cr_54":4.7568024704e-07,"Mn_55":0.00469498575251,"Fe_54":0.0394709930605,"Fe_56":0.515066503005,"Fe_57":0.00921270746324,"Fe_58":1.31656394209e-06,"Co_59":0.000233155295826,"Ni_58":0.0333439123616,"Ni_60":0.00365126115263,"Ni_61":8.2383777276e-05,"Ni_62":0.000621714143186,"Cu_63":8.10536470727e-07,"Cu_65":4.17897151742e-07,"Zn_64":3.10745355259e-05,"Zn_66":6.73766925276e-06,"Zn_67":1.57315771696e-08,"Zn_68":3.17815359397e-09}