{"Mass":null,"C_12":0.271,"C_13":1e-06,"N_14":5.35e-05,"N_15":8.89e-08,"O_16":0.353,"O_17":7.82e-06,"O_18":1.78e-07,"F_19":1.37e-09,"Ne_20":0.0185,"Ne_21":6.89e-06,"Ne_22":0.0134,"Na_23":0.00044,"Mg_24":0.0192,"Mg_25":0.000517,"Mg_26":0.000644,"Al_27":0.00142,"Si_28":0.0846,"Si_29":0.00113,"Si_30":0.00198,"P_31":0.000476,"S_32":0.0268,"S_33":0.000136,"S_34":0.00138,"S_36":1.82e-07,"Cl_35":8.41e-05,"Cl_37":9.45e-06,"Ar_36":0.00381,"Ar_38":0.000565,"Ar_40":4.18e-09,"K_39":2.77e-05,"K_41":1.41e-06,"Ca_40":0.00314,"Ca_42":1.13e-05,"Ca_43":1.77e-08,"Ca_44":2.33e-06,"Ca_46":6.12e-12,"Ca_48":3.03e-16,"Sc_45":4.17e-08,"Ti_46":5.24e-06,"Ti_47":1.71e-07,"Ti_48":8.19e-05,"Ti_49":7.66e-06,"Ti_50":4.38e-08,"V_50":2.57e-09,"V_51":4.76e-05,"Cr_50":0.000202,"Cr_52":0.00375,"Cr_53":0.000807,"Cr_54":4.65e-06,"Mn_55":0.0118,"Fe_54":0.0998,"Fe_56":0.391,"Fe_57":0.0144,"Fe_58":2.75e-05,"Co_59":0.000516,"Ni_58":0.0709,"Ni_60":0.0046,"Ni_61":1.64e-05,"Ni_62":0.000128,"Ni_64":5.8e-09,"Cu_63":2.05e-07,"Cu_65":2.54e-08,"Zn_64":5.35e-07,"Zn_66":5.84e-07,"Zn_67":3.81e-10,"Zn_68":2.5e-10,"Zn_70":1.69e-16}