{"Mass":null,"C_12":0.0431,"C_13":3.06e-08,"N_14":6.37e-06,"N_15":9.52e-09,"O_16":0.0599,"O_17":9.03e-07,"O_18":1.35e-08,"F_19":1.23e-10,"Ne_20":0.00305,"Ne_21":7.16e-07,"Ne_22":0.00215,"Na_23":5.06e-05,"Mg_24":0.00394,"Mg_25":6.8e-05,"Mg_26":9.62e-05,"Al_27":0.000261,"Si_28":0.0248,"Si_29":0.000234,"Si_30":0.000433,"P_31":0.000103,"S_32":0.00859,"S_33":3.52e-05,"S_34":0.000368,"S_36":4.14e-08,"Cl_35":2.08e-05,"Cl_37":2.78e-06,"Ar_36":0.00132,"Ar_38":0.000159,"Ar_40":1.02e-09,"K_39":8.21e-06,"K_41":4.31e-07,"Ca_40":0.00114,"Ca_42":3.25e-06,"Ca_43":5.36e-09,"Ca_44":8.98e-07,"Ca_46":1.97e-12,"Ca_48":5.29e-15,"Sc_45":1.4e-08,"Ti_46":1.57e-06,"Ti_47":5.66e-08,"Ti_48":3.09e-05,"Ti_49":2.68e-06,"Ti_50":1.24e-07,"V_50":9.42e-10,"V_51":1.5e-05,"Cr_50":5.4e-05,"Cr_52":0.00128,"Cr_53":0.00024,"Cr_54":4.18e-06,"Mn_55":0.00367,"Fe_54":0.025,"Fe_56":0.162,"Fe_57":0.00577,"Fe_58":3.01e-05,"Co_59":0.000131,"Ni_58":0.0222,"Ni_60":0.0011,"Ni_61":8.49e-06,"Ni_62":7.99e-05,"Ni_64":1.82e-08,"Cu_63":8.84e-08,"Cu_65":1.52e-08,"Zn_64":2.45e-07,"Zn_66":3.2e-07,"Zn_67":2.18e-10,"Zn_68":1.68e-10,"Zn_70":1.39e-15}