{"Mass":null,"C_12":0.287,"C_13":1.8e-07,"N_14":3.52e-05,"N_15":5.41e-08,"O_16":0.366,"O_17":4.97e-06,"O_18":8.23e-08,"F_19":7.07e-10,"Ne_20":0.0156,"Ne_21":3.95e-06,"Ne_22":0.0145,"Na_23":0.000279,"Mg_24":0.0181,"Mg_25":0.00036,"Mg_26":0.000506,"Al_27":0.00127,"Si_28":0.0804,"Si_29":0.00106,"Si_30":0.00192,"P_31":0.000449,"S_32":0.0254,"S_33":0.000127,"S_34":0.00132,"S_36":1.78e-07,"Cl_35":7.83e-05,"Cl_37":8.53e-06,"Ar_36":0.0036,"Ar_38":0.000522,"Ar_40":3.94e-09,"K_39":2.48e-05,"K_41":1.25e-06,"Ca_40":0.00296,"Ca_42":1e-05,"Ca_43":1.56e-08,"Ca_44":2.07e-06,"Ca_46":5.59e-12,"Ca_48":1.03e-16,"Sc_45":3.5e-08,"Ti_46":4.66e-06,"Ti_47":1.48e-07,"Ti_48":6.93e-05,"Ti_49":5.76e-06,"Ti_50":5.04e-11,"V_50":6.23e-10,"V_51":2.79e-05,"Cr_50":0.000104,"Cr_52":0.00245,"Cr_53":0.000395,"Cr_54":7.15e-08,"Mn_55":0.00594,"Fe_54":0.034,"Fe_56":0.327,"Fe_57":0.0103,"Fe_58":8.57e-08,"Co_59":9.01e-05,"Ni_58":0.0321,"Ni_60":0.000419,"Ni_61":1.55e-05,"Ni_62":0.000128,"Ni_64":4.94e-14,"Cu_63":9.51e-08,"Cu_65":3.61e-08,"Zn_64":5.37e-07,"Zn_66":8.67e-07,"Zn_67":5.59e-10,"Zn_68":3.3e-10,"Zn_70":2.71e-25}