{"Mass":null,"C_12":0.184,"C_13":7.26e-07,"N_14":6.49e-05,"N_15":1.55e-07,"O_16":0.307,"O_17":8.33e-06,"O_18":3.28e-07,"F_19":3.16e-09,"Ne_20":0.0626,"Ne_21":1.2e-05,"Ne_22":0.00847,"Na_23":0.00106,"Mg_24":0.0323,"Mg_25":0.00114,"Mg_26":0.00169,"Al_27":0.00405,"Si_28":0.0945,"Si_29":0.00176,"Si_30":0.00255,"P_31":0.00065,"S_32":0.0299,"S_33":0.000149,"S_34":0.00147,"S_36":1.81e-07,"Cl_35":9.29e-05,"Cl_37":1.1e-05,"Ar_36":0.0043,"Ar_38":0.000637,"Ar_40":4.8e-09,"K_39":3.42e-05,"K_41":1.73e-06,"Ca_40":0.00352,"Ca_42":1.39e-05,"Ca_43":2.64e-08,"Ca_44":2.58e-06,"Ca_46":6.67e-10,"Ca_48":9.58e-11,"Sc_45":5.35e-08,"Ti_46":6.32e-06,"Ti_47":2e-07,"Ti_48":8.79e-05,"Ti_49":8.07e-06,"Ti_50":0.000101,"V_50":3e-08,"V_51":9.92e-05,"Cr_50":0.000202,"Cr_52":0.00718,"Cr_53":0.00101,"Cr_54":0.00124,"Mn_55":0.0113,"Fe_54":0.0838,"Fe_56":0.382,"Fe_57":0.0134,"Fe_58":0.00507,"Co_59":0.000776,"Ni_58":0.0591,"Ni_60":0.00755,"Ni_61":6.38e-05,"Ni_62":0.00241,"Ni_64":9.48e-06,"Cu_63":2e-06,"Cu_65":2.34e-07,"Zn_64":5.95e-07,"Zn_66":7.06e-07,"Zn_67":1.1e-09,"Zn_68":9.74e-09,"Zn_70":2.11e-12}