{"Mass":null,"C_12":0.26,"C_13":2.39e-06,"N_14":7.04e-05,"N_15":1.3e-07,"O_16":0.354,"O_17":9.64e-06,"O_18":2.88e-07,"F_19":2.3e-09,"Ne_20":0.026,"Ne_21":1.06e-05,"Ne_22":0.0125,"Na_23":0.000678,"Mg_24":0.0227,"Mg_25":0.00075,"Mg_26":0.000926,"Al_27":0.00189,"Si_28":0.0943,"Si_29":0.00133,"Si_30":0.00226,"P_31":0.000544,"S_32":0.0297,"S_33":0.000152,"S_34":0.00154,"S_36":2.03e-07,"Cl_35":9.45e-05,"Cl_37":1.05e-05,"Ar_36":0.0042,"Ar_38":0.000627,"Ar_40":4.72e-09,"K_39":3.1e-05,"K_41":1.57e-06,"Ca_40":0.00343,"Ca_42":1.26e-05,"Ca_43":2.11e-08,"Ca_44":2.52e-06,"Ca_46":7.26e-12,"Ca_48":2.15e-15,"Sc_45":4.61e-08,"Ti_46":5.79e-06,"Ti_47":1.88e-07,"Ti_48":8.6e-05,"Ti_49":7.78e-06,"Ti_50":1.56e-07,"V_50":2.99e-09,"V_51":4.58e-05,"Cr_50":0.000191,"Cr_52":0.00373,"Cr_53":0.000753,"Cr_54":8.28e-06,"Mn_55":0.0109,"Fe_54":0.0862,"Fe_56":0.397,"Fe_57":0.0143,"Fe_58":5.98e-05,"Co_59":0.000465,"Ni_58":0.0647,"Ni_60":0.00421,"Ni_61":2.05e-05,"Ni_62":0.000182,"Ni_64":2.39e-08,"Cu_63":2.41e-07,"Cu_65":3.6e-08,"Zn_64":6.47e-07,"Zn_66":7.87e-07,"Zn_67":5.28e-10,"Zn_68":3.69e-10,"Zn_70":1.15e-15}