{"Mass":null,"C_12":0.0238,"C_13":2.48e-08,"N_14":5.15e-06,"N_15":7.82e-09,"O_16":0.0357,"O_17":7.19e-07,"O_18":1.14e-08,"F_19":9.97e-11,"Ne_20":0.00238,"Ne_21":5.66e-07,"Ne_22":0.00117,"Na_23":4e-05,"Mg_24":0.00298,"Mg_25":5.32e-05,"Mg_26":7.34e-05,"Al_27":0.000204,"Si_28":0.0151,"Si_29":0.000172,"Si_30":0.000318,"P_31":7.67e-05,"S_32":0.00499,"S_33":2.38e-05,"S_34":0.000234,"S_36":3.03e-08,"Cl_35":1.49e-05,"Cl_37":1.75e-06,"Ar_36":0.000735,"Ar_38":9.81e-05,"Ar_40":7.55e-10,"K_39":5.2e-06,"K_41":2.69e-07,"Ca_40":0.000612,"Ca_42":2.03e-06,"Ca_43":3.78e-09,"Ca_44":4.83e-07,"Ca_46":1.22e-12,"Ca_48":1.92e-15,"Sc_45":8.45e-09,"Ti_46":9.66e-07,"Ti_47":3.38e-08,"Ti_48":1.57e-05,"Ti_49":1.37e-06,"Ti_50":4.41e-08,"V_50":5.01e-10,"V_51":7.61e-06,"Cr_50":3.04e-05,"Cr_52":0.000606,"Cr_53":0.000118,"Cr_54":1.68e-06,"Mn_55":0.00176,"Fe_54":0.013,"Fe_56":0.0756,"Fe_57":0.00282,"Fe_58":1.18e-05,"Co_59":7.82e-05,"Ni_58":0.0116,"Ni_60":0.00064,"Ni_61":5.36e-06,"Ni_62":4.6e-05,"Ni_64":6.64e-09,"Cu_63":5.24e-08,"Cu_65":1.01e-08,"Zn_64":1.66e-07,"Zn_66":2.18e-07,"Zn_67":1.5e-10,"Zn_68":1.04e-10,"Zn_70":5.32e-16}