{"Mass":null,"C_12":0.0115,"C_13":8.75e-09,"N_14":1.63e-06,"N_15":2.31e-09,"O_16":0.0157,"O_17":2.39e-07,"O_18":3.15e-09,"F_19":2.81e-11,"Ne_20":0.000762,"Ne_21":1.73e-07,"Ne_22":0.000575,"Na_23":1.27e-05,"Mg_24":0.000979,"Mg_25":1.69e-05,"Mg_26":2.43e-05,"Al_27":6.42e-05,"Si_28":0.00524,"Si_29":5.88e-05,"Si_30":0.000109,"P_31":2.53e-05,"S_32":0.00177,"S_33":8.11e-06,"S_34":8.17e-05,"S_36":1.11e-08,"Cl_35":4.96e-06,"Cl_37":5.91e-07,"Ar_36":0.000271,"Ar_38":3.29e-05,"Ar_40":2.67e-10,"K_39":1.73e-06,"K_41":9.08e-08,"Ca_40":0.000231,"Ca_42":6.68e-07,"Ca_43":1.46e-09,"Ca_44":1.97e-07,"Ca_46":4.82e-13,"Ca_48":7.17e-16,"Sc_45":3.03e-09,"Ti_46":3.21e-07,"Ti_47":1.29e-08,"Ti_48":6.11e-06,"Ti_49":5.3e-07,"Ti_50":2.09e-08,"V_50":1.9e-10,"V_51":2.89e-06,"Cr_50":1e-05,"Cr_52":0.000237,"Cr_53":4.43e-05,"Cr_54":7.65e-07,"Mn_55":0.000689,"Fe_54":0.00433,"Fe_56":0.0353,"Fe_57":0.0013,"Fe_58":5.69e-06,"Co_59":2.82e-05,"Ni_58":0.00455,"Ni_60":0.000224,"Ni_61":3.18e-06,"Ni_62":2.71e-05,"Ni_64":3.58e-09,"Cu_63":2.76e-08,"Cu_65":6.57e-09,"Zn_64":1.01e-07,"Zn_66":1.42e-07,"Zn_67":1e-10,"Zn_68":6.79e-11,"Zn_70":3.06e-16}