{"Mass":null,"C_12":0.31,"C_13":5.28e-07,"N_14":3.79e-05,"N_15":5.75e-08,"O_16":0.39,"O_17":5.7e-06,"O_18":8.83e-08,"F_19":7.48e-10,"Ne_20":0.0158,"Ne_21":4.18e-06,"Ne_22":0.0157,"Na_23":0.000295,"Mg_24":0.0182,"Mg_25":0.000375,"Mg_26":0.000516,"Al_27":0.00127,"Si_28":0.0789,"Si_29":0.00107,"Si_30":0.00192,"P_31":0.000452,"S_32":0.025,"S_33":0.000128,"S_34":0.0013,"S_36":1.81e-07,"Cl_35":7.95e-05,"Cl_37":8.56e-06,"Ar_36":0.00356,"Ar_38":0.000516,"Ar_40":4.02e-09,"K_39":2.49e-05,"K_41":1.26e-06,"Ca_40":0.00296,"Ca_42":1.01e-05,"Ca_43":1.53e-08,"Ca_44":2.15e-06,"Ca_46":5.75e-12,"Ca_48":1.06e-16,"Sc_45":3.71e-08,"Ti_46":4.74e-06,"Ti_47":1.54e-07,"Ti_48":7.49e-05,"Ti_49":6.83e-06,"Ti_50":5.28e-10,"V_50":2.6e-09,"V_51":4.35e-05,"Cr_50":0.000196,"Cr_52":0.00361,"Cr_53":0.000822,"Cr_54":3.75e-06,"Mn_55":0.0108,"Fe_54":0.0915,"Fe_56":0.346,"Fe_57":0.0122,"Fe_58":8.43e-06,"Co_59":0.000605,"Ni_58":0.0603,"Ni_60":0.00662,"Ni_61":1.54e-05,"Ni_62":0.000101,"Ni_64":2.46e-11,"Cu_63":2.21e-07,"Cu_65":2.59e-08,"Zn_64":6.1e-07,"Zn_66":6.1e-07,"Zn_67":3.94e-10,"Zn_68":2.34e-10,"Zn_70":1.17e-21}