{"Mass":null,"C_12":0.289,"C_13":1.11e-06,"N_14":4.9e-05,"N_15":7.68e-08,"O_16":0.366,"O_17":8.02e-06,"O_18":1.4e-07,"F_19":1.08e-09,"Ne_20":0.0161,"Ne_21":5.64e-06,"Ne_22":0.0145,"Na_23":0.000378,"Mg_24":0.0176,"Mg_25":0.000445,"Mg_26":0.000551,"Al_27":0.00126,"Si_28":0.0763,"Si_29":0.00104,"Si_30":0.00184,"P_31":0.000436,"S_32":0.024,"S_33":0.000124,"S_34":0.00126,"S_36":1.71e-07,"Cl_35":7.63e-05,"Cl_37":8.39e-06,"Ar_36":0.0034,"Ar_38":0.000505,"Ar_40":3.82e-09,"K_39":2.44e-05,"K_41":1.24e-06,"Ca_40":0.00282,"Ca_42":9.91e-06,"Ca_43":1.53e-08,"Ca_44":2.1e-06,"Ca_46":5.47e-12,"Ca_48":9.48e-17,"Sc_45":3.7e-08,"Ti_46":4.65e-06,"Ti_47":1.54e-07,"Ti_48":7.41e-05,"Ti_49":7.06e-06,"Ti_50":3.4e-10,"V_50":2.09e-09,"V_51":4.65e-05,"Cr_50":0.00021,"Cr_52":0.00354,"Cr_53":0.000841,"Cr_54":2.88e-06,"Mn_55":0.0119,"Fe_54":0.107,"Fe_56":0.365,"Fe_57":0.0138,"Fe_58":6.8e-06,"Co_59":0.000607,"Ni_58":0.0728,"Ni_60":0.00567,"Ni_61":1.43e-05,"Ni_62":9.59e-05,"Ni_64":1.72e-11,"Cu_63":1.87e-07,"Cu_65":2.38e-08,"Zn_64":5.59e-07,"Zn_66":5.64e-07,"Zn_67":3.67e-10,"Zn_68":2.22e-10,"Zn_70":6.93e-22}