{"Mass":null,"C_12":0.0599,"C_13":4.51e-08,"N_14":9.46e-06,"N_15":1.45e-08,"O_16":0.085,"O_17":1.32e-06,"O_18":2.12e-08,"F_19":1.93e-10,"Ne_20":0.00509,"Ne_21":1.09e-06,"Ne_22":0.00298,"Na_23":8.05e-05,"Mg_24":0.00609,"Mg_25":0.000106,"Mg_26":0.000151,"Al_27":0.000422,"Si_28":0.0345,"Si_29":0.000355,"Si_30":0.000651,"P_31":0.000157,"S_32":0.0116,"S_33":5.07e-05,"S_34":0.000524,"S_36":6.04e-08,"Cl_35":3.05e-05,"Cl_37":3.87e-06,"Ar_36":0.00173,"Ar_38":0.000223,"Ar_40":1.52e-09,"K_39":1.15e-05,"K_41":5.93e-07,"Ca_40":0.00146,"Ca_42":4.55e-06,"Ca_43":7.83e-09,"Ca_44":1.12e-06,"Ca_46":2.7e-12,"Ca_48":5.09e-15,"Sc_45":1.89e-08,"Ti_46":2.17e-06,"Ti_47":7.51e-08,"Ti_48":3.83e-05,"Ti_49":3.37e-06,"Ti_50":1.3e-07,"V_50":1.21e-09,"V_51":1.92e-05,"Cr_50":7.4e-05,"Cr_52":0.00158,"Cr_53":0.000308,"Cr_54":4.72e-06,"Mn_55":0.00461,"Fe_54":0.0335,"Fe_56":0.189,"Fe_57":0.00688,"Fe_58":3.32e-05,"Co_59":0.000184,"Ni_58":0.0285,"Ni_60":0.00157,"Ni_61":9.85e-06,"Ni_62":9.07e-05,"Ni_64":1.94e-08,"Cu_63":1.1e-07,"Cu_65":1.64e-08,"Zn_64":2.8e-07,"Zn_66":3.49e-07,"Zn_67":2.37e-10,"Zn_68":1.86e-10,"Zn_70":1.46e-15}