{"Mass":null,"C_12":0.126,"C_13":3.47e-07,"N_14":3.31e-05,"N_15":6.25e-08,"O_16":0.189,"O_17":4.35e-06,"O_18":1.22e-07,"F_19":1.07e-09,"Ne_20":0.0195,"Ne_21":4.99e-06,"Ne_22":0.00601,"Na_23":0.000363,"Mg_24":0.0163,"Mg_25":0.000426,"Mg_26":0.000586,"Al_27":0.00143,"Si_28":0.0723,"Si_29":0.000929,"Si_30":0.00157,"P_31":0.000393,"S_32":0.023,"S_33":0.000115,"S_34":0.00117,"S_36":1.31e-07,"Cl_35":7.07e-05,"Cl_37":8.58e-06,"Ar_36":0.00325,"Ar_38":0.000504,"Ar_40":3.53e-09,"K_39":2.61e-05,"K_41":1.32e-06,"Ca_40":0.00262,"Ca_42":1.07e-05,"Ca_43":2.01e-08,"Ca_44":1.9e-06,"Ca_46":6.42e-12,"Ca_48":1.51e-14,"Sc_45":3.88e-08,"Ti_46":4.78e-06,"Ti_47":1.5e-07,"Ti_48":6.36e-05,"Ti_49":5.6e-06,"Ti_50":3.3e-07,"V_50":2.42e-09,"V_51":3.13e-05,"Cr_50":0.00013,"Cr_52":0.00259,"Cr_53":0.000492,"Cr_54":1.04e-05,"Mn_55":0.00704,"Fe_54":0.053,"Fe_56":0.275,"Fe_57":0.00983,"Fe_58":7.17e-05,"Co_59":0.000292,"Ni_58":0.042,"Ni_60":0.0026,"Ni_61":1.39e-05,"Ni_62":0.00014,"Ni_64":4.54e-08,"Cu_63":1.67e-07,"Cu_65":2.33e-08,"Zn_64":3.96e-07,"Zn_66":4.74e-07,"Zn_67":3.18e-10,"Zn_68":2.76e-10,"Zn_70":3.46e-15}