{"Mass":null,"C_12":0.217,"C_13":1.73e-06,"N_14":6.09e-05,"N_15":1.34e-07,"O_16":0.303,"O_17":7.64e-06,"O_18":3.05e-07,"F_19":2.72e-09,"Ne_20":0.031,"Ne_21":1.08e-05,"Ne_22":0.0103,"Na_23":0.000758,"Mg_24":0.021,"Mg_25":0.000806,"Mg_26":0.00106,"Al_27":0.00213,"Si_28":0.0797,"Si_29":0.00121,"Si_30":0.00194,"P_31":0.000473,"S_32":0.0251,"S_33":0.000128,"S_34":0.00129,"S_36":1.67e-07,"Cl_35":7.94e-05,"Cl_37":9e-06,"Ar_36":0.00357,"Ar_38":0.000532,"Ar_40":4.05e-09,"K_39":2.67e-05,"K_41":1.35e-06,"Ca_40":0.00292,"Ca_42":1.08e-05,"Ca_43":1.95e-08,"Ca_44":2.16e-06,"Ca_46":6.42e-12,"Ca_48":3.07e-15,"Sc_45":4.05e-08,"Ti_46":4.95e-06,"Ti_47":1.62e-07,"Ti_48":7.33e-05,"Ti_49":6.7e-06,"Ti_50":1.57e-07,"V_50":2.53e-09,"V_51":3.96e-05,"Cr_50":0.000161,"Cr_52":0.00319,"Cr_53":0.000645,"Cr_54":7.31e-06,"Mn_55":0.00947,"Fe_54":0.0736,"Fe_56":0.35,"Fe_57":0.0126,"Fe_58":5.22e-05,"Co_59":0.000374,"Ni_58":0.0557,"Ni_60":0.00333,"Ni_61":1.72e-05,"Ni_62":0.000154,"Ni_64":2.32e-08,"Cu_63":1.97e-07,"Cu_65":3.17e-08,"Zn_64":5.53e-07,"Zn_66":6.83e-07,"Zn_67":4.6e-10,"Zn_68":3.23e-10,"Zn_70":1.29e-15}