{"Mass":null,"C_12":0.247,"C_13":2.16e-06,"N_14":7.33e-05,"N_15":1.47e-07,"O_16":0.334,"O_17":9.24e-06,"O_18":3.54e-07,"F_19":2.84e-09,"Ne_20":0.0267,"Ne_21":1.23e-05,"Ne_22":0.0117,"Na_23":0.000769,"Mg_24":0.0206,"Mg_25":0.000828,"Mg_26":0.00101,"Al_27":0.00188,"Si_28":0.0839,"Si_29":0.00119,"Si_30":0.00201,"P_31":0.00048,"S_32":0.0265,"S_33":0.000135,"S_34":0.00137,"S_36":1.79e-07,"Cl_35":8.31e-05,"Cl_37":9.36e-06,"Ar_36":0.00378,"Ar_38":0.000557,"Ar_40":4.22e-09,"K_39":2.76e-05,"K_41":1.4e-06,"Ca_40":0.00311,"Ca_42":1.12e-05,"Ca_43":1.88e-08,"Ca_44":2.3e-06,"Ca_46":6.77e-12,"Ca_48":5.12e-15,"Sc_45":4.15e-08,"Ti_46":5.15e-06,"Ti_47":1.69e-07,"Ti_48":7.85e-05,"Ti_49":7.14e-06,"Ti_50":2.54e-07,"V_50":2.99e-09,"V_51":4.26e-05,"Cr_50":0.000174,"Cr_52":0.0035,"Cr_53":0.000704,"Cr_54":1.07e-05,"Mn_55":0.0102,"Fe_54":0.0802,"Fe_56":0.372,"Fe_57":0.0134,"Fe_58":7.86e-05,"Co_59":0.000425,"Ni_58":0.0601,"Ni_60":0.00388,"Ni_61":1.93e-05,"Ni_62":0.000185,"Ni_64":3.74e-08,"Cu_63":2.32e-07,"Cu_65":3.36e-08,"Zn_64":5.82e-07,"Zn_66":7.1e-07,"Zn_67":4.73e-10,"Zn_68":3.66e-10,"Zn_70":2.12e-15}