{"Mass":null,"C_12":0.286,"C_13":1.58e-06,"N_14":7.61e-05,"N_15":1.37e-07,"O_16":0.381,"O_17":1.07e-05,"O_18":2.99e-07,"F_19":2.31e-09,"Ne_20":0.0252,"Ne_21":1.08e-05,"Ne_22":0.0139,"Na_23":0.000675,"Mg_24":0.0227,"Mg_25":0.000763,"Mg_26":0.000923,"Al_27":0.00185,"Si_28":0.0962,"Si_29":0.00133,"Si_30":0.00228,"P_31":0.000548,"S_32":0.0302,"S_33":0.000154,"S_34":0.00158,"S_36":2.01e-07,"Cl_35":9.48e-05,"Cl_37":1.08e-05,"Ar_36":0.00424,"Ar_38":0.000648,"Ar_40":4.62e-09,"K_39":3.17e-05,"K_41":1.61e-06,"Ca_40":0.00345,"Ca_42":1.3e-05,"Ca_43":2.04e-08,"Ca_44":2.46e-06,"Ca_46":1.06e-11,"Ca_48":8.17e-14,"Sc_45":4.6e-08,"Ti_46":5.96e-06,"Ti_47":1.88e-07,"Ti_48":8.41e-05,"Ti_49":7.48e-06,"Ti_50":1.23e-06,"V_50":4.22e-09,"V_51":4.44e-05,"Cr_50":0.000187,"Cr_52":0.00372,"Cr_53":0.000715,"Cr_54":3.18e-05,"Mn_55":0.0099,"Fe_54":0.0803,"Fe_56":0.355,"Fe_57":0.0126,"Fe_58":0.000211,"Co_59":0.000472,"Ni_58":0.0585,"Ni_60":0.00442,"Ni_61":2.05e-05,"Ni_62":0.000261,"Ni_64":1.6e-07,"Cu_63":2.91e-07,"Cu_65":3.36e-08,"Zn_64":5.16e-07,"Zn_66":5.81e-07,"Zn_67":3.91e-10,"Zn_68":5.15e-10,"Zn_70":1.37e-14}