{"Mass":null,"C_12":0.0166,"C_13":3.17e-07,"N_14":0.000182,"N_15":1.21e-07,"O_16":0.0558,"O_17":3.6e-06,"O_18":2.39e-07,"F_19":2.3e-10,"Ne_20":0.000455,"Ne_21":1.72e-06,"Ne_22":0.000825,"Na_23":3.01e-05,"Mg_24":0.00262,"Mg_25":2.68e-05,"Mg_26":1.41e-05,"Al_27":0.000141,"Si_28":0.158,"Si_29":0.000213,"Si_30":0.000388,"P_31":0.000107,"S_32":0.0937,"S_33":0.000134,"S_34":0.00146,"S_36":7.44e-08,"Cl_35":5.33e-05,"Cl_37":1.71e-05,"Ar_36":0.0187,"Ar_38":0.000744,"Ar_40":3.56e-09,"K_39":4.52e-05,"K_41":3.62e-06,"Ca_40":0.0188,"Ca_42":1.93e-05,"Ca_43":4.18e-07,"Ca_44":4.66e-05,"Ca_46":4.47e-09,"Ca_48":1.55e-06,"Sc_45":1.76e-07,"Ti_46":8.58e-06,"Ti_47":2.57e-06,"Ti_48":5.23e-06,"Ti_49":3.59e-05,"Ti_50":0.000351,"V_50":9.07e-09,"V_51":0.000102,"Cr_50":0.000284,"Cr_52":0.0113,"Cr_53":0.00117,"Cr_54":0.0016,"Mn_55":0.00616,"Fe_54":0.0515,"Fe_56":0.795,"Fe_57":0.0206,"Fe_58":0.00324,"Co_59":0.000775,"Ni_58":0.0497,"Ni_60":0.0167,"Ni_61":0.000592,"Ni_62":0.00546,"Ni_64":0.000232,"Cu_63":5.92e-06,"Cu_65":3.38e-06,"Zn_64":5.76e-05,"Zn_66":0.000104,"Zn_67":6.27e-07,"Zn_68":9.42e-08}