{"Mass":null,"C_12":0.00508,"C_13":4.16e-07,"N_14":9.03e-05,"N_15":2.47e-07,"O_16":0.0583,"O_17":1.01e-06,"O_18":1.92e-07,"F_19":4.24e-10,"Ne_20":0.000605,"Ne_21":1.99e-06,"Ne_22":0.000211,"Na_23":3.5e-05,"Mg_24":0.0042,"Mg_25":3.25e-05,"Mg_26":2.97e-05,"Al_27":0.000235,"Si_28":0.198,"Si_29":0.000322,"Si_30":0.000614,"P_31":0.000152,"S_32":0.117,"S_33":0.000179,"S_34":0.0019,"S_36":1.25e-07,"Cl_35":6.56e-05,"Cl_37":2.11e-05,"Ar_36":0.0234,"Ar_38":0.000926,"Ar_40":4.82e-09,"K_39":5.34e-05,"K_41":4.25e-06,"Ca_40":0.0238,"Ca_42":2.36e-05,"Ca_43":2.96e-07,"Ca_44":3.62e-05,"Ca_46":1.18e-09,"Ca_48":4.93e-10,"Sc_45":2.02e-07,"Ti_46":1.05e-05,"Ti_47":1.95e-06,"Ti_48":0.00062,"Ti_49":4.17e-05,"Ti_50":7.28e-05,"V_50":1.2e-08,"V_51":0.000109,"Cr_50":0.000336,"Cr_52":0.014,"Cr_53":0.00133,"Cr_54":0.000802,"Mn_55":0.00677,"Fe_54":0.0564,"Fe_56":0.757,"Fe_57":0.018,"Fe_58":0.00306,"Co_59":0.000635,"Ni_58":0.0447,"Ni_60":0.0121,"Ni_61":0.000427,"Ni_62":0.0046,"Ni_64":9.29e-06,"Cu_63":3.97e-06,"Cu_65":2.05e-06,"Zn_64":3.96e-05,"Zn_66":6.11e-05,"Zn_67":4.01e-08,"Zn_68":3.03e-08}