{"Mass":null,"C_12":0.00993,"C_13":8.46e-07,"N_14":9.06e-05,"N_15":2.53e-07,"O_16":0.0934,"O_17":9.55e-07,"O_18":2.08e-07,"F_19":5.83e-10,"Ne_20":0.00116,"Ne_21":3.63e-06,"Ne_22":0.000441,"Na_23":5.1e-05,"Mg_24":0.00772,"Mg_25":4.85e-05,"Mg_26":4.96e-05,"Al_27":0.000445,"Si_28":0.277,"Si_29":0.000552,"Si_30":0.00105,"P_31":0.00024,"S_32":0.163,"S_33":0.000271,"S_34":0.00277,"S_36":2.22e-07,"Cl_35":9.03e-05,"Cl_37":2.86e-05,"Ar_36":0.0318,"Ar_38":0.0012,"Ar_40":7.56e-09,"K_39":6.39e-05,"K_41":5.2e-06,"Ca_40":0.0318,"Ca_42":2.97e-05,"Ca_43":5.15e-08,"Ca_44":1.37e-05,"Ca_46":8.79e-10,"Ca_48":3.54e-11,"Sc_45":2.47e-07,"Ti_46":1.27e-05,"Ti_47":4.93e-07,"Ti_48":0.000732,"Ti_49":5.22e-05,"Ti_50":2.08e-05,"V_50":4.94e-09,"V_51":0.000111,"Cr_50":0.000449,"Cr_52":0.0165,"Cr_53":0.00159,"Cr_54":0.000231,"Mn_55":0.0081,"Fe_54":0.072,"Fe_56":0.565,"Fe_57":0.0101,"Fe_58":0.000863,"Co_59":0.000291,"Ni_58":0.0315,"Ni_60":0.00281,"Ni_61":4e-05,"Ni_62":0.000651,"Ni_64":2.47e-06,"Cu_63":6.14e-07,"Cu_65":1.14e-07,"Zn_64":1.87e-06,"Zn_66":2.84e-06,"Zn_67":1.69e-09,"Zn_68":3.08e-09}