{"Mass":null,"C_12":0.0508,"C_13":1.56e-09,"N_14":3.31e-08,"N_15":4.13e-07,"O_16":0.133,"O_17":3.33e-10,"O_18":2.69e-10,"F_19":1.37e-10,"Ne_20":0.00229,"Ne_21":2.81e-08,"Ne_22":2.15e-08,"Na_23":1.41e-05,"Mg_24":0.0158,"Mg_25":1.64e-07,"Mg_26":1.87e-07,"Al_27":0.000113,"Si_28":0.142,"Si_29":5.79e-05,"Si_30":7.12e-05,"P_31":9.12e-05,"S_32":0.0914,"S_33":6.07e-05,"S_34":1.74e-05,"S_36":3.41e-11,"Cl_35":1.06e-05,"Cl_37":5.56e-06,"Ar_36":0.0191,"Ar_38":6.6e-07,"Ar_40":3.42e-12,"K_39":1.67e-06,"K_41":4.83e-07,"Ca_40":0.0181,"Ca_42":1.06e-08,"Ca_43":6.17e-08,"Ca_44":1.38e-05,"Ca_46":1.01e-09,"Ca_48":2.47e-09,"Sc_45":3.85e-08,"Ti_46":3.49e-07,"Ti_47":4.08e-07,"Ti_48":0.000313,"Ti_49":2.94e-06,"Ti_50":0.000104,"V_50":1.22e-08,"V_51":4.27e-05,"Cr_50":6.65e-05,"Cr_52":0.00773,"Cr_53":0.000566,"Cr_54":0.000904,"Mn_55":0.00666,"Fe_54":0.073,"Fe_56":0.68,"Fe_57":0.0192,"Fe_58":0.00296,"Co_59":0.000968,"Ni_58":0.0834,"Ni_60":0.0147,"Ni_61":0.000215,"Ni_62":0.00185,"Ni_64":1.65e-05,"Cu_63":3e-06,"Cu_65":8.33e-07,"Zn_64":7.01e-05,"Zn_66":6.26e-06,"Zn_67":7.28e-09,"Zn_68":1.13e-08}