{"Mass":null,"C_12":0.00542,"C_13":5.06e-07,"N_14":0.000284,"N_15":9.99e-07,"O_16":0.0882,"O_17":3.77e-06,"O_18":6.88e-07,"F_19":1.7e-09,"Ne_20":0.00129,"Ne_21":1.16e-05,"Ne_22":0.000151,"Na_23":8.77e-05,"Mg_24":0.00755,"Mg_25":8.23e-05,"Mg_26":6.25e-05,"Al_27":0.000438,"Si_28":0.272,"Si_29":0.000547,"Si_30":0.00103,"P_31":0.000238,"S_32":0.16,"S_33":0.000274,"S_34":0.00276,"S_36":2.23e-07,"Cl_35":9.28e-05,"Cl_37":2.94e-05,"Ar_36":0.0311,"Ar_38":0.00123,"Ar_40":7.81e-09,"K_39":6.76e-05,"K_41":5.43e-06,"Ca_40":0.031,"Ca_42":3.09e-05,"Ca_43":6.6e-08,"Ca_44":1.44e-05,"Ca_46":5.01e-09,"Ca_48":1.63e-06,"Sc_45":2.49e-07,"Ti_46":1.34e-05,"Ti_47":5.65e-07,"Ti_48":0.00071,"Ti_49":5.27e-05,"Ti_50":0.000352,"V_50":9.74e-09,"V_51":0.000133,"Cr_50":0.000444,"Cr_52":0.0168,"Cr_53":0.00166,"Cr_54":0.0016,"Mn_55":0.00848,"Fe_54":0.0708,"Fe_56":0.587,"Fe_57":0.0108,"Fe_58":0.00323,"Co_59":0.000395,"Ni_58":0.0314,"Ni_60":0.00508,"Ni_61":7e-05,"Ni_62":0.00137,"Ni_64":0.000232,"Cu_63":2.77e-06,"Cu_65":7.08e-07,"Zn_64":3.71e-06,"Zn_66":2.16e-05,"Zn_67":6.35e-07,"Zn_68":7.44e-08}