{"Mass":null,"C_12":0.0483,"C_13":1.4e-06,"N_14":1.16e-06,"N_15":1.32e-09,"O_16":0.143,"O_17":3.54e-08,"O_18":8.25e-10,"F_19":5.67e-10,"Ne_20":0.00202,"Ne_21":8.46e-06,"Ne_22":0.00249,"Na_23":6.32e-05,"Mg_24":0.0085,"Mg_25":4.05e-05,"Mg_26":3.18e-05,"Al_27":0.000986,"Si_28":0.154,"Si_29":0.000908,"Si_30":0.00169,"P_31":0.000357,"S_32":0.0846,"S_33":0.000424,"S_34":0.00198,"S_36":4.18e-07,"Cl_35":0.000137,"Cl_37":3.67e-05,"Ar_36":0.0147,"Ar_38":0.00095,"Ar_40":1.87e-08,"K_39":7.23e-05,"K_41":6.11e-06,"Ca_40":0.0119,"Ca_42":2.82e-05,"Ca_43":9.46e-08,"Ca_44":8.02e-06,"Ca_46":4.16e-09,"Ca_48":2.6e-09,"Sc_45":2.21e-07,"Ti_46":1.33e-05,"Ti_47":5.1e-07,"Ti_48":0.000205,"Ti_49":1.71e-05,"Ti_50":0.000107,"V_50":1.55e-08,"V_51":7.49e-05,"Cr_50":0.000273,"Cr_52":0.00636,"Cr_53":0.000922,"Cr_54":0.000924,"Mn_55":0.00887,"Fe_54":0.0955,"Fe_56":0.626,"Fe_57":0.0245,"Fe_58":0.00303,"Co_59":0.00104,"Ni_58":0.11,"Ni_60":0.0124,"Ni_61":0.000235,"Ni_62":0.00307,"Ni_64":1.7e-05,"Cu_63":2.32e-06,"Cu_65":6.84e-07,"Zn_64":1.06e-05,"Zn_66":1.76e-05,"Zn_67":1.58e-08,"Zn_68":1.74e-08}