{"Mass":null,"C_12":0.00899,"C_13":3.3e-07,"N_14":0.000269,"N_15":5.32e-07,"O_16":0.0658,"O_17":4.58e-06,"O_18":6.35e-07,"F_19":4.5e-10,"Ne_20":0.000622,"Ne_21":1.39e-06,"Ne_22":0.000421,"Na_23":2.61e-05,"Mg_24":0.00447,"Mg_25":2.66e-05,"Mg_26":2.59e-05,"Al_27":0.000247,"Si_28":0.206,"Si_29":0.00034,"Si_30":0.000641,"P_31":0.00016,"S_32":0.122,"S_33":0.000192,"S_34":0.00204,"S_36":1.31e-07,"Cl_35":7.07e-05,"Cl_37":2.26e-05,"Ar_36":0.0241,"Ar_38":0.00099,"Ar_40":5.19e-09,"K_39":5.67e-05,"K_41":4.52e-06,"Ca_40":0.0243,"Ca_42":2.55e-05,"Ca_43":2.22e-07,"Ca_44":2.95e-05,"Ca_46":4.73e-09,"Ca_48":1.64e-06,"Sc_45":2.09e-07,"Ti_46":1.12e-05,"Ti_47":1.56e-06,"Ti_48":0.000611,"Ti_49":4.39e-05,"Ti_50":0.000351,"V_50":9.33e-09,"V_51":0.000116,"Cr_50":0.000353,"Cr_52":0.0137,"Cr_53":0.00138,"Cr_54":0.0016,"Mn_55":0.00705,"Fe_54":0.0591,"Fe_56":0.713,"Fe_57":0.0167,"Fe_58":0.00323,"Co_59":0.000625,"Ni_58":0.0429,"Ni_60":0.0115,"Ni_61":0.000358,"Ni_62":0.00369,"Ni_64":0.000231,"Cu_63":4.88e-06,"Cu_65":2.04e-06,"Zn_64":3.1e-05,"Zn_66":6.42e-05,"Zn_67":6.55e-07,"Zn_68":8.81e-08}