{"Mass":null,"C_12":0.018499312,"C_13":1.82346278e-11,"N_14":9.38475354e-10,"N_15":1.32523804e-10,"O_16":0.104258194,"O_17":1.78542407e-10,"O_18":7.07584687e-12,"F_19":4.39315106e-12,"Ne_20":0.00155985976,"Ne_21":6.79524713e-08,"Ne_22":0.000966678448,"Na_23":6.52863165e-06,"Mg_24":0.00393255414,"Mg_25":1.73833066e-05,"Mg_26":2.09510876e-05,"Al_27":0.000422954697,"Si_28":0.148301062,"Si_29":0.000747034455,"Si_30":0.00156386461,"P_31":0.000382926973,"S_32":0.0722328588,"S_33":0.000374941347,"S_34":0.00220886217,"S_36":2.66960599e-07,"Cl_35":0.000126614538,"Cl_37":2.29014488e-05,"Ar_36":0.011452293,"Ar_38":0.000877637458,"Ar_40":7.9058585e-09,"K_39":6.49537261e-05,"K_40":8.89943076e-08,"K_41":8.25332448e-09,"Ca_40":0.00882238638,"Ca_42":2.70675103e-05,"Ca_43":1.48768417e-07,"Ca_44":8.57685962e-07,"Ca_46":4.12608949e-10,"Ca_48":4.77247389e-12,"Sc_45":2.88848875e-07,"Ti_46":1.28647954e-05,"Ti_47":5.40760862e-07,"Ti_48":0.000155949331,"Ti_49":1.79284173e-05,"Ti_50":1.78234137e-05,"V_50":2.45695028e-08,"V_51":9.25346199e-05,"Cr_50":0.000391117489,"Cr_52":0.00758461602,"Cr_53":4.38845532e-05,"Cr_54":0.000238381686,"Mn_55":0.0126053381,"Fe_54":0.119322251,"Fe_56":0.675526864,"Fe_57":0.0189187032,"Fe_58":0.00098975018,"Co_59":4.38458371e-05,"Ni_58":0.0604627905,"Ni_60":0.00311316204,"Ni_61":2.31620185e-05,"Ni_62":0.000523875509,"Ni_64":8.82472836e-07,"Cu_63":1.65192815e-07,"Cu_65":3.86965745e-08,"Zn_64":1.54216253e-07,"Zn_66":2.67017564e-07,"Zn_67":1.85535041e-10,"Zn_68":7.69686741e-10,"Zn_70":7.64931898e-14}