{"Mass":null,"C_12":0.202,"C_13":2.55e-07,"N_14":5.46e-05,"N_15":6.2e-08,"O_16":0.498,"O_17":1.01e-05,"O_18":9.61e-08,"F_19":1.02e-07,"Ne_20":0.0532,"Ne_21":6.77e-06,"Ne_22":0.00384,"Na_23":0.000707,"Mg_24":0.0868,"Mg_25":0.000756,"Mg_26":0.000926,"Al_27":0.00394,"Si_28":0.358,"Si_29":0.00235,"Si_30":0.00445,"P_31":0.00116,"S_32":0.133,"S_33":0.000428,"S_34":0.00231,"S_36":1.52e-06,"Cl_35":0.000256,"Cl_37":2.59e-05,"Ar_26":0.0209,"Ar_38":0.000902,"Ar_40":7.93e-07,"K_39":8.05e-05,"K_41":4.7e-06,"Ca_40":0.0173,"Ca_42":1.89e-05,"Ca_43":6.14e-07,"Ca_44":1.06e-05,"Ca_46":3.68e-07,"Ca_48":7.33e-08,"Sc_45":1.16e-06,"Sc_46":1.2e-05,"Ti_47":1.86e-06,"Ti_48":0.000304,"Ti_49":1.96e-05,"Ti_50":3.76e-07,"V_50":1.95e-07,"V_51":5.69e-05,"Cr_50":0.000203,"Cr_52":0.0067,"Cr_53":0.000511,"Cr_54":1.26e-06,"Mn_55":0.00276,"Fe_54":0.0159,"Fe_56":0.184,"Fe_57":0.00174,"Fe_58":3.7e-05,"Co_59":4.82e-05,"Ni_58":0.0016,"Ni_60":0.000356,"Ni_61":0.000107,"Ni_62":0.000255,"Ni_64":1.36e-05,"Cu_63":7.23e-05,"Cu_65":1.78e-05,"Zn_64":2.89e-05,"Zn_66":3.65e-05,"Zn_67":3.87e-06,"Zn_68":2.49e-06,"Zn_70":1.17e-07}