{"Mass":null,"C_12":0.209,"C_13":1.2e-08,"N_14":1.98e-06,"N_15":4.49e-07,"O_16":0.483,"O_17":6.07e-08,"O_18":2.82e-08,"F_19":3.19e-09,"Ne_20":0.0573,"Ne_21":1.43e-07,"Ne_22":3.24e-05,"Na_23":0.000307,"Mg_24":0.116,"Mg_25":1.16e-05,"Mg_26":1.64e-05,"Al_27":0.000805,"Si_28":0.353,"Si_29":0.000242,"Si_30":9.96e-05,"P_31":0.000137,"S_32":0.136,"S_33":7.99e-05,"S_34":1.96e-06,"S_36":1.9e-10,"Cl_35":6.01e-06,"Cl_37":3.1e-06,"Ar_36":0.0237,"Ar_38":4.94e-07,"Ar_40":6.71e-11,"K_39":1.54e-06,"K_41":3.43e-07,"Ca_40":0.0206,"Ca_42":7.36e-09,"Ca_43":1.73e-09,"Ca_44":1.15e-05,"Ca_46":9.85e-12,"Ca_48":3.39e-10,"Sc_45":2.42e-08,"Ti_46":1.15e-08,"Ti_47":1.42e-08,"Ti_48":0.000357,"Ti_49":3.68e-06,"Ti_50":5.87e-10,"V_50":2.42e-10,"V_51":3.02e-06,"Cr_50":8.24e-07,"Cr_52":0.00763,"Cr_53":0.000158,"Cr_54":3.11e-09,"Mn_55":6.1e-05,"Fe_54":6.23e-05,"Fe_56":0.197,"Fe_57":0.000631,"Fe_58":1.76e-07,"Co_59":1.17e-05,"Ni_58":6.63e-05,"Ni_60":1.88e-05,"Ni_61":1.32e-07,"Ni_62":1.06e-07,"Ni_64":3.38e-09,"Cu_63":1.34e-07,"Cu_65":6.78e-09,"Zn_64":2.71e-07,"Zn_66":4.85e-09,"Zn_67":1.89e-09,"Zn_68":6.46e-09,"Zn_70":8.01e-11}