{"Mass":null,"C_12":0.00196,"C_13":1.32e-09,"N_14":1.4e-07,"N_15":2.53e-10,"O_16":0.00268,"O_17":3.26e-08,"O_18":2.39e-10,"F_19":1.87e-09,"Ne_20":0.000285,"Ne_21":3.62e-07,"Ne_22":5.76e-05,"Na_23":1.45e-06,"Mg_24":6.92e-05,"Mg_25":3.06e-06,"Mg_26":1.73e-06,"Al_27":3.58e-06,"Si_28":0.000802,"Si_29":3.36e-06,"Si_30":4.3e-06,"P_31":1.94e-06,"S_32":0.000353,"S_33":1.21e-06,"S_34":6.04e-06,"S_36":3.76e-09,"Cl_35":8.29e-07,"Cl_37":1.8e-07,"Ar_36":5.9e-05,"Ar_38":4.6e-06,"Ar_40":1.24e-09,"K_39":6.81e-07,"K_41":4.5e-08,"Ca_40":4.75e-05,"Ca_42":2.05e-07,"Ca_43":1.75e-09,"Ca_44":4.71e-08,"Ca_46":4.25e-10,"Ca_48":5.63e-10,"Sc_45":3.11e-09,"Ti_46":9.44e-08,"Ti_47":4.18e-09,"Ti_48":1.21e-06,"Ti_49":1.18e-07,"Ti_50":2.71e-07,"V_50":3.14e-10,"V_51":9.62e-07,"Cr_50":2.65e-06,"Cr_52":7.01e-05,"Cr_53":1.32e-05,"Cr_54":4.31e-06,"Mn_55":0.000166,"Fe_54":0.00132,"Fe_56":0.00406,"Fe_57":0.000159,"Fe_58":2.17e-05,"Co_59":9.64e-06,"Ni_58":0.000824,"Ni_60":8.97e-05,"Ni_61":4.76e-07,"Ni_62":1.22e-05,"Ni_64":4.42e-08,"Cu_63":4.3e-08,"Cu_65":1.08e-08,"Zn_64":2.57e-08,"Zn_66":2.89e-08,"Zn_67":1.93e-09,"Zn_68":2.31e-09,"Zn_70":2.85e-10}