{"Mass":null,"C_13":3.79e-12,"N_14":3.34e-10,"N_15":9.8e-10,"O_16":0.0538,"O_17":4.27e-11,"O_18":1.47e-12,"F_19":1.46e-12,"Ne_20":0.000548,"Ne_21":4.73e-09,"Ne_22":2.59e-05,"Na_23":1.49e-06,"Mg_24":0.00234,"Mg_25":2.13e-06,"Mg_26":4.35e-06,"Al_26":2.67e-322,"Al_27":0.000112,"Si_28":0.216,"Si_29":0.000178,"Si_30":0.000185,"P_31":9.91e-05,"S_32":0.125,"S_33":0.000163,"S_34":0.000759,"S_36":6.81e-09,"Cl_35":6.34e-05,"Cl_37":2.5e-05,"Ar_36":0.0249,"Ar_38":0.000571,"Ar_40":1.21005657755e-10,"K_39":7.41e-05,"K_40":9.99999434225e-09,"K_41":1.33e-09,"Ca_40":0.0221,"Ca_42":1.88e-05,"Ca_43":1.77e-06,"Ca_44":3.75e-06,"Ca_46":1.4e-12,"Ca_48":8.55e-19,"Sc_45":3.8e-07,"Ti_46":1.5e-05,"Ti_47":4.7e-06,"Ti_48":0.00051,"Ti_49":2.53e-05,"Ti_50":6.21e-11,"V_50":8e-10,"V_51":5.83e-05,"Cr_50":0.000177,"Cr_52":0.00655,"Cr_53":2.79e-09,"Cr_54":5.27e-08,"Mn_55":0.00458,"Fe_54":0.0418,"Fe_56":0.751,"Fe_57":0.0188,"Fe_58":1.57e-07,"Fe_60":9.83e-322,"Co_59":8.69e-08,"Ni_58":0.0314,"Ni_60":0.012,"Ni_61":0.000348,"Ni_62":0.00125,"Ni_64":1.7e-12,"Cu_63":1.59e-06,"Cu_65":3.29e-06,"Zn_64":4.52e-05,"Zn_66":2.25e-05,"Zn_67":1.58e-08,"Zn_68":1.59e-07,"Zn_70":9.98e-16}