{"Mass":null,"C_13":9.6e-12,"N_14":2.32e-10,"N_15":1.3e-11,"O_16":0.0549,"O_17":1.36e-10,"O_18":1.63e-12,"F_19":1.48e-12,"Ne_20":0.000169,"Ne_21":2.97e-08,"Ne_22":0.000187,"Na_23":1.34e-06,"Mg_24":0.000869,"Mg_25":8.4e-06,"Mg_26":8.65e-06,"Al_26":2.67e-322,"Al_27":0.000147,"Si_28":0.218,"Si_29":0.000659,"Si_30":0.00191,"P_31":0.000416,"S_32":0.0992,"S_33":0.000394,"S_34":0.0063,"S_36":1.17e-06,"Cl_35":0.000187,"Cl_37":4.91e-05,"Ar_36":0.017,"Ar_38":0.00362,"Ar_40":3.44000376806e-08,"K_39":0.000156,"K_40":6.65999623194e-08,"K_41":1.84e-08,"Ca_40":0.0148,"Ca_42":0.00013,"Ca_43":7.28e-07,"Ca_44":2.83e-06,"Ca_46":1.2e-09,"Ca_48":1.29e-13,"Sc_45":4.87e-07,"Ti_46":5.9e-05,"Ti_47":5.4e-06,"Ti_48":0.000333,"Ti_49":3.71e-05,"Ti_50":3.49e-09,"V_50":2.41e-08,"V_51":0.00014,"Cr_50":0.0016,"Cr_52":0.00576,"Cr_53":1.88e-07,"Cr_54":1.71e-06,"Mn_55":0.00893,"Fe_54":0.0967,"Fe_56":0.641,"Fe_57":0.0291,"Fe_58":4.66e-07,"Fe_60":9.83e-322,"Co_59":2.69e-07,"Ni_58":0.12,"Ni_60":0.00573,"Ni_61":0.00044,"Ni_62":0.00519,"Ni_64":8.6e-14,"Cu_63":5.78e-06,"Cu_65":4.74e-06,"Zn_64":1.46e-05,"Zn_66":9.23e-05,"Zn_67":2.85e-07,"Zn_68":4.32e-08,"Zn_70":5.8e-22}