{"Mass":null,"C_12":0.434,"C_13":2.11e-11,"N_14":1.67e-09,"N_15":6.51e-10,"O_16":0.463,"O_17":5.28e-10,"O_18":1.43e-11,"F_19":8.4e-12,"Ne_20":0.00235,"Ne_21":7.44e-08,"Ne_22":0.0177,"Na_23":6.4e-06,"Mg_24":0.0039,"Mg_25":1.48e-05,"Mg_26":2.15545730156e-05,"Al_26":7.85426984439e-07,"Al_27":0.000224,"Si_28":0.0382,"Si_29":0.000284,"Si_30":0.000442,"P_31":0.00019,"S_32":0.0157,"S_33":8.77e-05,"S_34":0.000729,"S_36":3.48e-08,"Cl_35":3.77e-05,"Cl_37":7.27e-06,"Ar_36":0.00236,"Ar_38":0.000394,"Ar_40":4.86000000182e-10,"K_39":2.5e-05,"K_40":9.66999999982e-09,"K_41":8.92e-10,"Ca_40":0.00182,"Ca_42":1.12e-05,"Ca_43":2.5e-08,"Ca_44":1.42e-07,"Ca_46":6.56e-12,"Ca_48":3.32e-17,"Sc_45":4.41e-08,"Ti_46":4.56e-06,"Ti_47":1.4e-07,"Ti_48":3.11e-05,"Ti_49":2.88e-06,"Ti_50":6.9e-11,"V_50":4.21e-10,"V_51":1.41e-05,"Cr_50":7.1e-05,"Cr_52":0.00111,"Cr_53":1.78e-09,"Cr_54":4.64e-08,"Mn_55":0.00355,"Fe_54":0.0377,"Fe_56":0.265,"Fe_57":0.00865,"Fe_58":1.62e-07,"Fe_60":2.15711171318e-19,"Co_59":6.65e-08,"Co_60":4.4209103286e-25,"Ni_58":0.03,"Ni_60":0.000951,"Ni_61":2.59e-05,"Ni_62":0.000222,"Ni_64":3.36e-14,"Cu_63":1.36e-07,"Cu_65":6.52e-08,"Zn_64":4.96e-07,"Zn_66":1.1e-06,"Zn_67":6.12e-10,"Zn_68":2.41e-10,"Zn_70":9.85e-24}