{"Mass":null,"C_13":2.5e-12,"N_14":2.74e-10,"N_15":6.32e-09,"O_16":0.0445,"O_17":1.36e-12,"O_18":6.23e-14,"F_19":7.92e-13,"Ne_20":0.000218,"Ne_21":4.6e-10,"Ne_22":6.23e-06,"Na_23":3.81e-07,"Mg_24":0.00261,"Mg_25":5.47e-07,"Mg_26":4.04e-07,"Al_26":2.67e-322,"Al_27":3.29e-05,"Si_28":0.169,"Si_29":7.62e-05,"Si_30":1.38e-05,"P_31":2.59e-05,"S_32":0.19,"S_33":6.25e-05,"S_34":7.37e-05,"S_36":1.22e-10,"Cl_35":1.42e-05,"Cl_37":8.77e-06,"Ar_36":0.0244,"Ar_38":5.61e-05,"Ar_40":2.89070721937e-12,"K_39":1.5e-05,"K_40":1.24999929278e-09,"K_41":2.53e-10,"Ca_40":0.0238,"Ca_42":1.55e-06,"Ca_43":5.58e-07,"Ca_44":4.48e-06,"Ca_46":1.41e-15,"Ca_48":1.7e-22,"Sc_45":1.64e-07,"Ti_46":2.54e-06,"Ti_47":2.31e-06,"Ti_48":0.00065,"Ti_49":1.75e-05,"Ti_50":1.47e-13,"V_50":2.1e-11,"V_51":2.96e-05,"Cr_50":6.12e-05,"Cr_52":0.00798,"Cr_53":1.49e-09,"Cr_54":3.39e-08,"Mn_55":0.00349,"Fe_54":0.0328,"Fe_56":0.839,"Fe_57":0.0172,"Fe_58":1.41e-07,"Fe_60":9.83e-322,"Co_59":5.33e-08,"Ni_58":0.022,"Ni_60":0.0129,"Ni_61":0.000347,"Ni_62":0.000188,"Ni_64":1.59e-13,"Cu_63":2.81e-06,"Cu_65":3.9e-06,"Zn_64":0.000321,"Zn_66":7.91e-06,"Zn_67":4.36e-08,"Zn_68":1.92e-06,"Zn_70":5.98e-18}