{"Mass":null,"C_13":1.91e-12,"N_14":1.7e-10,"N_15":2.53e-10,"O_16":0.0562,"O_17":4.68e-12,"O_18":1.17e-13,"F_19":4.51e-14,"Ne_20":0.00014,"Ne_21":1.18e-09,"Ne_22":2.14e-05,"Na_23":5.88e-07,"Mg_24":0.00156,"Mg_25":1.52e-06,"Mg_26":1.983e-06,"Al_26":2.67e-322,"Al_27":7.66e-05,"Si_28":0.23,"Si_29":0.000187,"Si_30":0.000151,"P_31":0.000116,"S_32":0.128,"S_33":0.00022,"S_34":0.000941,"S_36":4.5e-09,"Cl_35":9.26e-05,"Cl_37":3.53e-05,"Ar_36":0.0246,"Ar_38":0.000817,"Ar_40":1.14008939253e-10,"K_39":0.000111,"K_40":1.57999910607e-08,"K_41":1.78e-09,"Ca_40":0.025,"Ca_42":2.84e-05,"Ca_43":1.37e-06,"Ca_44":3.3e-06,"Ca_46":7.38e-12,"Ca_48":3.7e-14,"Sc_45":4.87e-07,"Ti_46":1.54e-05,"Ti_47":3.29e-06,"Ti_48":0.000396,"Ti_49":2.48e-05,"Ti_50":2.57e-06,"V_50":1.41e-08,"V_51":7.68e-05,"Cr_50":0.00031,"Cr_52":0.0086,"Cr_53":2.81e-05,"Cr_54":7.15e-05,"Mn_55":0.00875,"Fe_54":0.0955,"Fe_56":0.694,"Fe_57":0.0185,"Fe_58":0.000443,"Fe_60":9.83e-322,"Co_59":5.45e-05,"Ni_58":0.0516,"Ni_60":0.01210000154,"Ni_61":0.000243,"Ni_62":0.00115,"Ni_64":1.17e-07,"Cu_63":1.29e-06,"Cu_65":1.98e-06,"Zn_64":2.76e-05,"Zn_66":1.5e-05,"Zn_67":1.3e-08,"Zn_68":3.96e-08,"Zn_70":2.55e-15}