{"Mass":null,"C_13":8.29e-11,"N_14":7.6e-10,"N_15":1.6e-11,"O_16":0.0754,"O_17":4.72e-10,"O_18":1.14e-11,"F_19":6.27e-12,"Ne_20":0.000281,"Ne_21":1.43e-07,"Ne_22":0.00017,"Na_23":4.26e-06,"Mg_24":0.000839,"Mg_25":2.12e-05,"Mg_26":3.666e-05,"Al_26":2.67e-322,"Al_27":0.000188,"Si_28":0.225,"Si_29":0.00163,"Si_30":0.00564,"P_31":0.000958,"S_32":0.08,"S_33":0.000715,"S_34":0.0172,"S_36":6.62e-06,"Cl_35":0.000348,"Cl_37":8.17e-05,"Ar_36":0.0114,"Ar_38":0.0093,"Ar_40":1.56000079209e-07,"K_39":0.000244,"K_40":1.39999920791e-07,"K_41":6.75e-08,"Ca_40":0.00892999999992,"Ca_42":0.000242,"Ca_43":9.1e-07,"Ca_44":2.4e-06,"Ca_46":5.5e-09,"Ca_48":5.6e-10,"Sc_45":6.48e-07,"Ti_46":9.17e-05,"Ti_47":5.9e-06,"Ti_48":0.000181,"Ti_49":3.28e-05,"Ti_50":0.000546,"V_50":1.98e-07,"V_51":0.00044,"Cr_50":0.00156,"Cr_52":0.0171,"Cr_53":0.00051,"Cr_54":0.0051,"Mn_55":0.0184,"Fe_54":0.194,"Fe_56":0.499,"Fe_57":0.0268,"Fe_58":0.0147,"Fe_60":9.83e-322,"Co_59":0.000323,"Ni_58":0.133,"Ni_60":0.010000856,"Ni_61":0.000269,"Ni_62":0.00824,"Ni_64":2.67e-05,"Cu_63":6.3e-06,"Cu_65":3.3e-06,"Zn_64":6.7e-06,"Zn_66":7.9e-05,"Zn_67":2.59e-07,"Zn_68":7.45e-08,"Zn_70":4.25e-12}