{"Mass":null,"C_13":8.17e-12,"N_14":5.55e-10,"N_15":2.45e-10,"O_16":0.0545,"O_17":1.48e-10,"O_18":4.28e-12,"F_19":2.15e-12,"Ne_20":0.000551,"Ne_21":1.71e-08,"Ne_22":5.19e-05,"Na_23":2.9e-06,"Mg_24":0.0017,"Mg_25":5.6e-06,"Mg_26":7.8e-06,"Al_26":2.67e-322,"Al_27":0.000136,"Si_28":0.22,"Si_29":0.000265,"Si_30":0.000433,"P_31":0.000166,"S_32":0.12,"S_33":0.00023,"S_34":0.0017,"S_36":3.69e-08,"Cl_35":0.00017,"Cl_37":3.55e-05,"Ar_36":0.0227,"Ar_38":0.00127,"Ar_40":8.5601476674e-10,"K_39":0.000114,"K_40":2.60999852333e-08,"K_41":3.6e-09,"Ca_40":0.0196,"Ca_42":4.3e-05,"Ca_43":1.39e-06,"Ca_44":3.44e-06,"Ca_46":2.63e-11,"Ca_48":1.18e-16,"Sc_45":4.47e-07,"Ti_46":2.24e-05,"Ti_47":5.42e-06,"Ti_48":0.000443,"Ti_49":2.93e-05,"Ti_50":6.4e-10,"V_50":3.56e-09,"V_51":7.89e-05,"Cr_50":0.00035,"Cr_52":0.00591,"Cr_53":7.59e-09,"Cr_54":1.19e-07,"Mn_55":0.00542,"Fe_54":0.0528,"Fe_56":0.725,"Fe_57":0.0217,"Fe_58":1.86e-07,"Fe_60":9.83e-322,"Co_59":1.16e-07,"Ni_58":0.046,"Ni_60":0.00916,"Ni_61":0.000385,"Ni_62":0.00234,"Ni_64":3.67e-10,"Cu_63":2.24e-06,"Cu_65":3.97e-06,"Zn_64":2.9e-05,"Zn_66":4.18e-05,"Zn_67":5.19e-08,"Zn_68":6.9e-08,"Zn_70":2.94e-15}