{"Mass":null,"C_12":0.472,"C_13":3.38e-11,"N_14":3.79e-09,"N_15":7.15e-10,"O_16":0.498,"O_17":1.51e-09,"O_18":4.61e-11,"F_19":9.3e-12,"Ne_20":0.00129,"Ne_21":4.6e-08,"Ne_22":0.0192,"Na_23":3.84e-06,"Mg_24":0.00236,"Mg_25":1.6e-05,"Mg_26":1.33409758501e-05,"Al_26":4.7902414985e-07,"Al_27":0.000172,"Si_28":0.0357,"Si_29":0.000227,"Si_30":0.000372,"P_31":9.51e-05,"S_32":0.015,"S_33":8.11e-05,"S_34":0.000696,"S_36":3.14e-08,"Cl_35":3.69e-05,"Cl_37":7.35e-06,"Ar_36":0.00226,"Ar_38":0.00042,"Ar_40":4.38000000174e-10,"K_39":2.63e-05,"K_40":9.22999999983e-09,"K_41":8.41e-10,"Ca_40":0.00171,"Ca_42":1.19e-05,"Ca_43":1.95e-08,"Ca_44":1.24e-07,"Ca_46":6.72e-12,"Ca_48":4.2e-17,"Sc_45":4.2e-08,"Ti_46":4.66e-06,"Ti_47":9.66e-08,"Ti_48":2.54e-05,"Ti_49":1.94e-06,"Ti_50":5.81e-11,"V_50":4.3e-10,"V_51":7.38e-06,"Cr_50":3.36e-05,"Cr_52":0.000753,"Cr_53":7.87e-10,"Cr_54":7.88e-09,"Mn_55":0.00169,"Fe_54":0.0122,"Fe_56":0.21,"Fe_57":0.00627,"Fe_58":2.21e-09,"Fe_60":1.72963530661e-19,"Co_59":8.62e-09,"Co_60":3.54481529397e-25,"Ni_58":0.0164,"Ni_60":0.000652,"Ni_61":2.35e-05,"Ni_62":0.00021,"Ni_64":8.64e-17,"Cu_63":1.24e-07,"Cu_65":5.84e-08,"Zn_64":4.36e-07,"Zn_66":1.3e-06,"Zn_67":5.54e-10,"Zn_68":2.17e-10,"Zn_70":9.84e-23}