{"Mass":null,"C_13":1.62e-11,"N_14":5.52e-10,"N_15":4.38e-11,"O_16":0.0494,"O_17":1.15e-10,"O_18":4.48e-12,"F_19":2.66e-12,"Ne_20":0.000646,"Ne_21":5.64e-08,"Ne_22":4.31e-05,"Na_23":3.15e-06,"Mg_24":0.000841,"Mg_25":1.26e-05,"Mg_26":1.2592e-05,"Al_26":2.67e-322,"Al_27":9.95e-05,"Si_28":0.213,"Si_29":0.000436,"Si_30":0.000752,"P_31":0.00031,"S_32":0.0981,"S_33":0.00038,"S_34":0.0042,"S_36":2.39e-07,"Cl_35":0.000223,"Cl_37":6.5e-05,"Ar_36":0.0162,"Ar_38":0.00349,"Ar_40":6.12003688856e-09,"K_39":0.000233,"K_40":6.51999631114e-08,"K_41":9.67e-09,"Ca_40":0.0126,"Ca_42":0.000119,"Ca_43":7.69e-07,"Ca_44":2.23e-06,"Ca_46":3.65e-09,"Ca_48":5.11e-10,"Sc_45":5.97e-07,"Ti_46":6.29e-05,"Ti_47":4.15e-06,"Ti_48":0.00025,"Ti_49":2.7e-05,"Ti_50":0.000528,"V_50":7.51e-08,"V_51":0.00036,"Cr_50":0.000924,"Cr_52":0.0149,"Cr_53":0.00054,"Cr_54":0.00487,"Mn_55":0.0138,"Fe_54":0.138,"Fe_56":0.644,"Fe_57":0.025,"Fe_58":0.0144,"Fe_60":9.83e-322,"Co_59":0.000316,"Ni_58":0.0897,"Ni_60":0.01210084,"Ni_61":0.000324,"Ni_62":0.00691,"Ni_64":2.54e-05,"Cu_63":3.24e-06,"Cu_65":3.28e-06,"Zn_64":1.37e-05,"Zn_66":5.7e-05,"Zn_67":1.4e-07,"Zn_68":4.11e-08,"Zn_70":3.87e-12}