{"Mass":null,"C_12":0.365,"C_13":1.34e-11,"N_14":1.15e-09,"N_15":5.5e-10,"O_16":0.394,"O_17":3.4e-10,"O_18":1.1e-11,"F_19":7.24e-12,"Ne_20":0.0022,"Ne_21":6.7e-08,"Ne_22":0.0149,"Na_23":6.27e-06,"Mg_24":0.00322,"Mg_25":1.55e-05,"Mg_26":2.117615068e-05,"Al_26":7.63849320031e-07,"Al_27":0.000236,"Si_28":0.0346,"Si_29":0.000286,"Si_30":0.000461,"P_31":0.000111,"S_32":0.0137,"S_33":8.12e-05,"S_34":0.000647,"S_36":3.56e-08,"Cl_35":3.76e-05,"Cl_37":5.48e-06,"Ar_36":0.00198,"Ar_38":0.000287,"Ar_40":5.44000000221e-10,"K_39":1.82e-05,"K_40":1.16999999998e-08,"K_41":8.6e-10,"Ca_40":0.0015,"Ca_42":7.54e-06,"Ca_43":2.5e-08,"Ca_44":1.37e-07,"Ca_46":1.69e-11,"Ca_48":5.59e-14,"Sc_45":3.52e-08,"Ti_46":3.4e-06,"Ti_47":9.88e-08,"Ti_48":3.29e-05,"Ti_49":4.13e-06,"Ti_50":3.58e-06,"V_50":1.53e-08,"V_51":3.87e-05,"Cr_50":0.000184,"Cr_52":0.00446,"Cr_53":3.5e-05,"Cr_54":9.16e-05,"Mn_55":0.00821,"Fe_54":0.0927,"Fe_56":0.355,"Fe_57":0.0119,"Fe_58":0.000554,"Fe_60":1.58495098438e-09,"Co_59":6.15e-05,"Co_60":3.24829082071e-15,"Ni_58":0.0521,"Ni_60":0.00617000082505,"Ni_61":4.37e-05,"Ni_62":0.000573,"Ni_64":1.62e-07,"Cu_63":3.27e-07,"Cu_65":8.75e-08,"Zn_64":6.73e-07,"Zn_66":1.2e-06,"Zn_67":7.14e-10,"Zn_68":5.27e-10,"Zn_70":4.16e-15}