{"Mass":null,"C_13":1.54e-12,"N_14":4.34e-10,"N_15":5.4e-09,"O_16":0.0381,"O_17":1.19e-12,"O_18":5.79e-14,"F_19":6.98e-13,"Ne_20":0.000163,"Ne_21":2.46e-10,"Ne_22":2.15e-06,"Na_23":9.5e-08,"Mg_24":0.00184,"Mg_25":4.2e-07,"Mg_26":1.684e-07,"Al_26":2.67e-322,"Al_27":2.6e-05,"Si_28":0.179,"Si_29":8.43e-05,"Si_30":1.11e-05,"P_31":2.68e-05,"S_32":0.112,"S_33":6.91e-05,"S_34":7.6e-05,"S_36":1.23e-10,"Cl_35":1.83e-05,"Cl_37":1.21e-05,"Ar_36":0.0242,"Ar_38":6.94e-05,"Ar_40":1.21009618183e-11,"K_39":2.32e-05,"K_40":1.69999903818e-09,"K_41":3.38e-10,"Ca_40":0.0224,"Ca_42":2.6e-06,"Ca_43":4.11e-07,"Ca_44":3.37e-06,"Ca_46":4.83e-10,"Ca_48":1.19e-11,"Sc_45":2.69e-07,"Ti_46":2.23e-06,"Ti_47":1.37e-06,"Ti_48":0.000493,"Ti_49":2e-05,"Ti_50":0.000123,"V_50":6.28e-08,"V_51":0.000152,"Cr_50":0.000214,"Cr_52":0.0181,"Cr_53":0.00036,"Cr_54":0.00183,"Mn_55":0.014,"Fe_54":0.11,"Fe_56":0.76,"Fe_57":0.0179,"Fe_58":0.00819,"Fe_60":9.83e-322,"Co_59":0.000328,"Ni_58":0.049,"Ni_60":0.01530012,"Ni_61":0.000264,"Ni_62":0.0035,"Ni_64":5.75e-06,"Cu_63":2.11e-06,"Cu_65":1.86e-06,"Zn_64":0.000194,"Zn_66":4.61e-06,"Zn_67":3.1e-08,"Zn_68":1.13e-06,"Zn_70":3.13e-13}