{"Mass":null,"C_13":2.56e-12,"N_14":5.6e-10,"N_15":6.56e-09,"O_16":0.0464,"O_17":6.61e-12,"O_18":1.66e-13,"F_19":2.17e-12,"Ne_20":0.000636,"Ne_21":1e-09,"Ne_22":2.14e-06,"Na_23":1.17e-06,"Mg_24":0.0023,"Mg_25":4.53e-07,"Mg_26":1.13e-06,"Al_26":2.67e-322,"Al_27":2.88e-05,"Si_28":0.213,"Si_29":9.92e-05,"Si_30":1.53e-05,"P_31":3.26e-05,"S_32":0.129,"S_33":8.14e-05,"S_34":9.28e-05,"S_36":1.23e-10,"Cl_35":2.11e-05,"Cl_37":1.37e-05,"Ar_36":0.0271,"Ar_38":8.8e-05,"Ar_40":3.63106365793e-12,"K_39":2.58e-05,"K_40":1.87999893634e-09,"K_41":3.77e-10,"Ca_40":0.0243,"Ca_42":2.31e-06,"Ca_43":4e-07,"Ca_44":3.69e-06,"Ca_46":6.28e-12,"Ca_48":2.71e-14,"Sc_45":2.99e-07,"Ti_46":2.5e-06,"Ti_47":1.63e-06,"Ti_48":0.000518,"Ti_49":2.8e-05,"Ti_50":2.44e-06,"V_50":1.26e-08,"V_51":4.98e-05,"Cr_50":0.000174,"Cr_52":0.00973,"Cr_53":2.68e-05,"Cr_54":6.84e-05,"Mn_55":0.0077,"Fe_54":0.0866,"Fe_56":0.732,"Fe_57":0.0166,"Fe_58":0.000428,"Fe_60":9.83e-322,"Co_59":5.26e-05,"Ni_58":0.0436,"Ni_60":0.01330000134,"Ni_61":0.000232,"Ni_62":0.000411,"Ni_64":1.6e-07,"Cu_63":1.93e-06,"Cu_65":1.89e-06,"Zn_64":0.00021,"Zn_66":5.8e-06,"Zn_67":3.21e-08,"Zn_68":1.24e-06,"Zn_70":2.13e-15}