{"Mass":null,"C_13":5.54e-11,"N_14":9.2e-10,"N_15":2.96e-11,"O_16":0.0623,"O_17":6.34e-10,"O_18":1.48e-11,"F_19":1.67e-11,"Ne_20":0.000682,"Ne_21":2.3e-07,"Ne_22":6.46e-05,"Na_23":4.45e-06,"Mg_24":0.000757,"Mg_25":2.35e-05,"Mg_26":2.8814e-05,"Al_26":2.67e-322,"Al_27":0.000118,"Si_28":0.221,"Si_29":0.000729,"Si_30":0.00169,"P_31":0.000531,"S_32":0.0927,"S_33":0.000546,"S_34":0.00866,"S_36":7.92e-07,"Cl_35":0.000317,"Cl_37":8.21e-05,"Ar_36":0.0144,"Ar_38":0.00625,"Ar_40":2.90000905241e-08,"K_39":0.000289,"K_40":1.59999909476e-07,"K_41":2.16e-08,"Ca_40":0.0110999999999,"Ca_42":0.000196,"Ca_43":7.88e-07,"Ca_44":2.12e-06,"Ca_46":4.7e-09,"Ca_48":5.28e-10,"Sc_45":6.34e-07,"Ti_46":9.2e-05,"Ti_47":5.4e-06,"Ti_48":0.000215,"Ti_49":2.79e-05,"Ti_50":0.000534,"V_50":9.97e-08,"V_51":0.000338,"Cr_50":0.00113,"Cr_52":0.0152,"Cr_53":0.00051,"Cr_54":0.00492,"Mn_55":0.0155,"Fe_54":0.155,"Fe_56":0.587,"Fe_57":0.0261,"Fe_58":0.0145,"Fe_60":9.83e-322,"Co_59":0.000318,"Ni_58":0.16,"Ni_60":0.019000818,"Ni_61":0.000298,"Ni_62":0.00735,"Ni_64":2.6e-05,"Cu_63":4.12e-06,"Cu_65":3.33e-06,"Zn_64":9.66e-06,"Zn_66":5.99e-05,"Zn_67":1.66e-07,"Zn_68":4.39e-08,"Zn_70":4.2e-12}