{"Mass":null,"C_13":2.44e-11,"N_14":1.13e-09,"N_15":6.56e-11,"O_16":0.0549,"O_17":4.95e-10,"O_18":1.5e-11,"F_19":7.92e-12,"Ne_20":0.000551,"Ne_21":6.2e-08,"Ne_22":0.00013,"Na_23":3.26e-06,"Mg_24":0.00115,"Mg_25":1.25e-05,"Mg_26":1.3933e-05,"Al_26":2.67e-322,"Al_27":0.000149,"Si_28":0.223,"Si_29":0.000475,"Si_30":0.0013,"P_31":0.000299,"S_32":0.19,"S_33":0.000344,"S_34":0.00387,"S_36":3.18e-07,"Cl_35":0.000176,"Cl_37":4.98e-05,"Ar_36":0.0191,"Ar_38":0.00272,"Ar_40":9.53003592674e-09,"K_39":0.000164,"K_40":6.34999640733e-08,"K_41":9.36e-09,"Ca_40":0.0162,"Ca_42":8.7e-05,"Ca_43":9.5e-07,"Ca_44":3.7e-06,"Ca_46":4.9e-10,"Ca_48":1.81e-14,"Sc_45":4.89e-07,"Ti_46":4.38e-05,"Ti_47":5.51e-06,"Ti_48":0.000369,"Ti_49":3.14e-05,"Ti_50":2.15e-09,"V_50":9.96e-09,"V_51":0.00013,"Cr_50":0.000738,"Cr_52":0.00533,"Cr_53":4.79e-08,"Cr_54":5.73e-07,"Mn_55":0.00696,"Fe_54":0.0741,"Fe_56":0.68,"Fe_57":0.026,"Fe_58":2.97e-07,"Fe_60":9.83e-322,"Co_59":1.81e-07,"Ni_58":0.0748,"Ni_60":0.00753,"Ni_61":0.000425,"Ni_62":0.00419,"Ni_64":4.89e-14,"Cu_63":4.2e-06,"Cu_65":4.88e-06,"Zn_64":1.99e-05,"Zn_66":7.37e-05,"Zn_67":1.56e-07,"Zn_68":3.57e-08,"Zn_70":2.66e-20}