{"Mass":null,"C_13":4.48e-12,"N_14":1.39e-10,"N_15":3.39e-11,"O_16":0.0573,"O_17":2.71e-11,"O_18":4.27e-13,"F_19":3.68e-13,"Ne_20":0.000133,"Ne_21":8.35e-09,"Ne_22":8.56e-05,"Na_23":1.19e-06,"Mg_24":0.000739,"Mg_25":3.86e-06,"Mg_26":4.604e-06,"Al_26":2.67e-322,"Al_27":9.85e-05,"Si_28":0.239,"Si_29":0.000435,"Si_30":0.000858,"P_31":0.000344,"S_32":0.111,"S_33":0.000428,"S_34":0.00476,"S_36":2.41e-07,"Cl_35":0.000249,"Cl_37":7.13e-05,"Ar_36":0.0184,"Ar_38":0.00394,"Ar_40":8.40005029744e-09,"K_39":0.000255,"K_40":8.88999497026e-08,"K_41":1.16e-08,"Ca_40":0.0143999999999,"Ca_42":0.000135,"Ca_43":7.99e-07,"Ca_44":2.45e-06,"Ca_46":3.15e-10,"Ca_48":5.34e-14,"Sc_45":7.9e-07,"Ti_46":6.66e-05,"Ti_47":4.37e-06,"Ti_48":0.000278,"Ti_49":2.95e-05,"Ti_50":2.85e-06,"V_50":2.64e-08,"V_51":0.000117,"Cr_50":0.000925,"Cr_52":0.00764,"Cr_53":2.99e-05,"Cr_54":7.8e-05,"Mn_55":0.011,"Fe_54":0.126,"Fe_56":0.632,"Fe_57":0.0242,"Fe_58":0.000478,"Fe_60":9.83e-322,"Co_59":5.67e-05,"Ni_58":0.0869,"Ni_60":0.01100000175,"Ni_61":0.000289,"Ni_62":0.0039,"Ni_64":1.3e-07,"Cu_63":2.9e-06,"Cu_65":2.86e-06,"Zn_64":1.3e-05,"Zn_66":4.79e-05,"Zn_67":9.53e-08,"Zn_68":2.33e-08,"Zn_70":2.96e-15}