{"Mass":null,"C_13":1.3e-11,"N_14":2.15e-09,"N_15":7.59e-07,"O_16":0.0346,"O_17":6.65e-12,"O_18":1.87e-13,"F_19":4.2e-12,"Ne_20":0.000163,"Ne_21":2.36e-10,"Ne_22":2.5e-09,"Na_23":8.44e-08,"Mg_24":0.0025,"Mg_25":3.86e-09,"Mg_26":7.975e-08,"Al_26":2.67e-322,"Al_27":6.94e-06,"Si_28":0.172,"Si_29":3.42e-05,"Si_30":3.7e-05,"P_31":5.32e-05,"S_32":0.114,"S_33":1.56e-05,"S_34":1.11e-05,"S_36":1.8e-10,"Cl_35":1.2e-05,"Cl_37":2.43e-06,"Ar_36":0.0264,"Ar_38":1.25e-06,"Ar_40":2.2800001901e-11,"K_39":3.83e-06,"K_40":3.35999809899e-12,"K_41":5.21e-11,"Ca_40":0.0255,"Ca_42":2.7e-08,"Ca_43":3.56e-07,"Ca_44":3.75e-06,"Ca_46":3.37e-09,"Ca_48":4.89e-10,"Sc_45":8.52e-08,"Ti_46":2.1e-06,"Ti_47":1.12e-06,"Ti_48":0.00056,"Ti_49":6.7e-06,"Ti_50":0.000519,"V_50":6.14e-08,"V_51":0.000239,"Cr_50":0.0002,"Cr_52":0.0179,"Cr_53":0.000496,"Cr_54":0.0048,"Mn_55":0.014,"Fe_54":0.0999,"Fe_56":0.757,"Fe_57":0.0171,"Fe_58":0.0143,"Fe_60":9.83e-322,"Co_59":0.000314,"Ni_58":0.0482,"Ni_60":0.014700782,"Ni_61":0.00024,"Ni_62":0.00422,"Ni_64":2.5e-05,"Cu_63":8.62e-07,"Cu_65":1.82e-06,"Zn_64":0.000151,"Zn_66":2.3e-06,"Zn_67":2.22e-08,"Zn_68":1.85e-06,"Zn_70":3.76e-12}