{
    "Mass" : null,
    "C_13": [1.11e-11],
    "N_14": [5.2e-09],
    "N_15": [9.22e-07],
    "O_16": [4.22e-02],
    "O_17": [3.29e-11],
    "O_18": [4.94e-13],
    "F_19": [1.40e-11],
    "Ne_20": [6.32e-04],
    "Ne_21": [6.95e-10],
    "Ne_22": [5.50e-09],
    "Na_23": [1.23e-06],
    "Mg_24": [2.62e-03],
    "Mg_25": [3.40e-08],
    "Mg_26": [7.213e-07],
    "Al_26": [2.66795448754e-322],
    "Al_27": [1.29e-05],
    "Si_28": [2.40e-01],
    "Si_29": [3.47e-05],
    "Si_30": [2.96e-05],
    "P_31": [6.00e-05],
    "S_32": [1.32e-01],
    "S_33": [1.84e-05],
    "S_34": [8.43e-06],
    "S_36": [1.30e-12],
    "Cl_35": [1.35e-05],
    "Cl_37": [2.82e-06],
    "Ar_36": [2.96e-02],
    "Ar_38": [1.90e-06],
    "Ar_40": [4.6100038699e-13],
    "K_39": [4.57e-06],
    "K_40": [6.8399961301e-13],
    "K_41": [5.34e-11],
    "Ca_40": [2.79e-02],
    "Ca_42": [1.67e-08],
    "Ca_43": [3.37e-07],
    "Ca_44": [4.80e-06],
    "Ca_46": [6.23e-12],
    "Ca_48": [2.68e-14],
    "Sc_45": [9.65e-08],
    "Ti_46": [2.20e-06],
    "Ti_47": [1.36e-06],
    "Ti_48": [5.90e-04],
    "Ti_49": [6.13e-06],
    "Ti_50": [2.43e-06],
    "V_50": [1.25e-08],
    "V_51": [4.72e-05],
    "Cr_50": [1.58e-04],
    "Cr_52": [1.30e-02],
    "Cr_53": [2.67e-05],
    "Cr_54": [6.81e-05],
    "Mn_55": [7.25e-03],
    "Fe_54": [8.48e-02],
    "Fe_56": [7.40e-01],
    "Fe_57": [1.58e-02],
    "Fe_58": [4.26e-04],
    "Fe_60": [9.83190635224e-322],
    "Co_59": [5.25e-05],
    "Ni_58": [4.29e-02],
    "Ni_60": [1.310000133e-02],
    "Ni_61": [2.16e-04],
    "Ni_62": [3.55e-04],
    "Ni_64": [1.50e-07],
    "Cu_63": [5.45e-07],
    "Cu_65": [1.68e-06],
    "Zn_64": [1.64e-04],
    "Zn_66": [2.30e-06],
    "Zn_67": [2.40e-08],
    "Zn_68": [1.99e-06],
    "Zn_70": [2.11e-15]
}