{"Mass":null,"C_13":7.17e-12,"N_14":2.3e-09,"N_15":7.64e-07,"O_16":0.0419,"O_17":7.89e-12,"O_18":1.91e-13,"F_19":3.67e-12,"Ne_20":0.000218,"Ne_21":3.33e-10,"Ne_22":1.42e-09,"Na_23":4.39e-07,"Mg_24":0.00294,"Mg_25":1e-08,"Mg_26":2.057e-07,"Al_26":2.67e-322,"Al_27":1.4e-05,"Si_28":0.162,"Si_29":3.59e-05,"Si_30":4.14e-05,"P_31":5.1e-05,"S_32":0.111,"S_33":1.87e-05,"S_34":1.25e-05,"S_36":1.93e-15,"Cl_35":1.13e-05,"Cl_37":2.29e-06,"Ar_36":0.0261,"Ar_38":1.31e-06,"Ar_40":6.70065080557e-17,"K_39":3.52e-06,"K_40":3.64999793492e-13,"K_41":3.56e-11,"Ca_40":0.0264,"Ca_42":1.6e-08,"Ca_43":4.8e-07,"Ca_44":4.65e-06,"Ca_46":1.92e-21,"Ca_48":2.5e-25,"Sc_45":6.51e-08,"Ti_46":3.73e-06,"Ti_47":1.94e-06,"Ti_48":0.000656,"Ti_49":3.94e-06,"Ti_50":3.4e-14,"V_50":1.5e-11,"V_51":2.58e-05,"Cr_50":5.28e-05,"Cr_52":0.00849,"Cr_53":1.9e-09,"Cr_54":3.32e-08,"Mn_55":0.003,"Fe_54":0.0312,"Fe_56":0.846,"Fe_57":0.0161,"Fe_58":1.39e-07,"Fe_60":9.83e-322,"Co_59":5.48e-08,"Ni_58":0.0214,"Ni_60":0.0125,"Ni_61":0.000321,"Ni_62":0.00014,"Ni_64":2.45e-14,"Cu_63":4.9e-07,"Cu_65":2.73e-06,"Zn_64":0.000248,"Zn_66":3.46e-06,"Zn_67":3.26e-08,"Zn_68":3.6e-06,"Zn_70":3.51e-23}