{"Mass":null,"C_13":3.24e-12,"N_14":2.94e-10,"N_15":4.87e-10,"O_16":0.0485,"O_17":1.39e-11,"O_18":9.92e-13,"F_19":2.6e-13,"Ne_20":0.000658,"Ne_21":5.19e-09,"Ne_22":1.7e-05,"Na_23":1.36e-06,"Mg_24":0.00169,"Mg_25":1.66e-06,"Mg_26":3.417e-06,"Al_26":2.67e-322,"Al_27":7.58e-05,"Si_28":0.23,"Si_29":0.000167,"Si_30":0.000137,"P_31":9.94e-05,"S_32":0.114,"S_33":0.000174,"S_34":0.000814,"S_36":4.24e-09,"Cl_35":8.17e-05,"Cl_37":3.25e-05,"Ar_36":0.022,"Ar_38":0.000736,"Ar_40":1.12007298504e-10,"K_39":0.00014,"K_40":1.28999927015e-08,"K_41":1.59e-09,"Ca_40":0.0184,"Ca_42":2.57e-05,"Ca_43":1.35e-06,"Ca_44":2.84e-06,"Ca_46":3.4e-09,"Ca_48":4.99e-10,"Sc_45":4.97e-07,"Ti_46":1.5e-05,"Ti_47":3.12e-06,"Ti_48":0.000356,"Ti_49":2.49e-05,"Ti_50":0.000523,"V_50":6.35e-08,"V_51":0.000268,"Cr_50":0.000335,"Cr_52":0.0157,"Cr_53":0.0005,"Cr_54":0.00482,"Mn_55":0.0118,"Fe_54":0.11,"Fe_56":0.72,"Fe_57":0.0196,"Fe_58":0.0143,"Fe_60":9.83e-322,"Co_59":0.000314,"Ni_58":0.0564,"Ni_60":0.013900793,"Ni_61":0.000279,"Ni_62":0.005,"Ni_64":2.51e-05,"Cu_63":1.65e-06,"Cu_65":2.37e-06,"Zn_64":2.89e-05,"Zn_66":1.56e-05,"Zn_67":1.17e-08,"Zn_68":6.7e-08,"Zn_70":3.81e-12}