{"Mass":null,"C_13":5.68e-11,"N_14":6.52e-10,"N_15":5.92e-11,"O_16":0.0655,"O_17":4.7e-10,"O_18":5.78e-11,"F_19":8.35e-12,"Ne_20":0.000436,"Ne_21":3.54e-07,"Ne_22":0.000311,"Na_23":6.31e-06,"Mg_24":0.0017,"Mg_25":3.71e-05,"Mg_26":6.4651e-05,"Al_26":2.67e-322,"Al_27":0.000262,"Si_28":0.252,"Si_29":0.00188,"Si_30":0.00583,"P_31":0.000876,"S_32":0.0945,"S_33":0.000619,"S_34":0.0139,"S_36":1.1e-05,"Cl_35":0.000284,"Cl_37":6.66e-05,"Ar_36":0.0141,"Ar_38":0.00752,"Ar_40":2.27000084866e-07,"K_39":0.000188,"K_40":1.49999915134e-07,"K_41":7.29e-08,"Ca_40":0.0115999999999,"Ca_42":0.000181,"Ca_43":7.9e-07,"Ca_44":2.67e-06,"Ca_46":1.86e-09,"Ca_48":1.93e-12,"Sc_45":5.88e-07,"Ti_46":7.97e-05,"Ti_47":6.47e-06,"Ti_48":0.000252,"Ti_49":3.87e-05,"Ti_50":1.9e-08,"V_50":1.1e-07,"V_51":0.00024,"Cr_50":0.0016,"Cr_52":0.0073,"Cr_53":1.4e-06,"Cr_54":7.3e-06,"Mn_55":0.0116,"Fe_54":0.139,"Fe_56":0.55,"Fe_57":0.0291,"Fe_58":1e-06,"Fe_60":9.83e-322,"Co_59":7.35e-07,"Ni_58":0.139,"Ni_60":0.00414,"Ni_61":0.000379,"Ni_62":0.00695,"Ni_64":1.92e-13,"Cu_63":1.2e-05,"Cu_65":5.51e-06,"Zn_64":1.7e-05,"Zn_66":0.000131,"Zn_67":6.1e-07,"Zn_68":9.41e-08,"Zn_70":7.72e-24}