{"Mass":null,"C_12":0.321,"C_13":2.56e-12,"N_14":2.67e-10,"N_15":6.53e-11,"O_16":0.347,"O_17":8.94e-11,"O_18":1.36e-12,"F_19":1.62e-12,"Ne_20":0.000847,"Ne_21":2.26e-08,"Ne_22":0.0131,"Na_23":1.66e-06,"Mg_24":0.00264,"Mg_25":7.4e-06,"Mg_26":8.07417726745e-06,"Al_26":3.25822732556e-07,"Al_27":0.000197,"Si_28":0.0323,"Si_29":0.000227,"Si_30":0.000433,"P_31":0.0001,"S_32":0.013,"S_33":7.87e-05,"S_34":0.000582,"S_36":3.73e-08,"Cl_35":2.95e-05,"Cl_37":5.48e-06,"Ar_36":0.00195,"Ar_38":0.000253,"Ar_40":5.64000000161e-10,"K_39":1.78e-05,"K_40":8.55999999984e-09,"K_41":8.12e-10,"Ca_40":0.0015,"Ca_42":7.2e-06,"Ca_43":1.91e-08,"Ca_44":1.47e-07,"Ca_46":3.43e-09,"Ca_48":5.8e-10,"Sc_45":4.18e-08,"Ti_46":3.36e-06,"Ti_47":1.2e-07,"Ti_48":3.84e-05,"Ti_49":5.75e-06,"Ti_50":0.000525,"V_50":6.55e-08,"V_51":0.000233,"Cr_50":0.000226,"Cr_52":0.012,"Cr_53":0.00057,"Cr_54":0.00484,"Mn_55":0.0115,"Fe_54":0.19,"Fe_56":0.42,"Fe_57":0.0136,"Fe_58":0.0143,"Fe_60":5.44539176376e-07,"Co_59":0.000321,"Co_60":1.11601029027e-12,"Ni_58":0.0579,"Ni_60":0.00816028345971,"Ni_61":8.26e-05,"Ni_62":0.00438,"Ni_64":2.56e-05,"Cu_63":6.91e-07,"Cu_65":4.22e-07,"Zn_64":6.78e-07,"Zn_66":1.22e-06,"Zn_67":1.6e-09,"Zn_68":1.53e-08,"Zn_70":4.2e-12}