{"Mass":null,"C_13":2.65e-11,"N_14":4.2e-10,"N_15":1.97e-11,"O_16":0.0662,"O_17":2.61e-10,"O_18":3.92e-12,"F_19":3.48e-12,"Ne_20":0.000678,"Ne_21":9.93e-08,"Ne_22":0.000128,"Na_23":3.76e-06,"Mg_24":0.001,"Mg_25":2.46e-05,"Mg_26":2.2218e-05,"Al_26":2.67e-322,"Al_27":0.000162,"Si_28":0.231,"Si_29":0.000848,"Si_30":0.00198,"P_31":0.000528,"S_32":0.0959,"S_33":0.000531,"S_34":0.00815,"S_36":1.46e-06,"Cl_35":0.000282,"Cl_37":7.22e-05,"Ar_36":0.0151,"Ar_38":0.00547,"Ar_40":3.65000848663e-08,"K_39":0.000232,"K_40":1.49999915134e-07,"K_41":2.45e-08,"Ca_40":0.0118999999999,"Ca_42":0.000172,"Ca_43":8e-07,"Ca_44":2.39e-06,"Ca_46":9.55e-10,"Ca_48":1.98e-13,"Sc_45":5.79e-07,"Ti_46":7.61e-05,"Ti_47":5.17e-06,"Ti_48":0.000249,"Ti_49":3e-05,"Ti_50":3.22e-06,"V_50":4.96e-08,"V_51":0.000156,"Cr_50":0.00121,"Cr_52":0.0081,"Cr_53":3.19e-05,"Cr_54":8.63e-05,"Mn_55":0.0127,"Fe_54":0.146,"Fe_56":0.598,"Fe_57":0.0266,"Fe_58":0.000518,"Fe_60":9.83e-322,"Co_59":5.81e-05,"Ni_58":0.18,"Ni_60":0.0095800021,"Ni_61":0.000317,"Ni_62":0.00431,"Ni_64":1.46e-07,"Cu_63":4.6e-06,"Cu_65":3.48e-06,"Zn_64":1.16e-05,"Zn_66":7.22e-05,"Zn_67":1.84e-07,"Zn_68":3.34e-08,"Zn_70":3.51e-15}