{"Mass":null,"C_13":2.54e-12,"N_14":1.4e-10,"N_15":9.4e-11,"O_16":0.0569,"O_17":1.9e-11,"O_18":2.29e-13,"F_19":1.38e-13,"Ne_20":0.000138,"Ne_21":3.6e-09,"Ne_22":4.28e-05,"Na_23":8.9e-07,"Mg_24":0.0011,"Mg_25":2.36e-06,"Mg_26":2.555e-06,"Al_26":2.67e-322,"Al_27":9.14e-05,"Si_28":0.235,"Si_29":0.000258,"Si_30":0.000351,"P_31":0.000192,"S_32":0.123,"S_33":0.000285,"S_34":0.0029,"S_36":2.58e-08,"Cl_35":0.000153,"Cl_37":5.7e-05,"Ar_36":0.0222,"Ar_38":0.00182,"Ar_40":8.30021782357e-10,"K_39":0.000176,"K_40":3.84999782176e-08,"K_41":4.7e-09,"Ca_40":0.0179,"Ca_42":6.55e-05,"Ca_43":1.7e-06,"Ca_44":2.75e-06,"Ca_46":2.7e-11,"Ca_48":3.28e-14,"Sc_45":6.5e-07,"Ti_46":3.34e-05,"Ti_47":3.84e-06,"Ti_48":0.000341,"Ti_49":2.82e-05,"Ti_50":2.66e-06,"V_50":1.71e-08,"V_51":9.5e-05,"Cr_50":0.000496,"Cr_52":0.0084,"Cr_53":2.87e-05,"Cr_54":7.34e-05,"Mn_55":0.00955,"Fe_54":0.16,"Fe_56":0.671,"Fe_57":0.028,"Fe_58":0.000454,"Fe_60":9.83e-322,"Co_59":5.52e-05,"Ni_58":0.0635,"Ni_60":0.0112000016,"Ni_61":0.000266,"Ni_62":0.00188,"Ni_64":1.21e-07,"Cu_63":1.71e-06,"Cu_65":2.36e-06,"Zn_64":1.81e-05,"Zn_66":2.72e-05,"Zn_67":3.42e-08,"Zn_68":2.52e-08,"Zn_70":2.68e-15}