{"Mass":null,"C_13":1.37e-10,"N_14":6.32e-10,"N_15":1.95e-11,"O_16":0.0726,"O_17":5.38e-10,"O_18":1.73e-11,"F_19":6.69e-12,"Ne_20":0.000418,"Ne_21":2.14e-07,"Ne_22":0.000214,"Na_23":6.51e-06,"Mg_24":0.000925,"Mg_25":3.13e-05,"Mg_26":5.4927e-05,"Al_26":2.67e-322,"Al_27":0.000216,"Si_28":0.247,"Si_29":0.00178,"Si_30":0.00575,"P_31":0.000962,"S_32":0.0898,"S_33":0.000718,"S_34":0.0171,"S_36":7.56e-06,"Cl_35":0.000343,"Cl_37":8.6e-05,"Ar_36":0.0129,"Ar_38":0.00966,"Ar_40":1.76000068459e-07,"K_39":0.000248,"K_40":1.20999931541e-07,"K_41":6.66e-08,"Ca_40":0.0109999999999,"Ca_42":0.000251,"Ca_43":8.66e-07,"Ca_44":2.37e-06,"Ca_46":1.62e-09,"Ca_48":1.49e-12,"Sc_45":6.59e-07,"Ti_46":0.00011,"Ti_47":6.71e-06,"Ti_48":0.00022,"Ti_49":3.55e-05,"Ti_50":3.89e-06,"V_50":1.5e-07,"V_51":0.000222,"Cr_50":0.00164,"Cr_52":0.00994,"Cr_53":3.67e-05,"Cr_54":0.00014,"Mn_55":0.0157,"Fe_54":0.186,"Fe_56":0.492,"Fe_57":0.0271,"Fe_58":0.000587,"Fe_60":9.83e-322,"Co_59":6.19e-05,"Ni_58":0.138,"Ni_60":0.00812000258,"Ni_61":0.00027,"Ni_62":0.00499,"Ni_64":1.79e-07,"Cu_63":7.8e-06,"Cu_65":3.34e-06,"Zn_64":7.24e-06,"Zn_66":8.72e-05,"Zn_67":3.17e-07,"Zn_68":6.37e-08,"Zn_70":4.63e-15}