{"Mass":null,"C_13":6.45e-12,"N_14":3.69e-10,"N_15":1.32e-10,"O_16":0.049,"O_17":3.9e-11,"O_18":2.21e-12,"F_19":8.34e-13,"Ne_20":0.000656,"Ne_21":1.65e-08,"Ne_22":2.15e-05,"Na_23":2e-06,"Mg_24":0.00122,"Mg_25":4.65e-06,"Mg_26":6.59e-06,"Al_26":2.67e-322,"Al_27":9.18e-05,"Si_28":0.28,"Si_29":0.000243,"Si_30":0.000313,"P_31":0.000165,"S_32":0.19,"S_33":0.000249,"S_34":0.00182,"S_36":2.26e-08,"Cl_35":0.000136,"Cl_37":4.64e-05,"Ar_36":0.0198,"Ar_38":0.00163,"Ar_40":6.16018104816e-10,"K_39":0.000163,"K_40":3.19999818952e-08,"K_41":3.52e-09,"Ca_40":0.0159,"Ca_42":5.85e-05,"Ca_43":1.5e-06,"Ca_44":2.55e-06,"Ca_46":3.43e-09,"Ca_48":5.3e-10,"Sc_45":5.71e-07,"Ti_46":3.19e-05,"Ti_47":3.66e-06,"Ti_48":0.00035,"Ti_49":2.71e-05,"Ti_50":0.000525,"V_50":6.6e-08,"V_51":0.000286,"Cr_50":0.000522,"Cr_52":0.0152,"Cr_53":0.00051,"Cr_54":0.00484,"Mn_55":0.0125,"Fe_54":0.12,"Fe_56":0.681,"Fe_57":0.0217,"Fe_58":0.0143,"Fe_60":9.83e-322,"Co_59":0.000315,"Ni_58":0.0676,"Ni_60":0.013200797,"Ni_61":0.00032,"Ni_62":0.00572,"Ni_64":2.52e-05,"Cu_63":2.7e-06,"Cu_65":2.75e-06,"Zn_64":1.89e-05,"Zn_66":2.85e-05,"Zn_67":3.74e-08,"Zn_68":4.35e-08,"Zn_70":3.83e-12}