{"Mass":null,"C_12":0.00349,"C_13":8.75e-07,"N_14":2.79e-07,"N_15":7.06e-10,"O_16":0.151,"O_17":1.46e-08,"O_18":5.24e-10,"F_19":2.7e-10,"Ne_20":0.00405,"Ne_21":4.35e-06,"Ne_22":7.62e-05,"Na_23":5.87e-05,"Mg_24":0.0214,"Mg_25":8.9e-05,"Mg_26":0.000113,"Al_27":0.00117,"Si_28":0.283,"Si_29":0.00147,"Si_30":0.00283,"P_31":0.000591,"S_32":0.121,"S_33":0.000518,"S_34":0.00565,"S_36":4.78e-07,"Cl_35":0.00017,"Cl_37":5.03e-05,"Ar_36":0.0193,"Ar_38":0.00267,"Ar_40":5.49e-09,"K_39":0.000122,"K_40":3.88e-08,"K_41":8.74e-06,"Ca_40":0.0169,"Ca_42":6.15e-05,"Ca_43":1.61e-07,"Ca_44":1.59e-05,"Ca_46":2.3e-11,"Ca_48":1.75e-16,"Sc_45":2.29e-07,"Ti_46":2.52e-05,"Ti_47":1.08e-06,"Ti_48":0.000816,"Ti_49":2.95e-05,"Ti_50":1.34e-08,"V_50":4.88e-09,"V_51":6.52e-05,"Cr_50":0.000384,"Cr_52":0.00891,"Cr_53":0.00108,"Cr_54":6.68e-07,"Mn_55":0.00734,"Fe_54":0.074,"Fe_56":0.559,"Fe_57":0.018,"Fe_58":1.57e-05,"Co_59":0.000636,"Ni_58":0.0703,"Ni_60":0.00835,"Ni_61":0.000205,"Ni_62":0.00161,"Ni_64":1.32e-09,"Cu_63":1.34e-06,"Cu_65":7.85e-07,"Zn_64":1.38e-05,"Zn_66":2.13e-05,"Zn_67":8.14e-11,"Zn_68":9.55e-09,"Zn_70":5.53e-17}