{"Mass":null,"C_12":0.0499,"C_13":9.57e-07,"N_14":1.11e-06,"N_15":1.71e-09,"O_16":0.14,"O_17":3.59e-08,"O_18":1.13e-09,"F_19":7.19e-10,"Ne_20":0.00169,"Ne_21":1.06e-05,"Ne_22":0.00257,"Na_23":6.59e-05,"Mg_24":0.0162,"Mg_25":6.12e-05,"Mg_26":3.79e-05,"Al_27":0.001,"Si_28":0.164,"Si_29":0.000972,"Si_30":0.00204,"P_31":0.000386,"S_32":0.0774,"S_33":0.000362,"S_34":0.00196,"S_36":4.1e-07,"Cl_35":0.00011,"Cl_37":2.81e-05,"Ar_36":0.0121,"Ar_38":0.000946,"Ar_40":6.1e-09,"K_39":6.01e-05,"K_40":4.34e-08,"K_41":4.36e-06,"Ca_40":0.00973,"Ca_42":2.38e-05,"Ca_43":7.27e-08,"Ca_44":8.4e-06,"Ca_46":3.65e-11,"Ca_48":2.82e-13,"Sc_45":1.33e-07,"Ti_46":1.16e-05,"Ti_47":5.15e-07,"Ti_48":0.000365,"Ti_49":1.48e-05,"Ti_50":1.85e-06,"V_50":3.5e-09,"V_51":4.04e-05,"Cr_50":0.000261,"Cr_52":0.00432,"Cr_53":0.00066,"Cr_54":3.48e-05,"Mn_55":0.00672,"Fe_54":0.0777,"Fe_56":0.657,"Fe_57":0.0256,"Fe_58":0.000229,"Co_59":0.000829,"Ni_58":0.106,"Ni_60":0.00975,"Ni_61":0.000273,"Ni_62":0.00252,"Ni_64":2.2e-07,"Cu_63":1.77e-06,"Cu_65":7.78e-07,"Zn_64":1.43e-05,"Zn_66":2.37e-05,"Zn_67":4.94e-11,"Zn_68":9.59e-09,"Zn_70":2.36e-14}