{"Mass":null,"C_12":0.364,"C_13":2.29e-06,"N_14":1.54e-06,"N_15":1.65e-09,"O_16":0.427,"O_17":4.51e-08,"O_18":1.8e-09,"F_19":1.04e-09,"Ne_20":0.00613,"Ne_21":1.66e-05,"Ne_22":0.019,"Na_23":0.000159,"Mg_24":0.00955,"Mg_25":0.000172,"Mg_26":0.000193,"Al_27":0.000723,"Si_28":0.0502,"Si_29":0.000652,"Si_30":0.000988,"P_31":0.000191,"S_32":0.0187,"S_33":0.000101,"S_34":0.00098,"S_36":1.49e-07,"Cl_35":3.41e-05,"Cl_37":7.45e-06,"Ar_36":0.00254,"Ar_38":0.000398,"Ar_40":1.32e-09,"K_39":1.71e-05,"K_40":7.17e-09,"K_41":1.1e-06,"Ca_40":0.00204,"Ca_42":8.38e-06,"Ca_43":1.84e-08,"Ca_44":1.94e-06,"Ca_46":2.45e-12,"Ca_48":1.94e-17,"Sc_45":2.55e-08,"Ti_46":3.57e-06,"Ti_47":1.36e-07,"Ti_48":9.23e-05,"Ti_49":3.68e-06,"Ti_50":9.98e-10,"V_50":3.82e-09,"V_51":2.15e-05,"Cr_50":0.000156,"Cr_52":0.0027,"Cr_53":0.000712,"Cr_54":6.85e-08,"Mn_55":0.00735,"Fe_54":0.0815,"Fe_56":0.295,"Fe_57":0.0126,"Fe_58":1.36e-05,"Co_59":0.00082,"Ni_58":0.0724,"Ni_60":0.0111,"Ni_61":7.2e-05,"Ni_62":0.000635,"Ni_64":6.32e-11,"Cu_63":6.49e-07,"Cu_65":1.96e-07,"Zn_64":3.74e-06,"Zn_66":6.39e-06,"Zn_67":2.29e-11,"Zn_68":2.71e-09,"Zn_70":2.6e-19}