{"Mass":null,"C_12":0.0121,"C_13":2.8e-06,"N_14":1.15e-06,"N_15":3.32e-09,"O_16":0.376,"O_17":7.61e-08,"O_18":2.42e-09,"F_19":1.54e-09,"Ne_20":0.011,"Ne_21":2.36e-05,"Ne_22":0.000282,"Na_23":0.000207,"Mg_24":0.0584,"Mg_25":0.000295,"Mg_26":0.000349,"Al_27":0.00322,"Si_28":0.327,"Si_29":0.00364,"Si_30":0.00745,"P_31":0.00136,"S_32":0.107,"S_33":0.00104,"S_34":0.00111,"S_36":1.3e-06,"Cl_35":0.00029,"Cl_37":7.87e-05,"Ar_36":0.0121,"Ar_38":0.00402,"Ar_40":1.46e-08,"K_39":0.00016,"K_40":7.75e-08,"K_41":1.18e-05,"Ca_40":0.00682,"Ca_42":8.71e-05,"Ca_43":1.31e-07,"Ca_44":3.31e-06,"Ca_46":5.8e-11,"Ca_48":4.27e-16,"Sc_45":2.38e-07,"Ti_46":3.34e-05,"Ti_47":7.98e-07,"Ti_48":0.000165,"Ti_49":8.52e-06,"Ti_50":3.77e-09,"V_50":7.13e-09,"V_51":2.95e-05,"Cr_50":0.000315,"Cr_52":0.0026,"Cr_53":0.000603,"Cr_54":1.82e-07,"Mn_55":0.00595,"Fe_54":0.0701,"Fe_56":0.278,"Fe_57":0.0123,"Fe_58":1.27e-05,"Co_59":0.00067,"Ni_58":0.0663,"Ni_60":0.00805,"Ni_61":6.95e-05,"Ni_62":0.000585,"Ni_64":1.52e-10,"Cu_63":5.99e-07,"Cu_65":1.82e-07,"Zn_64":3.23e-06,"Zn_66":5.58e-06,"Zn_67":2.28e-11,"Zn_68":2.44e-09,"Zn_70":2.89e-18}