{"Mass":null,"C_12":0.000158,"C_13":2.23e-10,"N_14":1.35e-09,"N_15":1.11e-07,"O_16":0.0204,"O_17":2.19e-11,"O_18":8.64e-12,"F_19":1.96e-12,"Ne_20":9.79e-05,"Ne_21":2.27e-10,"Ne_22":3.81e-10,"Na_23":6.37e-07,"Mg_24":0.00495,"Mg_25":2.83e-08,"Mg_26":3.56e-08,"Al_27":6.59e-06,"Si_28":0.0911,"Si_29":2.04e-05,"Si_30":1.74e-05,"P_31":1.63e-05,"S_32":0.0469,"S_33":4.16e-06,"S_34":6.8e-06,"S_36":1.32e-13,"Cl_35":3.29e-06,"Cl_37":3.17e-07,"Ar_36":0.00974,"Ar_38":2.56e-07,"Ar_40":1.99e-14,"K_39":8.22e-07,"K_41":6.06e-08,"Ca_40":0.00928,"Ca_42":2.65e-09,"Ca_43":2.42e-08,"Ca_44":7.99e-06,"Ca_46":7.25e-22,"Ca_48":0.0,"Sc_45":1.41e-08,"Ti_46":1.23e-07,"Ti_47":9.24e-08,"Ti_48":0.000212,"Ti_49":1.91e-07,"Ti_50":8.99e-21,"V_50":4.31e-18,"V_51":4.38e-06,"Cr_50":5.71e-07,"Cr_52":0.00453,"Cr_53":1.83e-05,"Cr_54":2.72e-16,"Mn_55":9.13e-05,"Fe_54":1.03e-05,"Fe_56":1.01,"Fe_57":0.0119,"Fe_58":1.1e-12,"Co_59":0.00108,"Ni_58":0.00534,"Ni_60":0.00522,"Ni_61":6.07e-05,"Ni_62":8.94e-05,"Ni_64":1.5e-18,"Cu_63":3.05e-05,"Cu_65":2.61e-07,"Zn_64":6.17e-05,"Zn_66":5.67e-07,"Zn_67":1.42e-10,"Zn_68":2.43e-11,"Zn_70":0.0}