{"Mass":null,"C_12":7.5e-05,"C_13":3.8e-11,"N_14":3.56e-09,"N_15":1.3e-07,"O_16":0.0352,"O_17":1.9e-11,"O_18":7.41e-12,"F_19":2.4e-12,"Ne_20":0.000833,"Ne_21":6.42e-10,"Ne_22":2.05e-09,"Na_23":6.35e-07,"Mg_24":0.00498,"Mg_25":2.75e-08,"Mg_26":1.31e-08,"Al_27":1.32e-05,"Si_28":0.105,"Si_29":1.81e-05,"Si_30":1.1e-05,"P_31":2.29e-05,"S_32":0.0668,"S_33":5.46e-06,"S_34":2.32e-06,"S_36":1.28e-13,"Cl_35":4.31e-06,"Cl_37":7.19e-07,"Ar_36":0.0151,"Ar_38":1.46e-07,"Ar_40":1.31e-14,"K_39":1.26e-06,"K_41":2.42e-07,"Ca_40":0.0151,"Ca_42":3.59e-09,"Ca_43":2.36e-08,"Ca_44":1.17e-05,"Ca_46":4.55e-25,"Ca_48":0.0,"Sc_45":2.13e-08,"Ti_46":1.51e-08,"Ti_47":3.71e-08,"Ti_48":0.000324,"Ti_49":5.65e-07,"Ti_50":1.64e-21,"V_50":5.84e-15,"V_51":6.94e-06,"Cr_50":1.21e-06,"Cr_52":0.00813,"Cr_53":0.000121,"Cr_54":1.34e-12,"Mn_55":0.00111,"Fe_54":0.0014,"Fe_56":0.957,"Fe_57":0.00839,"Fe_58":6.99e-12,"Co_59":0.000377,"Ni_58":0.00326,"Ni_60":0.00183,"Ni_61":1.63e-05,"Ni_62":1.16e-05,"Ni_64":2.78e-19,"Cu_63":8.1e-06,"Cu_65":5.89e-08,"Zn_64":1.59e-05,"Zn_66":6.81e-08,"Zn_67":1.33e-11,"Zn_68":1.57e-12,"Zn_70":0.0}