{"Mass":null,"C_12":9.39e-05,"C_13":3.53e-11,"N_14":4.1e-09,"N_15":1.48e-07,"O_16":0.0406,"O_17":2.37e-11,"O_18":9.24e-12,"F_19":3.05e-12,"Ne_20":0.00114,"Ne_21":8.53e-10,"Ne_22":2.53e-09,"Na_23":8.27e-07,"Mg_24":0.00572,"Mg_25":3.47e-08,"Mg_26":1.57e-08,"Al_27":1.58e-05,"Si_28":0.116,"Si_29":1.93e-05,"Si_30":1.14e-05,"P_31":2.55e-05,"S_32":0.0737,"S_33":6.11e-06,"S_34":2.27e-06,"S_36":1.46e-13,"Cl_35":4.63e-06,"Cl_37":8.21e-07,"Ar_36":0.0165,"Ar_38":1.55e-07,"Ar_40":1.49e-14,"K_39":1.34e-06,"K_41":2.68e-07,"Ca_40":0.0165,"Ca_42":3.8e-09,"Ca_43":2.38e-08,"Ca_44":1.25e-05,"Ca_46":5.04e-25,"Ca_48":0.0,"Sc_45":2.26e-08,"Ti_46":1.29e-08,"Ti_47":3.73e-08,"Ti_48":0.000347,"Ti_49":4.77e-07,"Ti_50":7.08e-22,"V_50":2.58e-15,"V_51":6.34e-06,"Cr_50":7.25e-07,"Cr_52":0.00842,"Cr_53":0.000105,"Cr_54":7.25e-13,"Mn_55":0.000754,"Fe_54":0.00082,"Fe_56":0.916,"Fe_57":0.00772,"Fe_58":4.93e-12,"Co_59":0.000355,"Ni_58":0.00275,"Ni_60":0.00176,"Ni_61":1.56e-05,"Ni_62":1.08e-05,"Ni_64":2.5e-19,"Cu_63":7.49e-06,"Cu_65":5.7e-08,"Zn_64":1.53e-05,"Zn_66":6.29e-08,"Zn_67":1.22e-11,"Zn_68":1.42e-12,"Zn_70":0.0}