{"Mass":null,"C_12":4.99e-05,"C_13":4.32e-11,"N_14":2.55e-09,"N_15":9.96e-08,"O_16":0.0265,"O_17":1.16e-11,"O_18":4.63e-12,"F_19":1.54e-12,"Ne_20":0.000476,"Ne_21":3.83e-10,"Ne_22":1.21e-09,"Na_23":3.82e-07,"Mg_24":0.00376,"Mg_25":1.8e-08,"Mg_26":9.96e-09,"Al_27":9.08e-06,"Si_28":0.0847,"Si_29":1.6e-05,"Si_30":1.06e-05,"P_31":1.83e-05,"S_32":0.0543,"S_33":4.22e-06,"S_34":2.58e-06,"S_36":9.77e-14,"Cl_35":3.7e-06,"Cl_37":5.18e-07,"Ar_36":0.0124,"Ar_38":1.32e-07,"Ar_40":9.83e-15,"K_39":1.1e-06,"K_41":1.89e-07,"Ca_40":0.0124,"Ca_42":3.21e-09,"Ca_43":2.3e-08,"Ca_44":1.03e-05,"Ca_46":3.65e-25,"Ca_48":0.0,"Sc_45":1.88e-08,"Ti_46":2.14e-08,"Ti_47":3.8e-08,"Ti_48":0.000283,"Ti_49":9.89e-07,"Ti_50":6.3e-21,"V_50":2.16e-14,"V_51":9.36e-06,"Cr_50":3.33e-06,"Cr_52":0.00783,"Cr_53":0.000183,"Cr_54":3.63e-12,"Mn_55":0.00205,"Fe_54":0.00327,"Fe_56":1.03,"Fe_57":0.00974,"Fe_58":1.27e-11,"Co_59":0.000413,"Ni_58":0.00443,"Ni_60":0.0019,"Ni_61":1.72e-05,"Ni_62":1.28e-05,"Ni_64":3.3e-19,"Cu_63":9.12e-06,"Cu_65":6.13e-08,"Zn_64":1.7e-05,"Zn_66":7.76e-08,"Zn_67":1.55e-11,"Zn_68":1.87e-12,"Zn_70":0.0}