{"Mass":null,"C_12":0.000151,"C_13":2.96e-11,"N_14":5.67e-09,"N_15":1.87e-07,"O_16":0.052,"O_17":4.15e-11,"O_18":1.56e-11,"F_19":4.86e-12,"Ne_20":0.00229,"Ne_21":1.72e-09,"Ne_22":4.54e-09,"Na_23":1.48e-06,"Mg_24":0.00721,"Mg_25":5.89e-08,"Mg_26":2.55e-08,"Al_27":2.13e-05,"Si_28":0.138,"Si_29":2.15e-05,"Si_30":1.22e-05,"P_31":3.05e-05,"S_32":0.0876,"S_33":7.28e-06,"S_34":2.23e-06,"S_36":1.9e-13,"Cl_35":5.26e-06,"Cl_37":1.01e-06,"Ar_36":0.0195,"Ar_38":1.74e-07,"Ar_40":1.87e-14,"K_39":1.51e-06,"K_41":3.15e-07,"Ca_40":0.0195,"Ca_42":4.22e-09,"Ca_43":2.4e-08,"Ca_44":1.42e-05,"Ca_46":4.84e-25,"Ca_48":0.0,"Sc_45":2.51e-08,"Ti_46":9.52e-09,"Ti_47":3.76e-08,"Ti_48":0.000393,"Ti_49":4.8e-07,"Ti_50":8.73e-23,"V_50":3.36e-16,"V_51":5.95e-06,"Cr_50":3.81e-07,"Cr_52":0.00921,"Cr_53":9.84e-05,"Cr_54":1.49e-13,"Mn_55":0.000311,"Fe_54":0.000221,"Fe_56":0.832,"Fe_57":0.00643,"Fe_58":2.14e-12,"Co_59":0.000306,"Ni_58":0.00189,"Ni_60":0.00158,"Ni_61":1.38e-05,"Ni_62":8.98e-06,"Ni_64":1.87e-19,"Cu_63":6.24e-06,"Cu_65":5.12e-08,"Zn_64":1.35e-05,"Zn_66":5.19e-08,"Zn_67":9.9e-12,"Zn_68":1.11e-12,"Zn_70":0.0}