{"Mass":null,"C_12":6.33e-05,"C_13":4.03e-11,"N_14":3.12e-09,"N_15":1.16e-07,"O_16":0.0312,"O_17":1.56e-11,"O_18":6.1e-12,"F_19":1.96e-12,"Ne_20":0.000654,"Ne_21":5.5e-10,"Ne_22":1.66e-09,"Na_23":5.09e-07,"Mg_24":0.00441,"Mg_25":2.27e-08,"Mg_26":1.15e-08,"Al_27":1.12e-05,"Si_28":0.0957,"Si_29":1.72e-05,"Si_30":1.08e-05,"P_31":2.08e-05,"S_32":0.0612,"S_33":4.9e-06,"S_34":2.39e-06,"S_36":1.14e-13,"Cl_35":4.03e-06,"Cl_37":6.29e-07,"Ar_36":0.0138,"Ar_38":1.38e-07,"Ar_40":1.15e-14,"K_39":1.19e-06,"K_41":2.19e-07,"Ca_40":0.0139,"Ca_42":3.41e-09,"Ca_43":2.34e-08,"Ca_44":1.11e-05,"Ca_46":4.13e-25,"Ca_48":0.0,"Sc_45":2.03e-08,"Ti_46":1.79e-08,"Ti_47":3.75e-08,"Ti_48":0.000305,"Ti_49":7.05e-07,"Ti_50":3.08e-21,"V_50":1.08e-14,"V_51":7.77e-06,"Cr_50":1.91e-06,"Cr_52":0.00795,"Cr_53":0.000143,"Cr_54":2.14e-12,"Mn_55":0.00148,"Fe_54":0.00208,"Fe_56":0.99,"Fe_57":0.00898,"Fe_58":9.18e-12,"Co_59":0.000394,"Ni_58":0.00374,"Ni_60":0.00187,"Ni_61":1.68e-05,"Ni_62":1.21e-05,"Ni_64":3.01e-19,"Cu_63":8.57e-06,"Cu_65":6.01e-08,"Zn_64":1.64e-05,"Zn_66":7.23e-08,"Zn_67":1.43e-11,"Zn_68":1.7e-12,"Zn_70":0.0}