{"Mass":null,"C_12":0.0015,"C_13":3.59e-09,"N_14":5.94e-07,"N_15":6.57e-10,"O_16":0.0552,"O_17":1.14e-07,"O_18":8.15e-10,"F_19":6.7e-11,"Ne_20":0.00154,"Ne_21":7.18e-08,"Ne_22":9.72e-06,"Na_23":1.15e-05,"Mg_24":0.00908,"Mg_25":1.67e-05,"Mg_26":1.98e-05,"Al_27":0.000294,"Si_28":0.248,"Si_29":0.000377,"Si_30":0.000619,"P_31":0.000211,"S_32":0.114,"S_33":0.000167,"S_34":0.00121,"S_36":4.31e-08,"Cl_35":7.83e-05,"Cl_37":2.06e-05,"Ar_36":0.0203,"Ar_38":0.000698,"Ar_40":1.16e-08,"K_39":6.32e-05,"K_41":4.04e-06,"Ca_40":0.0176,"Ca_42":1.69e-05,"Ca_43":3.45e-08,"Ca_44":1.22e-05,"Ca_46":5.29e-09,"Ca_48":6.14e-10,"Sc_45":1.96e-07,"Ti_46":1.01e-05,"Ti_47":4.6e-07,"Ti_48":0.00038,"Ti_49":2.52e-05,"Ti_50":2.7e-07,"V_50":1.39e-08,"V_51":9.53e-05,"Cr_50":0.000302,"Cr_52":0.00987,"Cr_53":0.00118,"Cr_54":1.06e-05,"Mn_55":0.0127,"Fe_54":0.0954,"Fe_56":0.719,"Fe_57":0.0186,"Fe_58":7.55e-05,"Co_59":0.000566,"Ni_58":0.065,"Ni_60":0.00511,"Ni_61":6.47e-05,"Ni_62":0.000399,"Ni_64":8.73e-07,"Cu_63":4.27e-06,"Cu_65":1.92e-06,"Zn_64":7.06e-06,"Zn_66":8.5e-06,"Zn_67":2.03e-07,"Zn_68":3.89e-07,"Zn_70":6.41e-09}