{"Mass":null,"C_12":0.000984,"C_13":2.5e-09,"N_14":3.94e-07,"N_15":4.21e-10,"O_16":0.0347,"O_17":7.61e-08,"O_18":5.1e-10,"F_19":3.46e-11,"Ne_20":0.000898,"Ne_21":4.57e-08,"Ne_22":6.14e-06,"Na_23":7.13e-06,"Mg_24":0.00602,"Mg_25":1.02e-05,"Mg_26":1.24e-05,"Al_27":0.000186,"Si_28":0.206,"Si_29":0.000257,"Si_30":0.000418,"P_31":0.000147,"S_32":0.0944,"S_33":0.00012,"S_34":0.000879,"S_36":2.82e-08,"Cl_35":5.44e-05,"Cl_37":1.44e-05,"Ar_36":0.0173,"Ar_38":0.000476,"Ar_40":7.3e-09,"K_39":4.14e-05,"K_41":2.64e-06,"Ca_40":0.0157,"Ca_42":1.04e-05,"Ca_43":2.65e-08,"Ca_44":1.18e-05,"Ca_46":3.19e-09,"Ca_48":3.97e-10,"Sc_45":1.42e-07,"Ti_46":6.67e-06,"Ti_47":3.82e-07,"Ti_48":0.000373,"Ti_49":2.35e-05,"Ti_50":2.55e-07,"V_50":9.37e-09,"V_51":8.73e-05,"Cr_50":0.000265,"Cr_52":0.00958,"Cr_53":0.00111,"Cr_54":1.05e-05,"Mn_55":0.0119,"Fe_54":0.0852,"Fe_56":0.817,"Fe_57":0.0211,"Fe_58":7.51e-05,"Co_59":0.000637,"Ni_58":0.0664,"Ni_60":0.00592,"Ni_61":9.08e-05,"Ni_62":0.000547,"Ni_64":5.89e-07,"Cu_63":3.04e-06,"Cu_65":1.41e-06,"Zn_64":6.99e-06,"Zn_66":7.61e-06,"Zn_67":1.39e-07,"Zn_68":2.79e-07,"Zn_70":4.23e-09}