{"Mass":null,"C_12":0.00565,"C_13":1.01e-08,"N_14":2.69e-06,"N_15":3.18e-09,"O_16":0.121,"O_17":4.88e-07,"O_18":4.98e-09,"F_19":5.51e-10,"Ne_20":0.00644,"Ne_21":3.61e-07,"Ne_22":4.79e-05,"Na_23":5.1e-05,"Mg_24":0.0191,"Mg_25":6.59e-05,"Mg_26":8.37e-05,"Al_27":0.000731,"Si_28":0.259,"Si_29":0.000747,"Si_30":0.00129,"P_31":0.000394,"S_32":0.115,"S_33":0.000252,"S_34":0.0018,"S_36":1.44e-07,"Cl_35":0.000127,"Cl_37":2.85e-05,"Ar_36":0.0204,"Ar_38":0.00101,"Ar_40":5.52e-08,"K_39":9.47e-05,"K_41":6.07e-06,"Ca_40":0.0176,"Ca_42":2.72e-05,"Ca_43":9.59e-08,"Ca_44":1.19e-05,"Ca_46":2.95e-08,"Ca_48":2.93e-09,"Sc_45":3.4e-07,"Ti_46":1.49e-05,"Ti_47":6.42e-07,"Ti_48":0.000362,"Ti_49":2.41e-05,"Ti_50":3.12e-07,"V_50":3.85e-08,"V_51":9.28e-05,"Cr_50":0.000296,"Cr_52":0.00966,"Cr_53":0.00118,"Cr_54":1.08e-05,"Mn_55":0.0129,"Fe_54":0.099,"Fe_56":0.62,"Fe_57":0.0162,"Fe_58":7.79e-05,"Co_59":0.000509,"Ni_58":0.0627,"Ni_60":0.00449,"Ni_61":5.33e-05,"Ni_62":0.000305,"Ni_64":2.53e-06,"Cu_63":1.17e-05,"Cu_65":4.28e-06,"Zn_64":9.9e-06,"Zn_66":1.34e-05,"Zn_67":6.23e-07,"Zn_68":7.56e-07,"Zn_70":2.06e-08}