{"Mass":null,"C_12":0.208,"C_13":3.49e-07,"N_14":4.26e-05,"N_15":4.38e-08,"O_16":0.503,"O_17":8.4e-06,"O_18":1.21e-07,"F_19":2.64e-07,"Ne_20":0.0109,"Ne_21":6.74e-06,"Ne_22":0.00807,"Na_23":0.000339,"Mg_24":0.00492,"Mg_25":0.000476,"Mg_26":0.000395,"Al_27":0.00057,"Si_28":0.051,"Si_29":0.000411,"Si_30":0.000563,"P_31":0.000175,"S_32":0.029,"S_33":7.42e-05,"S_34":0.000427,"S_36":6.81e-07,"Cl_35":6.21e-05,"Cl_37":1.49e-05,"Ar_36":0.00577,"Ar_38":0.00035,"Ar_40":3.29e-07,"K_39":5.97e-05,"K_41":4.67e-06,"Ca_40":0.00521,"Ca_42":1.92e-05,"Ca_43":2.99e-07,"Ca_44":5.02e-06,"Ca_46":1.41e-07,"Ca_48":8.53e-08,"Sc_45":4.8e-07,"Ti_46":8.98e-06,"Ti_47":5.54e-07,"Ti_48":0.000101,"Ti_49":8.52e-06,"Ti_50":5.95e-07,"V_50":2.95e-08,"V_51":4.92e-05,"Cr_50":0.000171,"Cr_52":0.00436,"Cr_53":0.000808,"Cr_54":1.24e-05,"Mn_55":0.0111,"Fe_54":0.0953,"Fe_56":0.382,"Fe_57":0.0123,"Fe_58":0.000108,"Co_59":0.000488,"Ni_58":0.0598,"Ni_60":0.004,"Ni_61":3.57e-05,"Ni_62":0.000163,"Ni_64":2.58e-06,"Cu_63":7.21e-06,"Cu_65":1.81e-06,"Zn_64":1.77e-06,"Zn_66":3.63e-06,"Zn_67":4.86e-07,"Zn_68":3.41e-07,"Zn_70":2.73e-08}