{"Mass":null,"C_12":0.1,"O_16":0.49,"Ne_20":0.042,"Na_23":0.00021,"Mg_24":0.16,"Al_27":0.00073,"Si_28":0.56,"Si_29":0.0003,"Si_30":0.00013,"P_31":0.00028,"S_32":0.19,"S_33":0.00012,"Ar_36":0.031,"Ca_40":0.025,"Ca_44":1.1e-05,"Ti_48":0.00034,"Cr_52":0.006124,"Cr_53":6e-05,"Mn_53":1.302e-320,"Mn_55":5.2e-05,"Fe_54":1.7e-05,"Fe_56":0.12,"Fe_57":0.00035,"Ni_58":2.9e-05}