{"Mass":null,"C_12":0.153,"C_13":7.63e-07,"N_14":0.000161,"N_15":2.12e-07,"O_16":0.49,"O_17":2.08e-05,"O_18":2.42e-07,"F_19":2.54e-09,"Ne_20":0.0793,"Ne_21":1.84e-05,"Ne_22":0.00411,"Na_23":0.00137,"Mg_24":0.0856,"Mg_25":0.00175,"Mg_26":0.00287,"Al_27":0.00656,"Si_28":0.266,"Cr_29":0.00591,"Si_30":0.01,"P_31":0.00247,"S_32":0.099,"S_33":0.000494,"S_34":0.00373,"S_36":2.07e-06,"Cl_35":0.000616,"Cl_37":2.37e-05,"Ar_36":0.0154,"Ar_38":0.00112,"Ar_40":6.06e-08,"K_39":7.24e-05,"K_41":3.44e-06,"Ca_40":0.0133,"Ca_42":2.26e-05,"Ca_43":5.73e-08,"Ca_44":8.28e-06,"Ca_46":2.07e-10,"Ca_48":1.86e-14,"Sc_45":1.48e-07,"Ti_46":1.18e-05,"Ti_47":4.27e-07,"Ti_48":0.000273,"Ti_49":2.07e-05,"Ti_50":6.86e-10,"V_50":2.03e-09,"V_51":6.88e-05,"Cr_50":0.000277,"Cr_52":0.00627,"Cr_53":0.000624,"Cr_54":7.47e-08,"Mn_55":0.00373,"Fe_54":0.0228,"Fe_56":0.614,"Fe_57":0.0149,"Fe_58":1.73e-08,"Co_59":0.000301,"Ni_58":0.0284,"Ni_60":0.00138,"Ni_61":6.04e-05,"Ni_62":0.000487,"Ni_64":5.4e-16,"Cu_63":2.82e-07,"Cu_65":5.44e-08,"Zn_64":8.69e-07,"Zn_66":1.34e-06,"Zn_67":6.85e-10,"Zn_68":4.21e-10,"Zn_70":5.51e-24}