{"Mass":null,"C_12":0.00385,"C_13":2.17e-08,"N_14":3.98e-06,"N_15":4.66e-09,"O_16":0.124,"O_17":5.14e-07,"O_18":4.61e-09,"F_19":5.68e-11,"Ne_20":0.00433,"Ne_21":5.17e-07,"Ne_22":5.51e-05,"Na_23":4.68e-05,"Mg_24":0.0183,"Mg_25":8.02e-05,"Mg_26":0.000119,"Al_27":0.000832,"Si_28":0.355,"Si_29":0.00125,"Si_30":0.00286,"P_31":0.000709,"S_32":0.138,"S_33":0.000421,"S_34":0.00502,"S_36":3.05e-07,"Cl_35":0.000227,"Cl_37":4.49e-05,"Ar_36":0.0217,"Ar_38":0.00248,"Ar_40":6.6e-09,"K_39":0.000139,"K_41":7.87e-06,"Ca_40":0.0175,"Ca_42":5.44e-05,"Ca_43":7.44e-08,"Ca_44":1.11e-05,"Ca_46":6.06e-11,"Ca_48":3.04e-15,"Sc_45":2.51e-07,"Ti_46":2.75e-05,"Ti_47":8.51e-07,"Ti_48":0.000336,"Ti_49":2.76e-05,"Ti_50":6.88e-10,"V_50":3.84e-09,"V_51":0.000101,"Cr_50":0.000463,"Cr_52":0.00802,"Cr_53":0.000998,"Cr_54":1.11e-05,"Mn_55":0.0133,"Fe_54":0.057,"Fe_56":0.533,"Fe_57":0.0143,"Fe_58":1.27e-07,"Co_59":0.000148,"Ni_58":0.0381,"Ni_60":0.000764,"Ni_61":3.09e-05,"Ni_62":0.000246,"Ni_64":5.26e-14,"Cu_63":1.72e-07,"Cu_65":6.04e-08,"Zn_64":9.19e-07,"Zn_66":1.44e-06,"Zn_67":8.79e-10,"Zn_68":5.26e-10,"Zn_70":5.97e-24}