{"Mass":null,"C_12":0.0039,"C_13":2.18e-08,"N_14":4.3e-06,"N_15":5.16e-09,"O_16":0.0989,"O_17":5.54e-07,"O_18":5.29e-09,"F_19":6.22e-11,"Ne_20":0.00415,"Ne_21":5.43e-07,"Ne_22":5.77e-05,"Na_23":4.66e-05,"Mg_24":0.0154,"Mg_25":7.7e-05,"Mg_26":0.000117,"Al_27":0.000705,"Si_28":0.259,"Si_29":0.00103,"Si_30":0.00235,"P_31":0.00056,"S_32":0.101,"S_33":0.000314,"S_34":0.00373,"S_36":2.57e-07,"Cl_35":0.000167,"Cl_37":3.14e-05,"Ar_36":0.0161,"Ar_38":0.00172,"Ar_40":5.27e-09,"K_39":9.52e-05,"K_41":5.38e-06,"Ca_40":0.0135,"Ca_42":3.69e-05,"Ca_43":5.62e-08,"Ca_44":9.14e-06,"Ca_46":4.76e-11,"Ca_48":5.84e-15,"Sc_45":1.83e-07,"Ti_46":1.87e-05,"Ti_47":6.33e-07,"Ti_48":0.000285,"Ti_49":2.35e-05,"Ti_50":1.62e-07,"V_50":4.68e-09,"V_51":9.51e-05,"Cr_50":0.000406,"Cr_52":0.0077,"Cr_53":0.00112,"Cr_54":7.59e-06,"Mn_55":0.0121,"Fe_54":0.09,"Fe_56":0.67,"Fe_57":0.0203,"Fe_58":5.33e-05,"Co_59":0.000559,"Ni_58":0.0689,"Ni_60":0.0044,"Ni_61":6.57e-05,"Ni_62":0.000527,"Ni_64":2.4e-08,"Cu_63":4.43e-07,"Cu_65":1.05e-07,"Zn_64":1.71e-06,"Zn_66":2.41e-06,"Zn_67":1.42e-09,"Zn_68":8.87e-10,"Zn_70":1.36e-15}