{"Mass":null,"C_12":0.00443,"C_13":2.57e-08,"N_14":3.85e-06,"N_15":4.47e-09,"O_16":0.0516,"O_17":5.34e-07,"O_18":4.54e-09,"F_19":5.05e-11,"Ne_20":0.0024,"Ne_21":4.16e-07,"Ne_22":0.000131,"Na_23":3.22e-05,"Mg_24":0.00777,"Mg_25":5.07e-05,"Mg_26":7.55e-05,"Al_27":0.000371,"Si_28":0.138,"Si_29":0.000517,"Si_30":0.00118,"P_31":0.000278,"S_32":0.0574,"S_33":0.000153,"S_34":0.00175,"S_36":1.41e-07,"Cl_35":8.37e-05,"Cl_37":1.53e-05,"Ar_36":0.00989,"Ar_38":0.000801,"Ar_40":2.9e-09,"K_39":4.65e-05,"K_41":2.66e-06,"Ca_40":0.00882,"Ca_42":1.74e-05,"Ca_43":2.92e-08,"Ca_44":6.49e-06,"Ca_46":2.64e-11,"Ca_48":7.56e-15,"Sc_45":1.03e-07,"Ti_46":9.13e-06,"Ti_47":3.58e-07,"Ti_48":0.000207,"Ti_49":1.61e-05,"Ti_50":1.44e-07,"V_50":2.34e-09,"V_51":6.18e-05,"Cr_50":0.000227,"Cr_52":0.00545,"Cr_53":0.000709,"Cr_54":5.18e-06,"Mn_55":0.00761,"Fe_54":0.0477,"Fe_56":0.946,"Fe_57":0.0282,"Fe_58":3.63e-05,"Co_59":0.000598,"Ni_58":0.0713,"Ni_60":0.00358,"Ni_61":0.000101,"Ni_62":0.000806,"Ni_64":2.15e-08,"Cu_63":5.71e-07,"Cu_65":1.32e-07,"Zn_64":2.11e-06,"Zn_66":3.13e-06,"Zn_67":1.79e-09,"Zn_68":1.12e-09,"Zn_70":1.63e-15}