{"Mass":null,"C_12":0.0092,"C_13":4.52e-08,"N_14":8.34e-06,"N_15":1.03e-08,"O_16":0.0904,"O_17":1.12e-06,"O_18":1.12e-08,"F_19":1.22e-10,"Ne_20":0.00541,"Ne_21":9.63e-07,"Ne_22":0.000258,"Na_23":7.3e-05,"Mg_24":0.0146,"Mg_25":0.000111,"Mg_26":0.000171,"Al_27":0.000732,"Si_28":0.198,"Si_29":0.000949,"Si_30":0.00212,"P_31":0.000487,"S_32":0.0774,"S_33":0.000243,"S_34":0.00284,"S_36":2.54e-07,"Cl_35":0.000135,"Cl_37":2.26e-05,"Ar_36":0.0128,"Ar_38":0.00125,"Ar_40":4.79e-09,"K_39":6.8e-05,"K_41":3.8e-06,"Ca_40":0.0113,"Ca_42":2.65e-05,"Ca_43":4.29e-08,"Ca_44":8.14e-06,"Ca_46":4.01e-11,"Ca_48":1.86e-14,"Sc_45":1.36e-07,"Ti_46":1.33e-05,"Ti_47":4.84e-07,"Ti_48":0.000267,"Ti_49":2.07e-05,"Ti_50":3.43e-07,"V_50":3.7e-09,"V_51":8.06e-05,"Cr_50":0.000308,"Cr_52":0.00723,"Cr_53":0.000948,"Cr_54":1.08e-05,"Mn_55":0.0097,"Fe_54":0.0671,"Fe_56":0.79,"Fe_57":0.0231,"Fe_58":7.37e-05,"Co_59":0.000612,"Ni_58":0.0663,"Ni_60":0.00431,"Ni_61":9.18e-05,"Ni_62":0.000749,"Ni_64":4.72e-08,"Cu_63":5.62e-07,"Cu_65":1.31e-07,"Zn_64":2.09e-06,"Zn_66":3.04e-06,"Zn_67":1.75e-09,"Zn_68":1.13e-09,"Zn_70":3.67e-15}