{"Mass":null,"C_12":0.00316,"C_13":2.72e-10,"N_14":7.22e-08,"N_15":8.73e-08,"O_16":0.0947,"O_17":5.43e-09,"O_18":9.93e-10,"F_19":4.79e-11,"Ne_20":0.00374,"Ne_21":6.93e-09,"Ne_22":1.71e-07,"Na_23":1.72e-05,"Mg_24":0.029,"Mg_25":8.99e-07,"Mg_26":1.04e-06,"Al_27":8.71e-05,"Si_28":0.289,"Si_29":0.000135,"Si_30":1.84e-05,"P_31":3.54e-05,"S_32":0.115,"S_33":4.57e-05,"S_34":7.14e-06,"S_36":1.73e-11,"Cl_35":5.65e-06,"Cl_37":3.52e-06,"Ar_36":0.0204,"Ar_38":5.4e-06,"Ar_40":5.11e-14,"K_39":3.57e-06,"K_41":4.92e-07,"Ca_40":0.0177,"Ca_42":8.87e-08,"Ca_43":6.23e-09,"Ca_44":1.27e-05,"Ca_46":5.82e-13,"Ca_48":4.82e-15,"Sc_45":3.94e-08,"Ti_46":2.19e-07,"Ti_47":9.9e-08,"Ti_48":0.000387,"Ti_49":6.83e-06,"Ti_50":2.46e-07,"V_50":2.28e-09,"V_51":2.62e-05,"Cr_50":8.59e-05,"Cr_52":0.00964,"Cr_53":0.000627,"Cr_54":1.05e-05,"Mn_55":0.00784,"Fe_54":0.0662,"Fe_56":0.672,"Fe_57":0.0128,"Fe_58":7.7e-05,"Co_59":0.000753,"Ni_58":0.0501,"Ni_60":0.00536,"Ni_61":2.71e-05,"Ni_62":0.000125,"Ni_64":3.63e-08,"Cu_63":1.29e-05,"Cu_65":1.45e-07,"Zn_64":2.64e-05,"Zn_66":4.37e-07,"Zn_67":1.73e-10,"Zn_68":1.51e-10,"Zn_70":2.09e-15}