{"Mass":null,"C_12":0.0121,"C_13":6.57e-08,"N_14":1.33e-05,"N_15":1.71e-08,"O_16":0.196,"O_17":1.74e-06,"O_18":1.98e-08,"F_19":2.13e-10,"Ne_20":0.0115,"Ne_21":1.68e-06,"Ne_22":0.000234,"Na_23":0.000138,"Mg_24":0.0332,"Mg_25":0.000214,"Mg_26":0.000327,"Al_27":0.00164,"Si_28":0.328,"Si_29":0.00208,"Si_30":0.00476,"P_31":0.00108,"S_32":0.11,"S_33":0.000523,"S_34":0.00622,"S_36":5.42e-07,"Cl_35":0.000289,"Cl_37":4.66e-05,"Ar_36":0.015,"Ar_38":0.00269,"Ar_40":1.04e-08,"K_39":0.000142,"K_41":7.81e-06,"Ca_40":0.0107,"Ca_42":5.71e-05,"Ca_43":8.61e-08,"Ca_44":6.45e-06,"Ca_46":8.6e-11,"Ca_48":5.21e-15,"Sc_45":2.2e-07,"Ti_46":2.72e-05,"Ti_47":7.66e-07,"Ti_48":0.00018,"Ti_49":1.72e-05,"Ti_50":4.58e-08,"V_50":6.16e-09,"V_51":8.19e-05,"Cr_50":0.000448,"Cr_52":0.00562,"Cr_53":0.00106,"Cr_54":4.94e-06,"Mn_55":0.0131,"Fe_54":0.113,"Fe_56":0.436,"Fe_57":0.0153,"Fe_58":2.83e-05,"Co_59":0.000528,"Ni_58":0.0729,"Ni_60":0.00467,"Ni_61":1.69e-05,"Ni_62":0.000131,"Ni_64":5.97e-09,"Cu_63":2.1e-07,"Cu_65":2.58e-08,"Zn_64":5.45e-07,"Zn_66":5.97e-07,"Zn_67":3.91e-10,"Zn_68":2.58e-10,"Zn_70":1.76e-16}