{"Mass":null,"C_12":0.0099,"C_13":6.15e-08,"N_14":9.93e-06,"N_15":1.22e-08,"O_16":0.0474,"O_17":1.37e-06,"O_18":1.33e-08,"F_19":1.35e-10,"Ne_20":0.00337,"Ne_21":9.79e-07,"Ne_22":0.000326,"Na_23":6.41e-05,"Mg_24":0.00713,"Mg_25":9.26e-05,"Mg_26":0.000136,"Al_27":0.000395,"Si_28":0.0899,"Si_29":0.000464,"Si_30":0.001,"P_31":0.000228,"S_32":0.037,"S_33":0.000106,"S_34":0.00116,"S_36":1.35e-07,"Cl_35":6.2e-05,"Cl_37":9.62e-06,"Ar_36":0.00636,"Ar_38":0.000515,"Ar_40":2.45e-09,"K_39":2.98e-05,"K_41":1.65e-06,"Ca_40":0.00574,"Ca_42":1.11e-05,"Ca_43":1.93e-08,"Ca_44":4.4e-06,"Ca_46":1.99e-11,"Ca_48":3.88e-15,"Sc_45":6.53e-08,"Ti_46":5.72e-06,"Ti_47":2.28e-07,"Ti_48":0.000141,"Ti_49":1.07e-05,"Ti_50":5.52e-08,"V_50":1.21e-09,"V_51":4.14e-05,"Cr_50":0.000139,"Cr_52":0.00406,"Cr_53":0.000527,"Cr_54":2.06e-06,"Mn_55":0.00693,"Fe_54":0.0307,"Fe_56":1.04,"Fe_57":0.0305,"Fe_58":1.41e-05,"Co_59":0.000497,"Ni_58":0.0678,"Ni_60":0.00263,"Ni_61":9.36e-05,"Ni_62":0.000731,"Ni_64":8.11e-09,"Cu_63":4.94e-07,"Cu_65":1.15e-07,"Zn_64":1.83e-06,"Zn_66":2.7e-06,"Zn_67":1.53e-09,"Zn_68":9.38e-10,"Zn_70":6.43e-16}