{"Mass":null,"C_12":0.0172,"C_13":1e-07,"N_14":1.84e-05,"N_15":2.29e-08,"O_16":0.124,"O_17":2.48e-06,"O_18":2.52e-08,"F_19":2.64e-10,"Ne_20":0.00872,"Ne_21":1.98e-06,"Ne_22":0.000483,"Na_23":0.000138,"Mg_24":0.0193,"Mg_25":0.000202,"Mg_26":0.000307,"Al_27":0.00104,"Si_28":0.271,"Si_29":0.0013,"Si_30":0.00277,"P_31":0.000659,"S_32":0.107,"S_33":0.000327,"S_34":0.00368,"S_36":3.59e-07,"Cl_35":0.000189,"Cl_37":3.14e-05,"Ar_36":0.0176,"Ar_38":0.00169,"Ar_40":6.64e-09,"K_39":9.53e-05,"K_41":5.36e-06,"Ca_40":0.015,"Ca_42":3.63e-05,"Ca_43":5.57e-08,"Ca_44":1.04e-05,"Ca_46":5.5e-11,"Ca_48":6.17e-15,"Sc_45":1.92e-07,"Ti_46":1.86e-05,"Ti_47":6.53e-07,"Ti_48":0.000331,"Ti_49":2.69e-05,"Ti_50":1.61e-07,"V_50":5.07e-09,"V_51":0.000109,"Cr_50":0.000447,"Cr_52":0.0089,"Cr_53":0.00129,"Cr_54":8.55e-06,"Mn_55":0.0139,"Fe_54":0.104,"Fe_56":0.584,"Fe_57":0.0179,"Fe_58":6.05e-05,"Co_59":0.000523,"Ni_58":0.0701,"Ni_60":0.00456,"Ni_61":3.51e-05,"Ni_62":0.000294,"Ni_64":2.44e-08,"Cu_63":3.2e-07,"Cu_65":6.14e-08,"Zn_64":1.06e-06,"Zn_66":1.39e-06,"Zn_67":8.61e-10,"Zn_68":5.68e-10,"Zn_70":1.25e-15}