{"Mass":null,"C_12":0.0168,"C_13":8.44e-08,"N_14":1.88e-05,"N_15":2.41e-08,"O_16":0.272,"O_17":2.42e-06,"O_18":2.73e-08,"F_19":2.97e-10,"Ne_20":0.0173,"Ne_21":2.39e-06,"Ne_22":0.000297,"Na_23":0.000202,"Mg_24":0.0464,"Mg_25":0.000312,"Mg_26":0.000482,"Al_27":0.00237,"Si_28":0.344,"Si_29":0.00286,"Si_30":0.00655,"P_31":0.00147,"S_32":0.103,"S_33":0.000679,"S_34":0.00806,"S_36":7.68e-07,"Cl_35":0.000384,"Cl_37":5.75e-05,"Ar_36":0.0123,"Ar_38":0.00342,"Ar_40":1.48e-08,"K_39":0.000175,"K_41":9.65e-06,"Ca_40":0.0075,"Ca_42":7.3e-05,"Ca_43":1.14e-07,"Ca_44":4.06e-06,"Ca_46":1.24e-10,"Ca_48":6.99e-15,"Sc_45":2.45e-07,"Ti_46":3.34e-05,"Ti_47":8.59e-07,"Ti_48":9.3e-05,"Ti_49":1.03e-05,"Ti_50":1.72e-09,"V_50":7.52e-09,"V_51":6.01e-05,"Cr_50":0.000401,"Cr_52":0.00394,"Cr_53":0.00092,"Cr_54":4.06e-06,"Mn_55":0.0113,"Fe_54":0.1,"Fe_56":0.354,"Fe_57":0.0126,"Fe_58":8.7e-06,"Co_59":0.00062,"Ni_58":0.0616,"Ni_60":0.00675,"Ni_61":1.61e-05,"Ni_62":0.000105,"Ni_64":2.55e-11,"Cu_63":2.29e-07,"Cu_65":2.77e-08,"Zn_64":6.38e-07,"Zn_66":6.45e-07,"Zn_67":4.24e-10,"Zn_68":2.53e-10,"Zn_70":1.25e-21}