{"Mass":null,"C_12":0.00387,"C_13":2.28e-08,"N_14":4.25e-06,"N_15":5.24e-09,"O_16":0.073,"O_17":5.61e-07,"O_18":5.59e-09,"F_19":6.32e-11,"Ne_20":0.00366,"Ne_21":5.2e-07,"Ne_22":7.62e-05,"Na_23":4.25e-05,"Mg_24":0.0115,"Mg_25":6.86e-05,"Mg_26":0.000104,"Al_27":0.000547,"Si_28":0.212,"Si_29":0.000773,"Si_30":0.00172,"P_31":0.00042,"S_32":0.0855,"S_33":0.000237,"S_34":0.00274,"S_36":1.89e-07,"Cl_35":0.000127,"Cl_37":2.44e-05,"Ar_36":0.0143,"Ar_38":0.00129,"Ar_40":3.81e-09,"K_39":7.4e-05,"K_41":4.22e-06,"Ca_40":0.0124,"Ca_42":2.8e-05,"Ca_43":4.37e-08,"Ca_44":8.92e-06,"Ca_46":7.13e-10,"Ca_48":9.97e-11,"Sc_45":1.56e-07,"Ti_46":1.46e-05,"Ti_47":5.44e-07,"Ti_48":0.000287,"Ti_49":2.35e-05,"Ti_50":0.000102,"V_50":3.2e-08,"V_51":0.000151,"Cr_50":0.000395,"Cr_52":0.0116,"Cr_53":0.00146,"Cr_54":0.00125,"Mn_55":0.0139,"Fe_54":0.098,"Fe_56":0.747,"Fe_57":0.0225,"Fe_58":0.00509,"Co_59":0.000996,"Ni_58":0.0754,"Ni_60":0.00879,"Ni_61":0.00012,"Ni_62":0.00285,"Ni_64":9.61e-06,"Cu_63":2.32e-06,"Cu_65":3.23e-07,"Zn_64":1.94e-06,"Zn_66":2.74e-06,"Zn_67":2.26e-09,"Zn_68":1.07e-08,"Zn_70":2.23e-12}