{"Mass":null,"C_12":0.0106,"C_13":5.57e-08,"N_14":1.04e-05,"N_15":1.29e-08,"O_16":0.191,"O_17":1.36e-06,"O_18":1.44e-08,"F_19":1.58e-10,"Ne_20":0.0094,"Ne_21":1.29e-06,"Ne_22":0.000232,"Na_23":0.000109,"Mg_24":0.0308,"Mg_25":0.000175,"Mg_26":0.000263,"Al_27":0.00148,"Si_28":0.361,"Si_29":0.00197,"Si_30":0.00453,"P_31":0.00105,"S_32":0.122,"S_33":0.000547,"S_34":0.00656,"S_36":4.97e-07,"Cl_35":0.000298,"Cl_37":5.22e-05,"Ar_36":0.0164,"Ar_38":0.00298,"Ar_40":9.87e-09,"K_39":0.00016,"K_41":8.93e-06,"Ca_40":0.011,"Ca_42":6.44e-05,"Ca_43":9.21e-08,"Ca_44":6.08e-06,"Ca_46":8.43e-11,"Ca_48":4.52e-15,"Sc_45":2.48e-07,"Ti_46":3.11e-05,"Ti_47":8.46e-07,"Ti_48":0.00015,"Ti_49":1.62e-05,"Ti_50":1.19e-09,"V_50":6.11e-09,"V_51":8.09e-05,"Cr_50":0.000508,"Cr_52":0.00478,"Cr_53":0.00106,"Cr_54":3.17e-06,"Mn_55":0.0131,"Fe_54":0.122,"Fe_56":0.39,"Fe_57":0.0145,"Fe_58":7.02e-06,"Co_59":0.000623,"Ni_58":0.0748,"Ni_60":0.00579,"Ni_61":1.48e-05,"Ni_62":9.83e-05,"Ni_64":1.78e-11,"Cu_63":1.91e-07,"Cu_65":2.41e-08,"Zn_64":5.66e-07,"Zn_66":5.74e-07,"Zn_67":3.76e-10,"Zn_68":2.29e-10,"Zn_70":7.4e-22}