{"Mass":null,"C_12":0.0031,"C_13":8.47e-09,"N_14":1.8e-06,"N_15":2.07e-09,"O_16":0.0987,"O_17":2.84e-07,"O_18":2.23e-09,"F_19":2.2e-11,"Ne_20":0.0036,"Ne_21":1.97e-07,"Ne_22":1.65e-05,"Na_23":2.63e-05,"Mg_24":0.0202,"Mg_25":3.09e-05,"Mg_26":4.44e-05,"Al_27":0.000588,"Si_28":0.29,"Si_29":0.000728,"Si_30":0.00119,"P_31":0.000358,"S_32":0.112,"S_33":0.000239,"S_34":0.00186,"S_36":3.86e-08,"Cl_35":9.91e-05,"Cl_37":2.27e-05,"Ar_36":0.0185,"Ar_38":0.000831,"Ar_40":4.66e-10,"K_39":6.25e-05,"K_41":3.85e-06,"Ca_40":0.0157,"Ca_42":1.67e-05,"Ca_43":2.35e-08,"Ca_44":1.08e-05,"Ca_46":2.24e-12,"Ca_48":5.04e-15,"Sc_45":1.43e-07,"Ti_46":9.34e-06,"Ti_47":3.37e-07,"Ti_48":0.000343,"Ti_49":2.06e-05,"Ti_50":2.52e-07,"V_50":3.01e-09,"V_51":7.65e-05,"Cr_50":0.000253,"Cr_52":0.00897,"Cr_53":0.00102,"Cr_54":1.07e-05,"Mn_55":0.0111,"Fe_54":0.0819,"Fe_56":0.646,"Fe_57":0.0166,"Fe_58":7.85e-05,"Co_59":0.000509,"Ni_58":0.059,"Ni_60":0.00487,"Ni_61":5.04e-05,"Ni_62":0.000301,"Ni_64":3.72e-08,"Cu_63":3.17e-07,"Cu_65":9.98e-08,"Zn_64":2.22e-06,"Zn_66":1.43e-06,"Zn_67":7.08e-10,"Zn_68":3.7e-10,"Zn_70":2.16e-15}