{"Mass":null,"C_12":0.00315,"C_13":1.91e-09,"N_14":4.71e-07,"N_15":2.98e-09,"O_16":0.0964,"O_17":9.32e-08,"O_18":1.21e-09,"F_19":1.48e-11,"Ne_20":0.00369,"Ne_21":4.47e-08,"Ne_22":2.3e-06,"Na_23":1.96e-05,"Mg_24":0.0269,"Mg_25":1.06e-05,"Mg_26":7.36e-06,"Al_27":0.000268,"Si_28":0.294,"Si_29":0.00043,"Si_30":0.000144,"P_31":0.000105,"S_32":0.112,"S_33":0.000104,"S_34":0.00026,"S_36":1.64e-09,"Cl_35":2.64e-05,"Cl_37":9.14e-06,"Ar_36":0.0192,"Ar_38":0.000119,"Ar_40":9.87e-12,"K_39":1.89e-05,"K_41":1.42e-06,"Ca_40":0.0166,"Ca_42":2.08e-06,"Ca_43":6.22e-09,"Ca_44":1.18e-05,"Ca_46":5.88e-13,"Ca_48":4.85e-15,"Sc_45":7.69e-08,"Ti_46":1.37e-06,"Ti_47":9.3e-08,"Ti_48":0.000373,"Ti_49":1.27e-05,"Ti_50":2.47e-07,"V_50":2.3e-09,"V_51":3.99e-05,"Cr_50":0.000111,"Cr_52":0.00944,"Cr_53":0.000761,"Cr_54":1.05e-05,"Mn_55":0.00873,"Fe_54":0.0687,"Fe_56":0.666,"Fe_57":0.0141,"Fe_58":7.72e-05,"Co_59":0.00044,"Ni_58":0.0509,"Ni_60":0.00539,"Ni_61":4.62e-05,"Ni_62":0.000154,"Ni_64":3.65e-08,"Cu_63":3.27e-06,"Cu_65":1.26e-07,"Zn_64":1.73e-05,"Zn_66":6.29e-07,"Zn_67":2.47e-10,"Zn_68":1.71e-10,"Zn_70":2.1e-15}