{"Mass":null,"C_12":0.00261,"C_13":1.84e-08,"N_14":2.92e-06,"N_15":3.36e-09,"O_16":0.0263,"O_17":3.96e-07,"O_18":3.32e-09,"F_19":3.73e-11,"Ne_20":0.00147,"Ne_21":3.08e-07,"Ne_22":6.4e-05,"Na_23":2.2e-05,"Mg_24":0.00393,"Mg_25":3.35e-05,"Mg_26":5.15e-05,"Al_27":0.000198,"Si_28":0.0632,"Si_29":0.000269,"Si_30":0.000596,"P_31":0.00014,"S_32":0.0262,"S_33":7.51e-05,"S_34":0.000826,"S_36":8.12e-08,"Cl_35":4.29e-05,"Cl_37":7.32e-06,"Ar_36":0.00452,"Ar_38":0.000377,"Ar_40":1.68e-09,"K_39":2.26e-05,"K_41":1.29e-06,"Ca_40":0.00405,"Ca_42":8.32e-06,"Ca_43":1.63e-08,"Ca_44":3.25e-06,"Ca_46":1.58e-11,"Ca_48":1.97e-15,"Sc_45":5.12e-08,"Ti_46":4.33e-06,"Ti_47":1.8e-07,"Ti_48":0.000102,"Ti_49":8.06e-06,"Ti_50":2.48e-08,"V_50":8.95e-10,"V_51":3.41e-05,"Cr_50":0.000101,"Cr_52":0.00355,"Cr_53":0.000525,"Cr_54":9.85e-07,"Mn_55":0.00874,"Fe_54":0.0302,"Fe_56":1.11,"Fe_57":0.0337,"Fe_58":7.14e-06,"Co_59":0.000418,"Ni_58":0.0726,"Ni_60":0.00201,"Ni_61":8.45e-05,"Ni_62":0.000655,"Ni_64":4.24e-09,"Cu_63":4.44e-07,"Cu_65":1.09e-07,"Zn_64":1.72e-06,"Zn_66":2.55e-06,"Zn_67":1.48e-09,"Zn_68":9.01e-10,"Zn_70":3.39e-16}