{"Mass":null,"C_12":0.00886,"C_13":4.95e-08,"N_14":9.16e-06,"N_15":1.14e-08,"O_16":0.121,"O_17":1.22e-06,"O_18":1.25e-08,"F_19":1.36e-10,"Ne_20":0.00676,"Ne_21":1.08e-06,"Ne_22":0.000211,"Na_23":8.53e-05,"Mg_24":0.0197,"Mg_25":0.000133,"Mg_26":0.000201,"Al_27":0.000968,"Si_28":0.319,"Si_29":0.00129,"Si_30":0.00287,"P_31":0.000685,"S_32":0.127,"S_33":0.000365,"S_34":0.00422,"S_36":3.23e-07,"Cl_35":0.0002,"Cl_37":3.63e-05,"Ar_36":0.0208,"Ar_38":0.00196,"Ar_40":6.29e-09,"K_39":0.00011,"K_41":6.21e-06,"Ca_40":0.0178,"Ca_42":4.22e-05,"Ca_43":6.03e-08,"Ca_44":1.19e-05,"Ca_46":5.65e-11,"Ca_48":8.89e-14,"Sc_45":2.2e-07,"Ti_46":2.17e-05,"Ti_47":7.44e-07,"Ti_48":0.000378,"Ti_49":3.05e-05,"Ti_50":1.25e-06,"V_50":6.72e-09,"V_51":0.00012,"Cr_50":0.000505,"Cr_52":0.00985,"Cr_53":0.00136,"Cr_54":3.24e-05,"Mn_55":0.0135,"Fe_54":0.103,"Fe_56":0.533,"Fe_57":0.0156,"Fe_58":0.000213,"Co_59":0.000503,"Ni_58":0.0626,"Ni_60":0.00457,"Ni_61":2.56e-05,"Ni_62":0.000301,"Ni_64":1.63e-07,"Cu_63":3.23e-07,"Cu_65":4.13e-08,"Zn_64":6.42e-07,"Zn_66":7.64e-07,"Zn_67":4.91e-10,"Zn_68":5.91e-10,"Zn_70":1.48e-14}