{"Mass":null,"C_12":0.00304,"C_13":1.74e-08,"N_14":3.21e-06,"N_15":3.67e-09,"O_16":0.101,"O_17":4.13e-07,"O_18":3.53e-09,"F_19":4.39e-11,"Ne_20":0.00353,"Ne_21":4.11e-07,"Ne_22":4.07e-05,"Na_23":3.74e-05,"Mg_24":0.0152,"Mg_25":6.49e-05,"Mg_26":9.66e-05,"Al_27":0.000674,"Si_28":0.284,"Si_29":0.00103,"Si_30":0.00236,"P_31":0.000577,"S_32":0.111,"S_33":0.000339,"S_34":0.00404,"S_36":2.47e-07,"Cl_35":0.000178,"Cl_37":3.51e-05,"Ar_36":0.0177,"Ar_38":0.00191,"Ar_40":5.21e-09,"K_39":0.000107,"K_41":6.08e-06,"Ca_40":0.0147,"Ca_42":4.15e-05,"Ca_43":6.12e-08,"Ca_44":1e-05,"Ca_46":4.85e-11,"Ca_48":7.85e-15,"Sc_45":2.05e-07,"Ti_46":2.11e-05,"Ti_47":7.05e-07,"Ti_48":0.000314,"Ti_49":2.59e-05,"Ti_50":2.6e-07,"V_50":5.56e-09,"V_51":0.000105,"Cr_50":0.000451,"Cr_52":0.00857,"Cr_53":0.00124,"Cr_54":2.61e-07,"Mn_55":0.01326,"Fe_54":0.0994,"Fe_56":0.622,"Fe_57":0.0188,"Fe_58":8.02e-05,"Co_59":0.000534,"Ni_58":0.069,"Ni_60":0.00454,"Ni_61":4.76e-05,"Ni_62":0.0004,"Ni_64":3.83e-08,"Cu_63":3.78e-07,"Cu_65":8.02e-08,"Zn_64":1.32e-06,"Zn_66":1.79e-06,"Zn_67":1.09e-09,"Zn_68":7.24e-10,"Zn_70":2.23e-15}