{"Mass":null,"C_12":0.00905,"C_13":5.05e-08,"N_14":8.46e-06,"N_15":1.03e-08,"O_16":0.0563,"O_17":1.16e-06,"O_18":1.11e-08,"F_19":1.17e-10,"Ne_20":0.00375,"Ne_21":8.81e-07,"Ne_22":0.000287,"Na_23":6.09e-05,"Mg_24":0.00853,"Mg_25":8.92e-05,"Mg_26":0.000134,"Al_27":0.000456,"Si_28":0.119,"Si_29":0.000568,"Si_30":0.00123,"P_31":0.000287,"S_32":0.0479,"S_33":0.000142,"S_34":0.00157,"S_36":1.65e-07,"Cl_35":8.27e-05,"Cl_37":1.34e-05,"Ar_36":0.00803,"Ar_38":0.000718,"Ar_40":3.13e-09,"K_39":4.12e-05,"K_41":2.3e-06,"Ca_40":0.00709,"Ca_42":1.55e-05,"Ca_43":2.63e-08,"Ca_44":5.24e-06,"Ca_46":2.66e-11,"Ca_48":7.61e-15,"Sc_45":8.56e-08,"Ti_46":8.01e-06,"Ti_47":3.01e-07,"Ti_48":0.000167,"Ti_49":1.29e-05,"Ti_50":1.33e-07,"V_50":1.94e-09,"V_51":5.01e-05,"Cr_50":0.000184,"Cr_52":0.00456,"Cr_53":0.000591,"Cr_54":4.54e-06,"Mn_55":0.0068,"Fe_54":0.0384,"Fe_56":0.98,"Fe_57":0.0291,"Fe_58":3.21e-05,"Co_59":0.000562,"Ni_58":0.0698,"Ni_60":0.00322,"Ni_61":0.000102,"Ni_62":0.00081,"Ni_64":1.94e-08,"Cu_63":5.59e-07,"Cu_65":1.32e-07,"Zn_64":2.09e-06,"Zn_66":3.11e-06,"Zn_67":1.77e-09,"Zn_68":1.1e-09,"Zn_70":1.52e-15}