{"Mass":null,"C_12":0.0188,"C_13":6.62e-08,"N_14":1.49e-05,"N_15":2.04e-08,"O_16":0.113,"O_17":1.98e-06,"O_18":2.54e-08,"F_19":2.45e-10,"Ne_20":0.00683,"Ne_21":1.64e-06,"Ne_22":0.000673,"Na_23":0.000116,"Mg_24":0.0196,"Mg_25":0.000168,"Mg_26":0.000246,"Al_27":0.001,"Si_28":0.252,"Si_29":0.00108,"Si_30":0.00271,"P_31":0.000539,"S_32":0.102,"S_33":0.000236,"S_34":0.00282,"S_36":2.63e-07,"Cl_35":0.000129,"Cl_37":2.15e-05,"Ar_36":0.0169,"Ar_38":0.00121,"Ar_40":8.37e-09,"K_39":6.58e-05,"K_41":3.58e-06,"Ca_40":0.0149,"Ca_42":2.45e-05,"Ca_43":2.91e-08,"Ca_44":9.28e-06,"Ca_46":2.58e-11,"Ca_48":9.4e-16,"Sc_45":1.34e-07,"Ti_46":1.32e-05,"Ti_47":4.58e-07,"Ti_48":0.000309,"Ti_49":2.31e-05,"Ti_50":1.91e-10,"V_50":1.3e-09,"V_51":7.91e-05,"Cr_50":0.000331,"Cr_52":0.00729,"Cr_53":0.00074,"Cr_54":1.25e-07,"Mn_55":0.00491,"Fe_54":0.0296,"Fe_56":0.743,"Fe_57":0.0184,"Fe_58":7.04e-08,"Co_59":0.000345,"Ni_58":0.0374,"Ni_60":0.0015,"Ni_61":6.47e-05,"Ni_62":0.000524,"Ni_64":1.1e-13,"Cu_63":3.08e-07,"Cu_65":5.85e-08,"Zn_64":9.31e-07,"Zn_66":1.44e-06,"Zn_67":7.72e-10,"Zn_68":4.7e-10,"Zn_70":4.81e-24}