{"Mass":null,"C_12":0.081138,"C_13":5.0565227e-07,"N_14":7.4584e-05,"N_15":1.59507e-07,"O_16":0.3078400000000001,"O_17":4.41520000000007e-05,"O_18":3.11745e-07,"F_19":2.3274862e-09,"Ne_20":0.0062661000040815,"Ne_21":6.795488e-06,"Ne_22":0.0009671144899999999,"Na_23":0.000300053,"Mg_24":0.005279289899999999,"Mg_25":0.000299270043429,"Mg_26":0.00013646509999999895,"Al_26":2.5e-322,"Al_27":0.00026144796999999997,"Si_28":0.17377039873,"Si_29":0.0003228,"Si_30":0.0002126765,"P_31":0.00012104699190000001,"S_32":0.110830045467193,"S_33":0.000147969330036415,"S_34":0.0003712800013514,"S_36":9.13610999999998e-09,"Cl_35":3.2303949e-05,"Cl_36":1.04e-322,"Cl_37":9.7299600028447e-06,"Ar_36":0.023820160089389898,"Ar_38":0.000132400000057167,"Ar_40":9.623181812185882e-11,"K_39":1.9382007199999997e-05,"K_40":6.353596181878141e-09,"K_41":2.1469794403024046e-06,"Ca_40":0.023943999999996184,"Ca_41":3.5e-323,"Ca_42":5.37500028363e-06,"Ca_43":1.8599544915862e-08,"Ca_44":1.460998640000086e-05,"Ca_46":6.8331e-13,"Ca_48":4.0389e-19,"Sc_45":1.238660928e-07,"Ti_46":1.541375288e-06,"Ti_47":8.654799696472e-08,"Ti_48":0.00026142239301206504,"Ti_49":1.1978715800080265e-05,"Ti_50":1.650400000001245e-11,"V_50":2.8719999999998687e-10,"V_51":1.957581380003961e-05,"Cr_50":3.3662e-05,"Cr_52":0.00335881135716322,"Cr_53":0.00021534452495032818,"Cr_54":7.519589306001446e-10,"Mn_53":1.32e-321,"Mn_55":0.0008346423054305,"Fe_54":0.0036911000000020688,"Fe_56":0.0542463246107841,"Fe_57":0.00044532338010923,"Fe_58":1.0613470020145998e-05,"Fe_60":9.24e-322,"Co_59":8.525969899999994e-06,"Ni_58":0.00031459254255585396,"Ni_59":2.5e-323,"Ni_60":4.422960419999918e-05,"Ni_61":1.1406562e-06,"Ni_62":1.3421641000000001e-05,"Ni_64":8.225009999999999e-09,"Cu_63":5.58997e-07,"Cu_65":1.69223e-07,"Zn_64":4.43473069e-06,"Zn_66":7.54000788e-06}