{"Mass":null,"C_12":0.00066955,"C_13":3.92549e-11,"N_14":7.2193e-11,"N_15":1.782576e-10,"O_16":0.018832,"O_17":3.5653372600000003e-12,"O_18":1.9217771e-13,"F_19":8.563800000012317e-14,"Ne_20":9.866700000000002e-05,"Ne_21":5.549539100000001e-10,"Ne_22":6.10031962e-06,"Na_23":3.135650000012748e-07,"Mg_24":0.00031299000079666,"Mg_25":1.46915096e-07,"Mg_26":4.2716999999999723e-07,"Al_26":2.5e-322,"Al_27":9.9541404335e-06,"Si_28":0.10719000030836,"Si_29":3.1463e-05,"Si_30":1.414488e-05,"P_31":2.0146942789000003e-05,"S_32":0.06617900307317931,"S_33":3.54634666e-05,"S_34":0.0001255900000015649,"S_36":5.284449999999973e-10,"Cl_35":1.5113506700000001e-05,"Cl_36":1.04e-322,"Cl_37":5.4501850000001395e-06,"Ar_36":0.01413502009578499,"Ar_38":9.612200000843719e-05,"Ar_40":6.4109812722209895e-12,"K_39":1.621117212e-05,"K_40":1.632899018727779e-09,"K_41":1.2796095800376572e-06,"Ca_39":5.3040000000000005e-11,"Ca_40":0.014070999999999018,"Ca_41":3.5e-323,"Ca_42":2.9995000131579998e-06,"Ca_43":3.5595353180917e-07,"Ca_44":2.6127280540000013e-05,"Ca_46":7.5921e-15,"Ca_48":1.0379e-21,"Sc_45":9.29533895e-08,"Ti_46":1.3038034292e-06,"Ti_47":1.555352540061728e-07,"Ti_48":0.0003553623852001515,"Ti_49":1.1818268477500815e-05,"Ti_50":8.661100000033352e-13,"V_50":3.927599999999657e-11,"V_51":2.302823179002703e-05,"Cr_50":3.0368e-05,"Cr_52":0.007021003710030889,"Cr_53":0.000326297993377036,"Cr_54":1.636538761994796e-09,"Mn_53":1.32e-321,"Mn_55":0.001290482112000019,"Fe_54":0.003333500000004736,"Fe_56":0.8153670266000093,"Fe_57":0.01352098455217,"Fe_58":1.7358103598000001e-09,"Fe_60":9.24e-322,"Co_59":0.000390554405466293,"Ni_58":0.00478173775369964,"Ni_59":2.5e-323,"Ni_60":0.018801586706520098,"Ni_61":0.0004826512252532,"Ni_62":0.0014673418700002856,"Ni_64":3.1949250000000003e-09,"Cu_63":3.93743e-07,"Cu_65":7.06616e-08,"Zn_64":6.17602325e-07,"Zn_66":1.877928909e-06}