{"Mass":null,"C_12":0.094877,"C_13":1.742606e-07,"N_14":2.7123e-06,"N_15":2.94708e-06,"O_16":0.32097,"O_17":1.619111771e-08,"O_18":3.3089072e-09,"F_19":2.3355600000000657e-08,"Ne_20":0.0027927000000000203,"Ne_21":3.0386e-07,"Ne_22":9.43776e-08,"Na_23":1.581440000028025e-05,"Mg_24":0.006380600016632,"Mg_25":2.16695e-07,"Mg_26":8.357899999999972e-07,"Al_26":2.5e-322,"Al_27":1.699450039269e-05,"Si_28":0.14539000001407099,"Si_29":3.1119e-05,"Si_30":1.487733e-05,"P_31":6.5011200078628e-05,"S_32":0.09565000000819811,"S_33":2.87810068087e-05,"S_34":2.97860000017179e-09,"S_36":7.302613999999986e-13,"Cl_35":1.97565418243e-06,"Cl_36":1.04e-322,"Cl_37":2.4304425480000007e-06,"Ar_36":0.022101000037568343,"Ar_38":2.2837000047303001e-10,"Ar_40":5.2209895198858056e-17,"K_39":3.93350002181e-07,"K_40":3.209898071048011e-13,"K_41":2.0412002779399984e-07,"Ca_39":3.71887819e-10,"Ca_40":0.024141,"Ca_41":3.5e-323,"Ca_42":2.6198000014853e-11,"Ca_43":2.734597535000107e-11,"Ca_44":1.6190000781186408e-05,"Ca_46":1.2745e-24,"Ca_48":4.3476e-28,"Sc_45":5.0071971000031195e-08,"Ti_46":6.27410057826e-12,"Ti_47":3.938415043001935e-10,"Ti_48":0.00034819173556950003,"Ti_49":6.31320800028979e-06,"Ti_50":1.2631039995e-23,"V_50":3.484399999959997e-18,"V_51":1.09840330173553e-08,"Cr_50":2.2204e-10,"Cr_52":0.0050154362575495,"Cr_53":1.3807490000116922e-05,"Cr_54":5.269294302288598e-17,"Mn_53":1.32e-321,"Mn_55":5.745126860004765e-05,"Fe_54":8.088300000023045e-06,"Fe_56":0.0817019554623098,"Fe_57":0.000229358420200476,"Fe_58":1.2758369130000463e-15,"Fe_60":9.24e-322,"Co_59":7.672700008089901e-07,"Ni_58":4.5093919987242e-06,"Ni_59":2.5e-323,"Ni_60":2.154607020000001e-06,"Ni_61":3.797614888e-09,"Ni_62":1.2569567616200002e-09,"Ni_64":2.2969635e-22,"Cu_63":3.9824833e-11,"Cu_65":4.121600063639e-14,"Zn_64":6.8934999999757234e-12,"Zn_66":8.66950000009234e-18}