{"Mass":null,"C_12":0.00059969,"C_13":2.2965700000000002e-11,"N_14":1.0613e-10,"N_15":1.510694e-10,"O_16":0.02795,"O_17":5.851966799e-12,"O_18":3.1258221e-13,"F_19":5.837000000053825e-14,"Ne_20":8.806900000000012e-05,"Ne_21":9.283447e-10,"Ne_22":9.225304820000001e-06,"Na_23":3.084580000062165e-07,"Mg_24":0.0002561300021116,"Mg_25":2.299478419e-07,"Mg_26":5.37519999999998e-07,"Al_26":2.5e-322,"Al_27":1.1735496477e-05,"Si_28":0.11270000071078999,"Si_29":3.5531e-05,"Si_30":1.840293e-05,"P_31":2.1455906366999998e-05,"S_32":0.07318300474646117,"S_33":4.01939644e-05,"S_34":0.0001353400000067202,"S_36":9.689189999999966e-10,"Cl_35":1.73776095e-05,"Cl_36":1.04e-322,"Cl_37":6.725332000000614e-06,"Ar_36":0.016077029921480912,"Ar_38":0.00011154000002489101,"Ar_40":1.5302618627428034e-11,"K_39":2.1135328199999997e-05,"K_40":2.693498381372572e-09,"K_41":1.930491280281752e-06,"Ca_40":0.01622599999999838,"Ca_41":3.5e-323,"Ca_42":4.3832000426629995e-06,"Ca_43":2.9097300757499997e-07,"Ca_44":2.4317500900000132e-05,"Ca_46":6.5677e-14,"Ca_48":2.6725e-20,"Sc_45":1.2570991729e-07,"Ti_46":1.829012407e-06,"Ti_47":1.52990629203175e-07,"Ti_48":0.0003837816066012313,"Ti_49":1.298287007400802e-05,"Ti_50":3.227900000080262e-12,"V_50":9.047499999991952e-11,"V_51":2.5652504260177757e-05,"Cr_50":3.3498e-05,"Cr_52":0.007864938650138811,"Cr_53":0.0003622548926564244,"Cr_54":1.4592158805216169e-09,"Mn_53":1.32e-321,"Mn_55":0.0014966255891500728,"Fe_54":0.003808900000004218,"Fe_56":0.7932187644000169,"Fe_57":0.012428078754600001,"Fe_58":2.95107012849e-09,"Fe_60":9.24e-322,"Co_59":0.0003658862312956994,"Ni_58":0.004667203876299871,"Ni_59":2.5e-323,"Ni_60":0.01733439638049721,"Ni_61":0.0004371224718530008,"Ni_62":0.001360953590033584,"Ni_64":1.1090295e-08,"Cu_63":4.1875999999999997e-07,"Cu_65":9.2501e-08,"Zn_64":6.64647855e-07,"Zn_66":2.79187593e-06}