{"Mass":null,"C_12":0.0006039,"C_13":9.5094e-12,"N_14":1.0852e-10,"N_15":1.265459e-10,"O_16":0.029135,"O_17":1.0729012608e-11,"O_18":5.681887999999999e-13,"F_19":1.180693000080738e-13,"Ne_20":8.619400000000135e-05,"Ne_21":2.2156995630000003e-09,"Ne_22":1.8450390540000002e-05,"Na_23":4.93033000061298e-07,"Mg_24":0.000111350012412,"Mg_25":4.1889175500000003e-07,"Mg_26":1.0310199999999867e-06,"Al_26":2.5e-322,"Al_27":1.0132342532e-05,"Si_28":0.09575400236680001,"Si_29":3.6075e-05,"Si_30":3.223995e-05,"P_31":2.943736622e-05,"S_32":0.07012700978429719,"S_33":4.785919970000002e-05,"S_34":0.00027479000010419,"S_36":3.2858449999999916e-09,"Cl_35":2.8037306e-05,"Cl_36":1.04e-322,"Cl_37":9.303129000028181e-06,"Ar_36":0.017069059698754958,"Ar_38":0.00024980000031826,"Ar_40":1.0779441821888857e-10,"K_39":3.62291238e-05,"K_40":7.352195581781112e-09,"K_41":2.987388271754998e-06,"Ca_40":0.018661999999995585,"Ca_41":3.5e-323,"Ca_42":1.181700054947e-05,"Ca_43":3.410210981741e-07,"Ca_44":2.6217611200019788e-05,"Ca_46":2.5635e-12,"Ca_48":1.4752e-17,"Sc_45":2.1585578899999997e-07,"Ti_46":4.82491651e-06,"Ti_47":2.6366151062760005e-07,"Ti_48":0.000410361971086923,"Ti_49":1.8919954560810078e-05,"Ti_50":4.4742000094789e-11,"V_50":5.147299999052098e-10,"V_51":4.2392546807249657e-05,"Cr_50":6.686599999999991e-05,"Cr_52":0.008193736441383033,"Cr_53":0.0005172927447263881,"Cr_54":4.487696050779931e-09,"Mn_53":1.32e-321,"Mn_55":0.0024704336696008185,"Fe_54":0.008085400000012944,"Fe_56":0.7931106660000977,"Fe_57":0.0145889333541,"Fe_58":8.70620066017e-09,"Fe_60":9.24e-322,"Co_59":0.0005683540581930006,"Ni_58":0.01213434874349934,"Ni_59":2.5e-323,"Ni_60":0.016150611656255545,"Ni_61":0.0004780727183036826,"Ni_62":0.00246824496673992,"Ni_64":4.1520495000000006e-08,"Cu_63":8.372800000000001e-07,"Cu_65":2.1345699999999998e-07,"Zn_64":6.504616549999999e-07,"Zn_66":5.5544920000000006e-06}