{"Mass":null,"C_12":0.0036475,"C_13":1.492873141e-08,"N_14":1.5598e-07,"N_15":6.17209e-09,"O_16":0.138,"O_17":8.947400000001036e-08,"O_18":2.3155199999999998e-10,"F_19":3.49701248e-11,"Ne_20":0.003538500000011918,"Ne_21":3.4294614e-08,"Ne_22":1.4974030999999999e-05,"Na_23":1.18404406e-05,"Mg_24":0.009424010656000001,"Mg_25":6.704705359100001e-06,"Mg_26":1.5697399999999854e-05,"Al_26":2.5e-322,"Al_27":0.00031592457569999997,"Si_28":0.318580013415,"Si_29":0.0003785,"Si_30":0.0002473988,"P_31":0.00016418370786999999,"S_32":0.16612003950417709,"S_33":0.000266331776000006,"S_34":0.000746050000055229,"S_36":7.420059999999976e-09,"Cl_35":5.892924e-05,"Cl_36":1.04e-322,"Cl_37":2.17899000016641e-05,"Ar_36":0.030346191236139936,"Ar_38":0.00038332000014969,"Ar_40":7.472917880505256e-11,"K_39":4.779080044e-05,"K_40":6.953795821194947e-09,"K_41":4.049781742261595e-06,"Ca_40":0.026597999999995823,"Ca_41":3.5e-323,"Ca_42":1.042700016412e-05,"Ca_43":1.6725402823640602e-08,"Ca_44":1.4795756200028095e-05,"Ca_46":2.0473e-13,"Ca_48":4.6784e-20,"Sc_45":1.8795475969999998e-07,"Ti_46":4.219847337e-06,"Ti_47":1.24761740595157e-07,"Ti_48":0.00035949166300285827,"Ti_49":1.4449179402016887e-05,"Ti_50":8.95430000086142e-12,"V_50":2.1062999999913808e-10,"V_51":2.8862684240029564e-05,"Cr_50":6.3882e-05,"Cr_52":0.006534773700097164,"Cr_53":0.0003309735117901134,"Cr_54":4.5576878384504245e-09,"Mn_53":1.32e-321,"Mn_55":0.0013404235262764,"Fe_54":0.005997500000013156,"Fe_56":0.1348062422060675,"Fe_57":0.000768330139007825,"Fe_58":2.8371623944e-07,"Fe_60":9.24e-322,"Co_59":2.5035780999999994e-06,"Ni_58":0.00047823335412147,"Ni_59":2.5e-323,"Ni_60":4.9750440289999e-05,"Ni_61":1.660377613e-06,"Ni_62":1.3763806e-05,"Ni_64":8.037435e-08,"Cu_63":1.760152e-06,"Cu_65":1.26222e-06,"Zn_64":1.361250515e-05,"Zn_66":1.46989876e-05}