{"Mass":null,"C_12":0.00070026,"C_13":1.3464485e-10,"N_14":4.41e-09,"N_15":1.4210079999999998e-10,"O_16":0.077826,"O_17":1.6615000012603998e-09,"O_18":4.7771199999999995e-11,"F_19":8.07058966387e-12,"Ne_20":0.0005540700000016297,"Ne_21":7.4678199e-08,"Ne_22":2.339516e-05,"Na_23":4.687431056251e-06,"Mg_24":0.0004989014016,"Mg_25":8.09500028188e-06,"Mg_26":1.5305989999999947e-05,"Al_26":2.5e-322,"Al_27":7.79226208e-05,"Si_28":0.16592007379,"Si_29":0.00024393,"Si_30":0.00043015816,"P_31":0.000169352053,"S_32":0.11091018225292999,"S_33":0.00017632084000121728,"S_34":0.001580900015682,"S_36":1.438889999999997e-07,"Cl_35":9.5940011e-05,"Cl_36":1.04e-322,"Cl_37":2.371465004882e-05,"Ar_36":0.0242375601509999,"Ar_38":0.001047100029234,"Ar_40":4.46193085638112e-09,"K_39":9.5977815e-05,"K_40":5.134696914361888e-08,"K_41":6.627368541399992e-06,"Ca_40":0.024414999999969142,"Ca_41":3.5e-323,"Ca_42":4.7061043123000005e-05,"Ca_43":2.57092053853e-07,"Ca_44":2.1585814083196e-05,"Ca_46":1.9632e-10,"Ca_48":6.0215e-15,"Sc_45":4.0308716e-07,"Ti_46":1.73508586e-05,"Ti_47":5.73436103341e-07,"Ti_48":0.00043634114812799997,"Ti_49":3.018105883887003e-05,"Ti_50":1.188500041286e-09,"V_50":4.24409995871399e-09,"V_51":8.040938346596193e-05,"Cr_50":0.00021441999999995872,"Cr_52":0.009395965006586113,"Cr_53":0.0008581667876608273,"Cr_54":2.370672167961206e-08,"Mn_53":1.32e-321,"Mn_55":0.004737821190118701,"Fe_54":0.0249700000000683,"Fe_56":0.514563470043636,"Fe_57":0.009714736258028442,"Fe_58":1.7852858908e-07,"Fe_60":9.24e-322,"Co_59":0.00032460807399999937,"Ni_58":0.013834080371410921,"Ni_59":2.5e-323,"Ni_60":0.0059980457099999065,"Ni_61":0.00022013081,"Ni_62":0.0018704991000000001,"Ni_64":2.6119665e-07,"Cu_63":2.46345e-06,"Cu_65":3.2370200000000002e-06,"Zn_64":2.63539385e-06,"Zn_66":2.6587332000000003e-05}