{"Mass":null,"C_12":0.00060669,"C_13":2.29751e-11,"N_14":9.9003e-11,"N_15":2.82454e-10,"O_16":0.028688,"O_17":6.146266457e-12,"O_18":3.2341270000000003e-13,"F_19":6.005700000059661e-14,"Ne_20":8.981300000000014e-05,"Ne_21":9.9339649e-10,"Ne_22":9.22541347e-06,"Na_23":3.665560000068135e-07,"Mg_24":0.0001706400023714,"Mg_25":2.148578138e-07,"Mg_26":5.659999999999964e-07,"Al_26":2.5e-322,"Al_27":9.2250936275e-06,"Si_28":0.09144500067788,"Si_29":2.9053e-05,"Si_30":1.511979e-05,"P_31":1.9913211745e-05,"S_32":0.06929200409380963,"S_33":3.7679559899999996e-05,"S_34":0.0001217600000073652,"S_36":8.936679999999979e-10,"Cl_35":1.77729964e-05,"Cl_36":1.04e-322,"Cl_37":7.0033530000006974e-06,"Ar_36":0.017593028843361974,"Ar_38":0.000111050000027466,"Ar_40":1.584986170698795e-11,"K_39":2.2957377860000004e-05,"K_40":3.0979981382930117e-09,"K_41":2.33790798033191e-06,"Ca_40":0.020124999999998137,"Ca_41":3.5e-323,"Ca_42":5.069800047175e-06,"Ca_43":2.9195720738800997e-07,"Ca_44":2.9444930400000158e-05,"Ca_46":7.2971e-14,"Ca_48":3.0542e-20,"Sc_45":1.7489800144e-07,"Ti_46":2.0691135779999997e-06,"Ti_47":1.62325592018597e-07,"Ti_48":0.00045695518220124226,"Ti_49":1.52677719290077e-05,"Ti_50":2.8503000001001002e-12,"V_50":9.273399999989967e-11,"V_51":2.749466462020991e-05,"Cr_50":2.9586e-05,"Cr_52":0.008888941000158069,"Cr_53":0.00040368607900051983,"Cr_54":1.1966905403215367e-09,"Mn_53":1.32e-321,"Mn_55":0.0016328184095300863,"Fe_54":0.0037015000000034585,"Fe_56":0.8110483206000173,"Fe_57":0.012527057622300001,"Fe_58":2.8079101318e-09,"Fe_60":9.24e-322,"Co_59":0.0003657742270849997,"Ni_58":0.004688203105099868,"Ni_59":2.5e-323,"Ni_60":0.017319019284600376,"Ni_61":0.0004367259201240009,"Ni_62":0.0013599954900392354,"Ni_64":1.1499270000000001e-08,"Cu_63":4.2616999999999996e-07,"Cu_65":9.244900000000001e-08,"Zn_64":6.5300463e-07,"Zn_66":2.8578927300000003e-06}