{"Mass":null,"C_12":0.081127,"C_13":5.055524e-07,"N_14":7.4571e-05,"N_15":1.59904e-07,"O_16":0.30642000000000014,"O_17":4.41380000000007e-05,"O_18":3.11813e-07,"F_19":2.3277349999999997e-09,"Ne_20":0.0062552000040729,"Ne_21":6.7838938e-06,"Ne_22":0.0009670443670000001,"Na_23":0.00029949634999999996,"Mg_24":0.0059534866,"Mg_25":0.000299490043667,"Mg_26":0.00013612559999999914,"Al_26":2.5e-322,"Al_27":0.00027808161,"Si_28":0.2114604072,"Si_29":0.00033982,"Si_30":0.0002252724,"P_31":0.0001217350292,"S_32":0.115970047242808,"S_33":0.00014699163603723098,"S_34":0.0003612600013643,"S_36":9.604920000000002e-09,"Cl_35":2.9648056999999997e-05,"Cl_36":1.04e-322,"Cl_37":9.4306100028697e-06,"Ar_36":0.020924160275779986,"Ar_38":0.000130610000053627,"Ar_40":9.253428713273857e-11,"K_39":1.8472860579999998e-05,"K_40":5.469996712867262e-09,"K_41":1.931748990274742e-06,"Ca_40":0.017342999999996715,"Ca_41":3.5e-323,"Ca_42":4.86260026724e-06,"Ca_43":1.5842174784083e-08,"Ca_44":8.510860700000813e-06,"Ca_46":7.0121e-13,"Ca_48":4.3109e-19,"Sc_45":9.79256458e-08,"Ti_46":1.522572842e-06,"Ti_47":8.203000181733001e-08,"Ti_48":0.000134025879012196,"Ti_49":8.511091530083406e-06,"Ti_50":1.647000000001105e-11,"V_50":2.682199999999883e-10,"V_51":1.649952961003423e-05,"Cr_50":4.1979e-05,"Cr_52":0.00163622824014798,"Cr_53":0.0001445567206703036,"Cr_54":9.19570443575544e-10,"Mn_53":1.32e-321,"Mn_55":0.0005950517453712001,"Fe_54":0.0039047000000025553,"Fe_56":0.0238017709107466,"Fe_57":0.00027574035010889,"Fe_58":1.061020002002e-05,"Fe_60":9.24e-322,"Co_59":8.62014629999999e-06,"Ni_58":0.00028422281249998,"Ni_59":2.5e-323,"Ni_60":4.459987919999914e-05,"Ni_61":1.1219347e-06,"Ni_62":1.3269899999999998e-05,"Ni_64":7.73547e-09,"Cu_63":5.237487e-07,"Cu_65":1.62586e-07,"Zn_64":4.4556824299999995e-06,"Zn_66":6.978507101500001e-06}