{"Mass":null,"C_12":0.00077603,"C_13":2.2972400000000002e-11,"N_14":3.682e-10,"N_15":7.362979999999999e-10,"O_16":0.048221,"O_17":4.6488056754000003e-11,"O_18":2.4811515000000002e-12,"F_19":1.4821000000091272e-12,"Ne_20":0.0004960600000000003,"Ne_21":3.1445611e-09,"Ne_22":4.6141849e-06,"Na_23":1.6445500000145082e-06,"Mg_24":0.0015443000059222,"Mg_25":8.372282456e-07,"Mg_26":2.199069999999978e-06,"Al_26":2.5e-322,"Al_27":5.07622031791e-05,"Si_28":0.1873300018178,"Si_29":0.00010226,"Si_30":5.32282e-05,"P_31":5.301254471e-05,"S_32":0.10883001030841011,"S_33":9.44393719e-05,"S_34":0.0003169300000071201,"S_36":1.7988079999999982e-09,"Cl_35":3.09088462e-05,"Cl_36":1.04e-322,"Cl_37":1.1327254000002826e-05,"Ar_36":0.02191105920531196,"Ar_38":0.000208410000028869,"Ar_40":2.1145170769577977e-11,"K_39":2.9988405200000003e-05,"K_40":3.612297829230422e-09,"K_41":2.4490860501529432e-06,"Ca_40":0.02101699999999783,"Ca_41":3.5e-323,"Ca_42":6.007200050781e-06,"Ca_43":2.0339959977278e-07,"Ca_44":2.3167283700000057e-05,"Ca_46":4.0858e-14,"Ca_48":8.2476e-21,"Sc_45":1.3793602701e-07,"Ti_46":2.561913146e-06,"Ti_47":1.496266069684879e-07,"Ti_48":0.00044728147430067735,"Ti_49":1.546349313100372e-05,"Ti_50":2.746000000089051e-12,"V_50":9.176999999991073e-11,"V_51":3.101055218003865e-05,"Cr_50":4.8031e-05,"Cr_52":0.00947131683006103,"Cr_53":0.0004333395818100697,"Cr_54":2.9404353925857804e-09,"Mn_53":1.32e-321,"Mn_55":0.0018130332658003907,"Fe_54":0.0052645000000085046,"Fe_56":0.566189619100076,"Fe_57":0.007299151698000006,"Fe_58":1.2525423577e-08,"Fe_60":9.24e-322,"Co_59":0.00016853722215999997,"Ni_58":0.002285150423976423,"Ni_59":2.5e-323,"Ni_60":0.009082452769259744,"Ni_61":0.00022501674421248998,"Ni_62":0.0006384769795,"Ni_64":1.9188615e-08,"Cu_63":4.6055e-07,"Cu_65":2.94537e-07,"Zn_64":2.481271935e-06,"Zn_66":5.89926974e-06}