{"Mass":null,"C_12":0.00069302,"C_13":4.821349e-07,"N_14":4.9718e-09,"N_15":1.292e-06,"O_16":0.069581,"O_17":4.962749999999999e-10,"O_18":2.2535916e-12,"F_19":3.6360000000000095e-11,"Ne_20":0.00066619,"Ne_21":2.03618e-08,"Ne_22":1.7624429999999999e-09,"Na_23":1.4980500000004506e-06,"Mg_24":0.0028437000001311796,"Mg_25":2.3388e-06,"Mg_26":3.731999999999982e-07,"Al_26":2.5e-322,"Al_27":1.4553000012487001e-05,"Si_28":0.179040000011458,"Si_29":1.2918e-05,"Si_30":7.56329e-06,"P_31":4.4404700073985995e-05,"S_32":0.11801000000563522,"S_33":2.10270053994e-05,"S_34":2.9174000017201e-09,"S_36":8.668259999999986e-13,"Cl_35":2.43141155852e-06,"Cl_36":1.04e-322,"Cl_37":3.3896338900000005e-06,"Ar_36":0.02668800004408708,"Ar_38":4.02330008909e-10,"Ar_40":3.509734064362578e-16,"K_39":6.040000150909999e-07,"K_40":8.210595065935637e-13,"K_41":5.919800334740016e-07,"Ca_39":4.84554909e-10,"Ca_40":0.027981,"Ca_41":3.5e-323,"Ca_42":5.364600016429e-11,"Ca_43":5.704686719500004e-08,"Ca_44":2.632400070055885e-05,"Ca_46":1.0203e-21,"Ca_48":2.3508e-28,"Sc_45":8.39497830001505e-08,"Ti_46":1.40590058574e-11,"Ti_47":7.645506495009572e-09,"Ti_48":0.00055762955979405,"Ti_49":1.0005055000182688e-05,"Ti_50":8.299700049997e-21,"V_50":1.358399999994997e-17,"V_51":4.9523250060827004e-08,"Cr_50":3.3825e-10,"Cr_52":0.011412881508731399,"Cr_53":3.0731390000105745e-05,"Cr_54":1.021726457370577e-16,"Mn_53":1.32e-321,"Mn_55":0.0001659629400002104,"Fe_54":2.0731000000006466e-05,"Fe_56":0.5464345582065581,"Fe_57":0.003107702400005079,"Fe_58":2.3630333380000056e-14,"Fe_60":9.24e-322,"Co_59":0.0005740180001048913,"Ni_58":0.00078970999997637,"Ni_59":2.5e-323,"Ni_60":0.007152881,"Ni_61":8.404786899e-05,"Ni_62":4.4884207852e-05,"Ni_64":5.952339e-19,"Cu_63":1.3398459e-06,"Cu_65":1.6312000434809999e-09,"Zn_64":1.897899999999371e-07,"Zn_66":1.940200000000056e-13}