{"Mass":null,"C_12":0.00067574,"C_13":3.919e-11,"N_14":6.7041e-11,"N_15":3.0328e-10,"O_16":0.019511,"O_17":3.65963681e-12,"O_18":1.9524451000000002e-13,"F_19":8.574500000012904e-14,"Ne_20":9.959800000000003e-05,"Ne_21":6.0675563e-10,"Ne_22":6.10045837e-06,"Na_23":3.5767400000133747e-07,"Mg_24":0.00023560000085011,"Mg_25":1.3600505299999999e-07,"Mg_26":4.3620999999999774e-07,"Al_26":2.5e-322,"Al_27":8.579263453389999e-06,"Si_28":0.08785200029461,"Si_29":2.5561e-05,"Si_30":1.1703560000000001e-05,"P_31":1.8127720291e-05,"S_32":0.06389900257815886,"S_33":3.24422442e-05,"S_34":0.00010848000000160521,"S_36":4.745789999999993e-10,"Cl_35":1.48879473e-05,"Cl_36":1.04e-322,"Cl_37":5.563830000000147e-06,"Ar_36":0.015829018639980968,"Ar_38":9.195100000877e-05,"Ar_40":5.996755007355729e-12,"K_39":1.7500182939999997e-05,"K_40":1.7555989449926443e-09,"K_41":1.5528101700402817e-06,"Ca_39":7.842000000000002e-11,"Ca_40":0.017742999999998944,"Ca_41":3.5e-323,"Ca_42":3.3585000128820003e-06,"Ca_43":3.5607373162131e-07,"Ca_44":3.0664423260000016e-05,"Ca_46":7.1378e-15,"Ca_48":8.1857e-22,"Sc_45":1.3514478523000002e-07,"Ti_46":1.46760339e-06,"Ti_47":1.626382290191877e-07,"Ti_48":0.0004173844786001237,"Ti_49":1.388168304140065e-05,"Ti_50":6.612300000036227e-13,"V_50":3.642099999999629e-11,"V_51":2.475746158002935e-05,"Cr_50":2.6581e-05,"Cr_52":0.00788420108003228,"Cr_53":0.0003652697624040367,"Cr_54":1.1457922824107605e-09,"Mn_53":1.32e-321,"Mn_55":0.0014206888718700204,"Fe_54":0.0032493000000033165,"Fe_56":0.8299563177000082,"Fe_57":0.013601945955270001,"Fe_58":1.5742303642e-09,"Fe_60":9.24e-322,"Co_59":0.00038939179146850965,"Ni_58":0.004801036413699636,"Ni_59":2.5e-323,"Ni_60":0.0187891997066192,"Ni_61":0.00048232005226029,"Ni_62":0.0014666120800003021,"Ni_64":3.2644815e-09,"Cu_63":3.96951e-07,"Cu_65":7.047610000000001e-08,"Zn_64":6.160949735e-07,"Zn_66":1.8959300749999999e-06}