{"Mass":null,"C_12":0.0067319,"C_13":4.504877e-09,"N_14":6.3806e-07,"N_15":1.48799e-08,"O_16":0.18657,"O_17":1.7272000000008965e-07,"O_18":3.15061e-09,"F_19":1.488841778e-10,"Ne_20":0.006934400000144791,"Ne_21":3.108515e-07,"Ne_22":1.6354491e-05,"Na_23":2.623992873e-05,"Mg_24":0.01445103267,"Mg_25":1.7571012977000003e-05,"Mg_26":3.826299999999995e-05,"Al_26":2.5e-322,"Al_27":0.000515628998,"Si_28":0.285150052997,"Si_29":0.00050618,"Si_30":0.00036414099999999995,"P_31":0.0002246899365,"S_32":0.160350051821477,"S_33":0.0003424019730050411,"S_34":0.00083866000058943,"S_36":9.51963999999997e-09,"Cl_35":6.9251448e-05,"Cl_36":1.04e-322,"Cl_37":2.53368800048783e-05,"Ar_36":0.03282224069815987,"Ar_38":0.00040217000021630997,"Ar_40":9.660013609983364e-11,"K_39":5.361398575000001e-05,"K_40":8.546794863900165e-09,"K_41":5.0483541327525005e-06,"Ca_40":0.032214999999994866,"Ca_41":3.5e-323,"Ca_42":1.205100020907e-05,"Ca_43":2.12476033962042e-08,"Ca_44":1.9587910900029823e-05,"Ca_46":2.7334e-13,"Ca_48":5.6412e-20,"Sc_45":2.807931598e-07,"Ti_46":4.754062125e-06,"Ti_47":1.2846105791466199e-07,"Ti_48":0.0002890896150035852,"Ti_49":1.4136200955020441e-05,"Ti_50":1.000600000049911e-11,"V_50":2.4473999999950036e-10,"V_51":2.2949325700020773e-05,"Cr_50":4.9418e-05,"Cr_52":0.0037311624801034202,"Cr_53":0.0002442755627501286,"Cr_54":3.5463327886846173e-09,"Mn_53":1.32e-321,"Mn_55":0.0009612886223541,"Fe_54":0.004758000000010207,"Fe_56":0.0600484924138265,"Fe_57":0.00048747407013128,"Fe_58":1.0723114428e-06,"Fe_60":9.24e-322,"Co_59":5.5091572999999875e-06,"Ni_58":0.00040323848869757,"Ni_59":2.5e-323,"Ni_60":6.892141544399817e-05,"Ni_61":3.1509441539999996e-06,"Ni_62":1.8943108e-05,"Ni_64":1.113027e-07,"Cu_63":2.820092e-06,"Cu_65":1.71176e-06,"Zn_64":2.04192363e-05,"Zn_66":1.69818699e-05}