{"Mass":null,"C_12":0.0024328,"C_13":6.3071298e-09,"N_14":1.5439e-07,"N_15":5.9855e-10,"O_16":0.1062,"O_17":6.525700000001664e-08,"O_18":4.5619e-10,"F_19":6.88506867e-11,"Ne_20":0.00153630000069967,"Ne_21":4.063468395e-07,"Ne_22":5.87489553e-05,"Na_23":1.17579897e-05,"Mg_24":0.00224084237,"Mg_25":1.730700036608e-05,"Mg_26":2.8833699999999788e-05,"Al_26":2.5e-322,"Al_27":0.000239272694,"Si_28":0.24172013445999999,"Si_29":0.00044811,"Si_30":0.0007660337000000001,"P_31":0.000310622106,"S_32":0.14785019327863,"S_33":0.000336741090024993,"S_34":0.002656700005925,"S_36":8.632160999999983e-08,"Cl_35":0.00014440630000000002,"Cl_36":1.04e-322,"Cl_37":3.5115850060733005e-05,"Ar_36":0.029910726126389946,"Ar_38":0.001584200013141,"Ar_40":2.2989339554201573e-09,"K_39":0.00012310876820000003,"K_40":5.6503966044579844e-08,"K_41":8.068317639769986e-06,"Ca_40":0.028688999999966044,"Ca_41":3.5e-323,"Ca_42":5.5524012836999996e-05,"Ca_43":1.1637536345355659e-07,"Ca_44":1.8470176015444e-05,"Ca_46":7.6124e-11,"Ca_48":4.7678e-16,"Sc_45":4.4018601000000006e-07,"Ti_46":2.20413904e-05,"Ti_47":6.392918952294101e-07,"Ti_48":0.0004480995114405,"Ti_49":3.201914922717901e-05,"Ti_50":1.1842000069025e-09,"V_50":7.079099993097483e-09,"V_51":8.611305004750385e-05,"Cr_50":0.0002634999999999931,"Cr_52":0.009935414208927766,"Cr_53":0.0009128196537634497,"Cr_54":4.230442814630165e-08,"Mn_53":1.32e-321,"Mn_55":0.0049771735502788005,"Fe_54":0.029638000000121806,"Fe_56":0.27963729303420404,"Fe_57":0.0030241844013759803,"Fe_58":2.9275000639999997e-07,"Fe_60":9.24e-322,"Co_59":3.4418239999999988e-06,"Ni_58":0.0031462720421912,"Ni_59":2.5e-323,"Ni_60":0.00011673390699999812,"Ni_61":5.0546699e-06,"Ni_62":7.978536500000001e-05,"Ni_64":6.813585e-07,"Cu_63":4.5821483e-06,"Cu_65":4.7658e-06,"Zn_64":9.162586499999999e-06,"Zn_66":5.9590652999999997e-05}