{"Mass":null,"C_12":0.0036566,"C_13":2.794613e-07,"N_14":1.7549e-08,"N_15":2.60607e-06,"O_16":0.13438,"O_17":4.11641e-10,"O_18":4.023885e-11,"F_19":6.322000000000053e-10,"Ne_20":0.0036576,"Ne_21":6.41e-08,"Ne_22":9.405350000000001e-09,"Na_23":1.0088200000004494e-05,"Mg_24":0.01207600000089603,"Mg_25":1.29672e-06,"Mg_26":2.333879999999983e-06,"Al_26":2.5e-322,"Al_27":6.3074300086253e-05,"Si_28":0.237950000072264,"Si_29":3.8145e-05,"Si_30":2.4388400000000002e-05,"P_31":0.00010565830046895,"S_32":0.15805000002705702,"S_33":5.5894018674e-05,"S_34":1.66750000071579e-08,"S_36":3.630623999999995e-12,"Cl_35":3.3541928796e-06,"Cl_36":1.04e-322,"Cl_37":6.807793187000002e-06,"Ar_36":0.03975800018446715,"Ar_38":1.25600003442e-09,"Ar_40":1.3058815456725899e-15,"K_39":7.918000537739999e-07,"K_40":2.7981983184543273e-12,"K_41":9.661900564160061e-07,"Ca_39":6.813862259999999e-10,"Ca_40":0.049007,"Ca_41":3.5e-323,"Ca_42":2.4977000047286003e-10,"Ca_43":8.83201893261532e-11,"Ca_44":4.02430012265939e-05,"Ca_46":5.6265e-21,"Ca_48":5.6198e-28,"Sc_45":1.7837317200054577e-07,"Ti_46":1.906902312e-11,"Ti_47":9.093205769403423e-10,"Ti_48":0.0007381484296334,"Ti_49":1.471700200032553e-05,"Ti_50":3.4346000042489e-20,"V_50":4.51099999999574e-17,"V_51":2.9407362076145002e-08,"Cr_50":5.9065e-10,"Cr_52":0.010536605111090998,"Cr_53":3.693009000023211e-05,"Cr_54":1.697183529588077e-16,"Mn_53":1.32e-321,"Mn_55":0.00012690913530006512,"Fe_54":1.7810000000030887e-05,"Fe_56":0.1988718261046552,"Fe_57":0.0005276074660007413,"Fe_58":2.0760309940000053e-14,"Fe_60":9.24e-322,"Co_59":5.348860006828805e-06,"Ni_58":1.546409997924e-05,"Ni_59":2.5e-323,"Ni_60":6.3486905400000016e-06,"Ni_61":7.142021944000001e-09,"Ni_62":2.8350322303600005e-10,"Ni_64":3.1797344999999998e-22,"Cu_63":2.4105579e-12,"Cu_65":5.700557888e-18,"Zn_64":2.1542999663930498e-15,"Zn_66":7.068800031683e-19}