{"Mass":null,"C_12":0.00060059,"C_13":5.639684e-07,"N_14":1.4325e-09,"N_15":3.9253899999999997e-07,"O_16":0.025156,"O_17":6.38521e-10,"O_18":7.4062336e-14,"F_19":5.4489e-12,"Ne_20":9.1582e-05,"Ne_21":2.06277e-08,"Ne_22":1.5600984e-10,"Na_23":2.0200100000000448e-07,"Mg_24":0.0005487300000070298,"Mg_25":3.0123e-06,"Mg_26":6.542459999999965e-08,"Al_26":2.5e-322,"Al_27":2.9851900005686204e-06,"Si_28":0.10756000000125271,"Si_29":2.5871e-06,"Si_30":1.81644e-06,"P_31":2.07366000075133e-05,"S_32":0.0742270000010548,"S_33":7.711201267e-06,"S_34":5.78720000030592e-09,"S_36":2.5512019999999883e-13,"Cl_35":1.90012414396e-06,"Cl_36":1.04e-322,"Cl_37":1.7148095336e-06,"Ar_36":0.017436000012882463,"Ar_38":2.7437000025532e-09,"Ar_40":6.938635835761958e-16,"K_39":5.389000082376e-07,"K_40":4.386197364164238e-13,"K_41":3.7630001455299975e-07,"Ca_39":3.905417624e-10,"Ca_40":0.018621,"Ca_41":3.5e-323,"Ca_42":1.7996000000707701e-09,"Ca_43":1.4851824376e-07,"Ca_44":2.792200040685679e-05,"Ca_46":1.2224e-22,"Ca_48":9.5304e-29,"Sc_45":6.143120700005807e-08,"Ti_46":1.84540025834e-11,"Ti_47":1.719566258800273e-08,"Ti_48":0.00043394808172025,"Ti_49":8.107649000068334e-06,"Ti_50":1.0082000549820001e-21,"V_50":8.855399999944997e-18,"V_51":4.40119810389848e-08,"Cr_50":2.3027e-10,"Cr_52":0.0085733360032995,"Cr_53":1.6511200000026382e-06,"Cr_54":3.970612696468818e-17,"Mn_53":1.32e-321,"Mn_55":0.00015718296700029441,"Fe_54":3.4910000000001572e-06,"Fe_56":0.8086775273071048,"Fe_57":0.007294281910023663,"Fe_58":2.0622235930000064e-14,"Fe_60":9.24e-322,"Co_59":0.0011099410001363104,"Ni_58":0.0016670599999793782,"Ni_59":2.5e-323,"Ni_60":0.01817324952,"Ni_61":0.0002636873897,"Ni_62":0.00017322083266,"Ni_64":2.0904465e-18,"Cu_63":2.6752746000000002e-06,"Cu_65":4.46840028112e-09,"Zn_64":5.208799999997791e-07,"Zn_66":6.728400000000504e-13}