{"Mass":null,"C_12":0.00018076,"C_13":6.033401e-07,"N_14":8.3395e-10,"N_15":2.1797e-07,"O_16":0.017049,"O_17":8.502340000000001e-10,"O_18":6.3906279e-14,"F_19":2.9222500000000004e-12,"Ne_20":0.00010165,"Ne_21":1.1972700000000001e-08,"Ne_22":1.5278060000000002e-10,"Na_23":2.837500000000033e-07,"Mg_24":0.0006015500000068994,"Mg_25":2.9428e-06,"Mg_26":8.034439999999943e-08,"Al_26":2.5e-322,"Al_27":3.3883400006295e-06,"Si_28":0.1027000000014075,"Si_29":2.0562e-06,"Si_30":1.64718e-06,"P_31":1.80472000084995e-05,"S_32":0.0675030000012859,"S_33":7.546101691999999e-06,"S_34":6.80510000036262e-09,"S_36":4.0474789999999936e-13,"Cl_35":1.72520422264e-06,"Cl_36":1.04e-322,"Cl_37":1.460214618e-06,"Ar_36":0.015371000020517594,"Ar_38":3.1421000039935003e-09,"Ar_40":8.148577603175866e-16,"K_39":5.01960013737e-07,"K_40":6.951795822396824e-13,"K_41":2.6299002082900054e-07,"Ca_39":3.5792626300000004e-10,"Ca_40":0.016034,"Ca_41":3.5e-323,"Ca_42":2.05460000015398e-09,"Ca_43":1.8433194281000002e-07,"Ca_44":2.89230004390301e-05,"Ca_46":3.3878e-22,"Ca_48":8.6792e-29,"Sc_45":4.3912478000146136e-08,"Ti_46":1.89280062159e-11,"Ti_47":2.0381649661007446e-08,"Ti_48":0.000394865730969331,"Ti_49":7.475183000049577e-06,"Ti_50":3.483400054976e-21,"V_50":1.888099999994498e-17,"V_51":3.6596205044317996e-08,"Cr_50":2.1233e-10,"Cr_52":0.0075763183024641,"Cr_53":8.923430000071559e-07,"Cr_54":8.191929348214253e-17,"Mn_53":1.32e-321,"Mn_55":0.00013832127200025048,"Fe_54":1.8743000000000462e-06,"Fe_56":0.8297667661058807,"Fe_57":0.007807886410021587,"Fe_58":1.4802580460000063e-14,"Fe_60":9.24e-322,"Co_59":0.001368628000135012,"Ni_58":0.001933329999985198,"Ni_59":2.5e-323,"Ni_60":0.01951400326,"Ni_61":0.00028408559240000004,"Ni_62":0.00019182068011,"Ni_64":1.8649260000000004e-18,"Cu_63":3.3027977e-06,"Cu_65":4.8937002915100004e-09,"Zn_64":5.872299999998029e-07,"Zn_66":7.677800000014944e-13}