{"Mass":null,"C_12":0.049527,"C_13":1.777338047e-06,"N_14":0.00016617,"N_15":1.51396e-07,"O_16":0.2938000000000003,"O_17":0.00012195000000000023,"O_18":2.9108000000000004e-07,"F_19":5.2398567e-09,"Ne_20":0.005521300055041999,"Ne_21":2.205340535e-05,"Ne_22":0.002403928562,"Na_23":0.00066502071,"Mg_24":0.0038870949999999997,"Mg_25":0.0008139600045142,"Mg_26":0.0004150105999999976,"Al_26":2.5e-322,"Al_27":0.0005847814800000001,"Si_28":0.2119720038,"Si_29":0.00098725,"Si_30":0.0020705502,"P_31":0.000601545341,"S_32":0.1264207413361,"S_33":0.00041693922059866,"S_34":0.002449100032416,"S_36":4.265720999999995e-07,"Cl_35":0.0001214841082,"Cl_36":1.04e-322,"Cl_37":2.2856900030598e-05,"Ar_36":0.02383962443789996,"Ar_38":0.000762850016679,"Ar_40":1.0765049376098988e-08,"K_39":6.775420400000001e-05,"K_40":8.2164950623901e-08,"K_41":4.6728326114999944e-06,"Ca_40":0.021075999999950624,"Ca_41":3.5e-323,"Ca_42":3.1731035954999996e-05,"Ca_43":1.7194905670692678e-07,"Ca_44":1.1385939014005e-05,"Ca_46":4.7566e-10,"Ca_48":5.8276e-15,"Sc_45":3.9859009000000003e-07,"Ti_46":9.957514099999999e-06,"Ti_47":3.79986062891281e-07,"Ti_48":0.000121098536437,"Ti_49":1.412414476347e-05,"Ti_50":2.20320000094324e-09,"V_50":7.407499999056743e-09,"V_51":3.784907901638225e-05,"Cr_50":0.00018471999999999906,"Cr_52":0.0016687613638936578,"Cr_53":0.00027195139779609255,"Cr_54":1.1740416920104013e-08,"Mn_53":1.32e-321,"Mn_55":0.0014267059184220005,"Fe_54":0.01756200000003307,"Fe_56":0.027190199087955003,"Fe_57":0.0006327965037628001,"Fe_58":5.81834244617e-05,"Fe_60":9.24e-322,"Co_59":3.4781445399999995e-05,"Ni_58":0.001393522578438,"Ni_59":2.5e-323,"Ni_60":0.00014029313079999642,"Ni_61":1.81804644e-05,"Ni_62":0.000232901035,"Ni_64":4.0500825e-07,"Cu_63":7.2292251e-06,"Cu_65":1.22962e-05,"Zn_64":1.4534194249999998e-05,"Zn_66":7.356203e-05}