{"Mass":null,"C_12":0.0067816,"C_13":1.1769230000000001e-07,"N_14":4.6712e-08,"N_15":3.44459e-06,"O_16":0.18011,"O_17":1.042771e-09,"O_18":1.2498122e-10,"F_19":1.8585700000000223e-09,"Ne_20":0.0071917000000000005,"Ne_21":5.1318000000000003e-08,"Ne_22":2.0860910000000002e-08,"Na_23":1.8983400000013083e-05,"Mg_24":0.019946000002237698,"Mg_25":1.1106200000000001e-06,"Mg_26":4.616879999999961e-06,"Al_26":2.5e-322,"Al_27":0.00011194900020569,"Si_28":0.24889000014468,"Si_29":5.9351e-05,"Si_30":3.80227e-05,"P_31":0.00014324800094917,"S_32":0.15216000004716906,"S_33":7.6485028008e-05,"S_34":2.9067000011573003e-08,"S_36":5.333600999999973e-12,"Cl_35":2.9889335444000003e-06,"Cl_36":1.04e-322,"Cl_37":7.958225380000003e-06,"Ar_36":0.036996000270942304,"Ar_38":1.7373000472919999e-09,"Ar_40":1.6502597724062926e-15,"K_39":6.50950067899e-07,"K_40":3.5939978402275935e-12,"K_41":9.551100652640093e-07,"Ca_39":5.42482101e-10,"Ca_40":0.045184,"Ca_41":3.5e-323,"Ca_42":3.5611000053144005e-10,"Ca_43":8.254814988818397e-11,"Ca_44":3.63790013070933e-05,"Ca_46":7.8512e-21,"Ca_48":8.1374e-28,"Sc_45":1.7002938800067474e-07,"Ti_46":2.2682027544000002e-11,"Ti_47":5.207348426480874e-10,"Ti_48":0.0005606013781824999,"Ti_49":1.215992100028969e-05,"Ti_50":3.6352000039993e-20,"V_50":4.48449999999599e-17,"V_51":1.1793607045357003e-08,"Cr_50":5.7939e-10,"Cr_52":0.0060279079161521,"Cr_53":1.6136360000098114e-05,"Cr_54":1.2382208701041562e-16,"Mn_53":1.32e-321,"Mn_55":8.02347546000419e-05,"Fe_54":1.013200000002033e-05,"Fe_56":0.0950778204527156,"Fe_57":0.0002813491056003812,"Fe_58":2.8230286800000046e-14,"Fe_60":9.24e-322,"Co_59":4.076150009525702e-06,"Ni_58":1.352467997177e-05,"Ni_59":2.5e-323,"Ni_60":5.2655111500000015e-06,"Ni_61":5.4190643680000005e-09,"Ni_62":2.31068629333e-10,"Ni_64":1.734669e-22,"Cu_63":2.0487906999999998e-12,"Cu_65":5.047411149e-18,"Zn_64":1.8516999816661004e-15,"Zn_66":1.6366000039594e-19}