{"Mass":null,"C_12":0.049495,"C_13":1.781838143e-06,"N_14":0.00016621,"N_15":1.5138999999999998e-07,"O_16":0.2914100000000003,"O_17":0.00012195000000000019,"O_18":2.9122e-07,"F_19":5.2385175e-09,"Ne_20":0.005502500054980999,"Ne_21":2.203740585e-05,"Ne_22":0.002403428154,"Na_23":0.0006627528,"Mg_24":0.004635872,"Mg_25":0.0008143800045406,"Mg_26":0.0004122377999999978,"Al_26":2.5e-322,"Al_27":0.0006635545300000001,"Si_28":0.2491020674,"Si_29":0.0010231,"Si_30":0.0021845949999999997,"P_31":0.0006015913019999999,"S_32":0.12172071476039999,"S_33":0.00043163593061082,"S_34":0.0024138000317059996,"S_36":3.907775999999998e-07,"Cl_35":0.0001184558437,"Cl_36":1.04e-322,"Cl_37":2.4526400030236e-05,"Ar_36":0.01846156018239996,"Ar_38":0.000804610015366,"Ar_40":9.177343873306578e-09,"K_39":7.1234243e-05,"K_40":7.300795612669342e-08,"K_41":4.643544396189996e-06,"Ca_40":0.012924999999956128,"Ca_41":3.5e-323,"Ca_42":3.0099028593000002e-05,"Ca_43":1.493160264065403e-07,"Ca_44":5.546570212516e-06,"Ca_46":3.8389e-10,"Ca_48":3.909e-15,"Sc_45":3.0929425e-07,"Ti_46":1.06564927e-05,"Ti_47":3.5122337076528896e-07,"Ti_48":5.9239511894999994e-05,"Ti_49":9.41255038047e-06,"Ti_50":1.90950000069058e-09,"V_50":6.843499999309404e-09,"V_51":2.988870441084908e-05,"Cr_50":0.00023715999999999934,"Cr_52":0.0007901744428754384,"Cr_53":0.00017522244492513455,"Cr_54":2.5075648202247482e-08,"Mn_53":1.32e-321,"Mn_55":0.0009446423456040004,"Fe_54":0.017653000000071764,"Fe_56":0.011606412187437,"Fe_57":0.0003822951037567,"Fe_58":5.8193785451600004e-05,"Fe_60":9.24e-322,"Co_59":3.542363939999995e-05,"Ni_58":0.0011622152174191002,"Ni_59":2.5e-323,"Ni_60":0.0001446798031999948,"Ni_61":1.81316063e-05,"Ni_62":0.000230896268,"Ni_64":3.8756070000000006e-07,"Cu_63":7.08815932e-06,"Cu_65":1.16838e-05,"Zn_64":1.57100383e-05,"Zn_66":7.1878772e-05}