{"Mass":null,"C_12":0.000712,"C_13":2.5799000000000002e-11,"N_14":1.2697e-09,"N_15":8.14303e-10,"O_16":0.076672,"O_17":2.23650023531e-10,"O_18":1.1258077e-11,"F_19":1.6301500005331202e-12,"Ne_20":0.000637630000000006,"Ne_21":1.00120531e-08,"Ne_22":5.8505682e-06,"Na_23":2.4574700002894e-06,"Mg_24":0.0012076000319650002,"Mg_25":1.7935036652e-06,"Mg_26":4.030989999999963e-06,"Al_26":2.5e-322,"Al_27":6.550631407800001e-05,"Si_28":0.1535900053976,"Si_29":0.00012188,"Si_30":8.156319999999999e-05,"P_31":6.406015175e-05,"S_32":0.11121001827958901,"S_33":0.00010868407800000011,"S_34":0.00032144000004405497,"S_36":3.9590429999999766e-09,"Cl_35":3.7356364e-05,"Cl_36":1.04e-322,"Cl_37":1.3859024000119599e-05,"Ar_36":0.027082097214156962,"Ar_38":0.00021777000013078,"Ar_40":6.207037531189086e-11,"K_39":3.9486959780000004e-05,"K_40":7.280795624688109e-09,"K_41":4.158753812792396e-06,"Ca_40":0.030347999999995625,"Ca_41":3.5e-323,"Ca_42":9.34010020454e-06,"Ca_43":1.447890672353e-07,"Ca_44":2.9365573800007414e-05,"Ca_46":3.5547e-13,"Ca_48":2.1637e-19,"Sc_45":2.562321934e-07,"Ti_46":3.54105409e-06,"Ti_47":1.6507396322022998e-07,"Ti_48":0.000586427128005828,"Ti_49":2.008978376004059e-05,"Ti_50":1.14860000091054e-11,"V_50":2.721799999908939e-10,"V_51":3.6462484960251974e-05,"Cr_50":4.457499999999999e-05,"Cr_52":0.01182775078033157,"Cr_53":0.0005288761743410178,"Cr_54":1.8872465657186776e-09,"Mn_53":1.32e-321,"Mn_55":0.00219978109186982,"Fe_54":0.005580800000005432,"Fe_56":0.5566281919020335,"Fe_57":0.006234044827500054,"Fe_58":4.9493239661e-08,"Fe_60":9.24e-322,"Co_59":0.00013375855209999977,"Ni_58":0.002170333622760339,"Ni_59":2.5e-323,"Ni_60":0.00691853136899985,"Ni_61":0.00016807108240800002,"Ni_62":0.0004926246752999999,"Ni_64":5.4489615e-08,"Cu_63":7.9393e-07,"Cu_65":4.9212e-07,"Zn_64":3.333140935e-06,"Zn_66":1.00045863e-05}