{"Mass":null,"C_12":0.0024091,"C_13":6.27333002e-09,"N_14":1.541e-07,"N_15":5.612299999999999e-10,"O_16":0.10367,"O_17":6.512200000001922e-08,"O_18":4.5545e-10,"F_19":6.86421692e-11,"Ne_20":0.00152870000069578,"Ne_21":4.045168361e-07,"Ne_22":5.87414508e-05,"Na_23":1.10324192e-05,"Mg_24":0.0026725417100000003,"Mg_25":1.7365000367760002e-05,"Mg_26":2.818819999999988e-05,"Al_26":2.5e-322,"Al_27":0.000268517628,"Si_28":0.27804013628,"Si_29":0.00048476,"Si_30":0.0008425403999999999,"P_31":0.000326050945,"S_32":0.14236019966084998,"S_33":0.00035470979002544896,"S_34":0.0028323000058148,"S_36":8.696293999999973e-08,"Cl_35":0.0001443945276,"Cl_36":1.04e-322,"Cl_37":3.4678630060242e-05,"Ar_36":0.024814738948059974,"Ar_38":0.0016143000127989999,"Ar_40":2.172832004173356e-09,"K_39":0.0001127481911,"K_40":5.3256967995826644e-08,"K_41":6.9482233069699996e-06,"Ca_40":0.021635999999967993,"Ca_41":3.5e-323,"Ca_42":4.9931011832e-05,"Ca_43":1.056130469630229e-07,"Ca_44":1.3331434015242001e-05,"Ca_46":6.9356e-11,"Ca_48":4.1495e-16,"Sc_45":3.1775984e-07,"Ti_46":1.98532383e-05,"Ti_47":6.084343887819599e-07,"Ti_48":0.0003875649551726,"Ti_49":2.7498625324403007e-05,"Ti_50":1.1844000065664e-09,"V_50":7.087699993433583e-09,"V_51":7.795943304318159e-05,"Cr_50":0.00031126999999999343,"Cr_52":0.00905793310818134,"Cr_53":0.000819198373845518,"Cr_54":6.646952818368653e-08,"Mn_53":1.32e-321,"Mn_55":0.004512869476276801,"Fe_54":0.02948200000019174,"Fe_56":0.264793619034049,"Fe_57":0.00279338722637534,"Fe_58":3.0516399819999995e-07,"Fe_60":9.24e-322,"Co_59":3.664177799999998e-06,"Ni_58":0.0029261679381722,"Ni_59":2.5e-323,"Ni_60":0.00011813866989999837,"Ni_61":5.057674e-06,"Ni_62":7.968459300000001e-05,"Ni_64":6.771765e-07,"Cu_63":4.55806283e-06,"Cu_65":4.7105e-06,"Zn_64":9.471028500000001e-06,"Zn_66":5.9072409000000005e-05}