{"Mass":null,"C_12":0.0066933,"C_13":4.4902786e-09,"N_14":6.3705e-07,"N_15":1.48379e-08,"O_16":0.18339,"O_17":1.7230000000008227e-07,"O_18":3.14748e-09,"F_19":1.489481492e-10,"Ne_20":0.00691360000014416,"Ne_21":3.0931151999999996e-07,"Ne_22":1.6350614e-05,"Na_23":2.506392748e-05,"Mg_24":0.015724032516999997,"Mg_25":1.7828013008e-05,"Mg_26":3.784599999999977e-05,"Al_26":2.5e-322,"Al_27":0.0005391218389999999,"Si_28":0.336340054096,"Si_29":0.00053414,"Si_30":0.000382403,"P_31":0.00022711729640000002,"S_32":0.160630056706494,"S_33":0.0003462381660050953,"S_34":0.0008736500005909001,"S_36":1.0690619999999988e-08,"Cl_35":6.7699372e-05,"Cl_36":1.04e-322,"Cl_37":2.4636860004868998e-05,"Ar_36":0.02668825631567999,"Ar_38":0.00041503000021594997,"Ar_40":1.0282479783164012e-10,"K_39":5.0268913890000006e-05,"K_40":7.98389520216836e-09,"K_41":4.284495922735595e-06,"Ca_40":0.020679999999995202,"Ca_41":3.5e-323,"Ca_42":1.122700021802e-05,"Ca_43":1.95084036832014e-08,"Ca_44":9.599355900029653e-06,"Ca_46":3.1351e-13,"Ca_48":7.1407e-20,"Sc_45":1.8826235349999998e-07,"Ti_46":4.44616573e-06,"Ti_47":1.1182526189455899e-07,"Ti_48":0.00015350612300407462,"Ti_49":9.260701438024365e-06,"Ti_50":1.147500000049309e-11,"V_50":2.5204999999950635e-10,"V_51":1.882821060001899e-05,"Cr_50":5.8838e-05,"Cr_52":0.00201555627010151,"Cr_53":0.0001653201365601325,"Cr_54":4.777287230104383e-09,"Mn_53":1.32e-321,"Mn_55":0.0006843735739464001,"Fe_54":0.0048954000000137644,"Fe_56":0.0304166658137985,"Fe_57":0.00030498029013078,"Fe_58":1.07592443975e-06,"Fe_60":9.24e-322,"Co_59":5.546678439999996e-06,"Ni_58":0.00035023817562683,"Ni_59":2.5e-323,"Ni_60":6.905169277399754e-05,"Ni_61":3.140282839e-06,"Ni_62":1.8980688000000003e-05,"Ni_64":1.0983285000000001e-07,"Cu_63":2.783502e-06,"Cu_65":1.70016e-06,"Zn_64":2.0499391650000003e-05,"Zn_66":1.6636857550000003e-05}