{"Mass":null,"C_12":0.00071246,"C_13":4.4097840000000004e-07,"N_14":4.5275e-09,"N_15":1.375681e-06,"O_16":0.071539,"O_17":2.89695e-10,"O_18":2.2509894e-12,"F_19":5.2612000000000094e-11,"Ne_20":0.00067341,"Ne_21":8.409300000000001e-08,"Ne_22":1.87256e-09,"Na_23":1.7506400000004511e-06,"Mg_24":0.00233950000013125,"Mg_25":1.7179199999999998e-06,"Mg_26":3.658879999999968e-07,"Al_26":2.5e-322,"Al_27":1.1153500012449e-05,"Si_28":0.135940000010988,"Si_29":1.0062e-05,"Si_30":6.64517e-06,"P_31":4.6489800071135e-05,"S_32":0.10505000000506833,"S_33":2.0479004801600003e-05,"S_34":2.7190000016059e-09,"S_36":8.29066999999999e-13,"Cl_35":2.9392785114e-06,"Cl_36":1.04e-322,"Cl_37":4.052431057000001e-06,"Ar_36":0.028544000042203595,"Ar_38":3.755300078859e-10,"Ar_40":3.0342302183571804e-16,"K_39":8.12270012944e-07,"K_40":8.204195069781643e-13,"K_41":9.704300380569998e-07,"Ca_39":6.55737056e-10,"Ca_40":0.036539,"Ca_41":3.5e-323,"Ca_42":4.9852000130959996e-11,"Ca_43":5.6668716744000036e-08,"Ca_44":4.033500081501838e-05,"Ca_46":9.5388e-22,"Ca_48":2.0786e-28,"Sc_45":1.8713004100012989e-07,"Ti_46":1.6815004963299998e-11,"Ti_47":7.998527496008654e-09,"Ti_48":0.00075493234983449,"Ti_49":1.421638900020623e-05,"Ti_50":7.760300049995e-21,"V_50":1.3032999999949973e-17,"V_51":6.073886006881201e-08,"Cr_50":4.3861e-10,"Cr_52":0.0137362567096313,"Cr_53":3.019385000010617e-05,"Cr_54":1.0009139476903561e-16,"Mn_53":1.32e-321,"Mn_55":0.00020355595600027047,"Fe_54":2.0518000000006467e-05,"Fe_56":0.5879548667065655,"Fe_57":0.003222506450005375,"Fe_58":2.1758390640000056e-14,"Fe_60":9.24e-322,"Co_59":0.000572018000105561,"Ni_58":0.000788999999978242,"Ni_59":2.5e-323,"Ni_60":0.00713219009,"Ni_61":8.378256621e-05,"Ni_62":4.4715196395e-05,"Ni_64":5.9345655e-19,"Cu_63":1.3342389e-06,"Cu_65":1.62420004329e-09,"Zn_64":1.8906999999993728e-07,"Zn_66":1.931500000000027e-13}