{"Mass":null,"C_12":0.00077396,"C_13":6.315135000000001e-07,"N_14":2.4498e-09,"N_15":7.390349999999999e-07,"O_16":0.044246,"O_17":6.593340000000001e-10,"O_18":8.889278199999999e-13,"F_19":2.5152800000000015e-11,"Ne_20":0.00050046,"Ne_21":1.58188e-08,"Ne_22":9.759437e-10,"Na_23":1.355660000000092e-06,"Mg_24":0.002484800000068755,"Mg_25":3.2313e-06,"Mg_26":3.3855599999999807e-07,"Al_26":2.5e-322,"Al_27":1.3163200006910701e-05,"Si_28":0.17918000000913,"Si_29":8.9779e-06,"Si_30":5.81001e-06,"P_31":3.6304700057421e-05,"S_32":0.111600000004898,"S_33":1.8271005172699998e-05,"S_34":3.1700000016017e-09,"S_36":1.0238709999999991e-12,"Cl_35":2.13212270641e-06,"Cl_36":1.04e-322,"Cl_37":2.8312352660000003e-06,"Ar_36":0.024263000052036084,"Ar_38":4.3349001197e-10,"Ar_40":5.430286040009018e-16,"K_39":5.338400237060001e-07,"K_40":1.112599331395999e-12,"K_41":4.122700326240018e-07,"Ca_39":4.34016294e-10,"Ca_40":0.024692,"Ca_41":3.5e-323,"Ca_42":7.800300029616e-11,"Ca_43":9.057554006000008e-08,"Ca_44":2.68090005021943e-05,"Ca_46":1.7222e-21,"Ca_48":1.8546e-28,"Sc_45":6.121226300029248e-08,"Ti_46":8.718812433e-12,"Ti_47":1.1140664885020392e-08,"Ti_48":0.00050967267535952,"Ti_49":9.363536000126121e-06,"Ti_50":1.8053000050041003e-20,"V_50":3.2402999999949885e-17,"V_51":4.0347488075239006e-08,"Cr_50":3.1803e-10,"Cr_52":0.010390579505490301,"Cr_53":8.768120000023825e-06,"Cr_54":1.2477642931329496e-16,"Mn_53":1.32e-321,"Mn_55":0.00017199305500017914,"Fe_54":1.133400000000283e-05,"Fe_56":0.5804236769043869,"Fe_57":0.0036703120300043087,"Fe_58":1.0649488060000058e-14,"Fe_60":9.24e-322,"Co_59":0.0008142090001170519,"Ni_58":0.001055089999989351,"Ni_59":2.5e-323,"Ni_60":0.009280304049999999,"Ni_61":0.000110009916,"Ni_62":6.2263863505e-05,"Ni_64":6.48579e-19,"Cu_63":1.9809255e-06,"Cu_65":2.194800048276e-09,"Zn_64":2.622899999999315e-07,"Zn_66":2.801300000002263e-13}