{"Mass":null,"C_12":0.0027404,"C_13":7.73783315e-09,"N_14":3.4863e-07,"N_15":3.72498e-09,"O_16":0.16091,"O_17":1.1271000000001544e-07,"O_18":5.0592e-10,"F_19":3.0737341e-11,"Ne_20":0.0032739000001603003,"Ne_21":1.4023610400000002e-07,"Ne_22":2.3430340999999997e-05,"Na_23":1.20027489e-05,"Mg_24":0.005710440551,"Mg_25":1.00050015179e-05,"Mg_26":1.896169999999983e-05,"Al_26":2.5e-322,"Al_27":0.0003069072366,"Si_28":0.218090028649,"Si_29":0.00033151,"Si_30":0.00029445329999999996,"P_31":0.0001615016434,"S_32":0.14903005138305642,"S_33":0.0002170561360003318,"S_34":0.0004927100001274901,"S_36":1.1110779999999944e-08,"Cl_35":5.6418692e-05,"Cl_36":1.04e-322,"Cl_37":1.905487000065085e-05,"Ar_36":0.03463821377951983,"Ar_38":0.00025429000030501,"Ar_40":1.4395655804014186e-10,"K_39":4.91234508e-05,"K_40":1.0912993441959858e-08,"K_41":5.243652225604493e-06,"Ca_40":0.03759199999999344,"Ca_41":3.5e-323,"Ca_42":1.066200044443e-05,"Ca_43":2.8221407415783998e-08,"Ca_44":2.637715890004719e-05,"Ca_46":9.9091e-13,"Ca_48":4.6847e-19,"Sc_45":3.429306666e-07,"Ti_46":4.00562683e-06,"Ti_47":1.438411059882e-07,"Ti_48":0.000602143353014476,"Ti_49":2.1192345180098907e-05,"Ti_50":2.37470000050874e-11,"V_50":4.768599999949115e-10,"V_51":3.8103369400186334e-05,"Cr_50":5.4223999999999994e-05,"Cr_52":0.01152087264035632,"Cr_53":0.0005211023236710171,"Cr_54":2.2280236142587473e-09,"Mn_53":1.32e-321,"Mn_55":0.0021117957469772,"Fe_54":0.006434700000006384,"Fe_56":0.2621693084103471,"Fe_57":0.0013781507560067124,"Fe_58":4.967212246399999e-07,"Fe_60":9.24e-322,"Co_59":2.798854499999998e-06,"Ni_58":0.00063563151958393,"Ni_59":2.5e-323,"Ni_60":4.419760653999902e-05,"Ni_61":2.8892592949999994e-06,"Ni_62":1.88583767e-05,"Ni_64":1.7480145e-07,"Cu_63":2.697422e-06,"Cu_65":1.5678399999999999e-06,"Zn_64":1.3060525049999999e-05,"Zn_66":1.72183437e-05}