{"Mass":null,"C_12":0.00018307,"C_13":1.24232e-11,"N_14":7.4145e-11,"N_15":6.9468e-11,"O_16":0.019406,"O_17":6.422722203e-12,"O_18":3.440299e-13,"F_19":8.27100000015894e-14,"Ne_20":0.00010024000000000027,"Ne_21":1.24423725e-09,"Ne_22":2.30035963e-06,"Na_23":4.65748000012195e-07,"Mg_24":0.0002414700045153,"Mg_25":3.2731301749999997e-07,"Mg_26":8.737399999999983e-07,"Al_26":2.5e-322,"Al_27":1.47310236907e-05,"Si_28":0.10894000137649999,"Si_29":4.1787e-05,"Si_30":3.4264500000000004e-05,"P_31":3.340561678e-05,"S_32":0.0651580075924539,"S_33":5.11589268e-05,"S_34":0.00028077000002641004,"S_36":1.7696219999999987e-09,"Cl_35":2.59144821e-05,"Cl_36":1.04e-322,"Cl_37":7.874762000004187e-06,"Ar_36":0.013478047086037998,"Ar_38":0.00021619000010042,"Ar_40":4.243284015479873e-11,"K_39":2.6397643650000003e-05,"K_40":4.726197159845201e-09,"K_41":1.8288026220864994e-06,"Ca_40":0.01311999999999716,"Ca_41":3.5e-323,"Ca_42":7.215700162840001e-06,"Ca_43":4.228151143843e-07,"Ca_44":2.3938101800001182e-05,"Ca_46":4.5311e-13,"Ca_48":3.9743e-19,"Sc_45":1.237946094e-07,"Ti_46":3.120849598e-06,"Ti_47":2.5111000066078997e-07,"Ti_48":0.0003295500180084642,"Ti_49":1.5097083130054603e-05,"Ti_50":1.47800000019045e-11,"V_50":3.0901999999809473e-10,"V_51":3.571227542177539e-05,"Cr_50":6.9197e-05,"Cr_52":0.006587577700936054,"Cr_53":0.00041861011782457565,"Cr_54":6.905714038051895e-09,"Mn_53":1.32e-321,"Mn_55":0.00196760366980068,"Fe_54":0.007201700000019954,"Fe_56":0.8016204430000861,"Fe_57":0.015620931767299999,"Fe_58":5.2848020206e-09,"Fe_60":9.24e-322,"Co_59":0.0006155661175135999,"Ni_58":0.01279440007479798,"Ni_59":2.5e-323,"Ni_60":0.017581446130307075,"Ni_61":0.0005276726481860066,"Ni_62":0.002672507130288822,"Ni_64":2.4013289999999995e-08,"Cu_63":8.2118e-07,"Cu_65":1.7716700000000001e-07,"Zn_64":8.4974201e-07,"Zn_66":4.99104414e-06}