{"Mass":null,"C_12":0.0069712,"C_13":1.9475412699999998e-08,"N_14":2.4674e-06,"N_15":1.90688e-08,"O_16":0.24479,"O_17":7.520500000000479e-07,"O_18":8.0113e-09,"F_19":2.4130565899999997e-10,"Ne_20":0.0101260000005553,"Ne_21":8.810889200000001e-07,"Ne_22":3.2279245e-05,"Na_23":4.01856711e-05,"Mg_24":0.01377515812,"Mg_25":4.11610076438e-05,"Mg_26":7.10259999999997e-05,"Al_26":2.5e-322,"Al_27":0.000700327748,"Si_28":0.27133013067,"Si_29":0.00059622,"Si_30":0.000554303,"P_31":0.0002584328319,"S_32":0.15099008639587203,"S_33":0.0002953298650086515,"S_34":0.0005748100013069,"S_36":1.7542849999999962e-08,"Cl_35":6.350644800000001e-05,"Cl_36":1.04e-322,"Cl_37":1.71822100056618e-05,"Ar_36":0.02868829935214995,"Ar_38":0.00023791000056234,"Ar_40":1.8779724551360675e-10,"K_39":3.49926067e-05,"K_40":1.2056992754486393e-08,"K_41":3.432490708582804e-06,"Ca_40":0.025434999999992755,"Ca_41":3.5e-323,"Ca_42":9.141600565240001e-06,"Ca_43":2.94495103463838e-08,"Ca_44":1.3843617000084956e-05,"Ca_46":1.3267e-12,"Ca_48":6.6156e-19,"Sc_45":1.582831206e-07,"Ti_46":2.92285545e-06,"Ti_47":1.1980696072243e-07,"Ti_48":0.000295337593018768,"Ti_49":1.341419763012848e-05,"Ti_50":2.62330000015591e-11,"V_50":4.894499999984397e-10,"V_51":2.585419060009315e-05,"Cr_50":5.3322e-05,"Cr_52":0.00458907153026856,"Cr_53":0.00027168360424068857,"Cr_54":1.5726265809102333e-09,"Mn_53":1.32e-321,"Mn_55":0.0010891437680650002,"Fe_54":0.005216300000004418,"Fe_56":0.08148029423811809,"Fe_57":0.00056429632018351,"Fe_58":3.28615055596e-06,"Fe_60":9.24e-322,"Co_59":1.1214047669999983e-05,"Ni_58":0.00040696254964167996,"Ni_59":2.5e-323,"Ni_60":7.906908448999815e-05,"Ni_61":6.924958730999999e-06,"Ni_62":2.693491e-05,"Ni_64":2.0440755000000002e-07,"Cu_63":4.0953989999999995e-06,"Cu_65":1.7691300000000001e-06,"Zn_64":1.883539595e-05,"Zn_66":1.49873605e-05}