{"Mass":null,"C_12":0.0027208,"C_13":4.18184828e-10,"N_14":2.6131e-08,"N_15":5.53811e-10,"O_16":0.16923,"O_17":1.1349000000009618e-08,"O_18":3.177217e-10,"F_19":3.8836770331e-11,"Ne_20":0.0028957000000090494,"Ne_21":3.533779046e-07,"Ne_22":0.000102961209,"Na_23":2.015908031514e-05,"Mg_24":0.0026617074412,"Mg_25":4.4575000299859996e-05,"Mg_26":7.235619999999941e-05,"Al_26":2.5e-322,"Al_27":0.000404785834,"Si_28":0.22807037439,"Si_29":0.00084912,"Si_30":0.0015863971,"P_31":0.000483027396,"S_32":0.146670625142,"S_33":0.00037789453001085696,"S_34":0.002709500052589,"S_36":4.6139529999999935e-07,"Cl_35":0.000169839828,"Cl_36":1.04e-322,"Cl_37":3.154850014339e-05,"Ar_36":0.030508529084699955,"Ar_38":0.001300400081415,"Ar_40":1.2015068446877317e-08,"K_39":0.000114612169,"K_40":1.1389993155312267e-07,"K_41":7.768720426099982e-06,"Ca_40":0.029908999999931556,"Ca_41":3.5e-323,"Ca_42":5.7032102459999996e-05,"Ca_43":1.870194190035685e-07,"Ca_44":1.9330272189309997e-05,"Ca_46":4.5143e-10,"Ca_48":1.0198e-14,"Sc_45":4.922717e-07,"Ti_46":1.96914376e-05,"Ti_47":6.0575065742716e-07,"Ti_48":0.000438535691722,"Ti_49":3.168265723804003e-05,"Ti_50":2.07380004735e-09,"V_50":7.002199952649983e-09,"V_51":8.316935405637257e-05,"Cr_50":0.00025275999999995266,"Cr_52":0.009104287206673395,"Cr_53":0.0008455857511801223,"Cr_54":2.290131419113352e-08,"Mn_53":1.32e-321,"Mn_55":0.004449620727531203,"Fe_54":0.028092000000065787,"Fe_56":0.22984718018235697,"Fe_57":0.00250366401122887,"Fe_58":8.79604813e-07,"Fe_60":9.24e-322,"Co_59":5.143045900000002e-06,"Ni_58":0.0027404662059458303,"Ni_59":2.5e-323,"Ni_60":0.00013723656069999658,"Ni_61":1.9143498197e-05,"Ni_62":0.0001938114269,"Ni_64":9.552179999999998e-07,"Cu_63":6.96803946e-06,"Cu_65":1.19873e-05,"Zn_64":9.088342e-06,"Zn_66":6.1849466e-05}