{"Mass":null,"C_12":0.094868,"C_13":1.746653e-07,"N_14":2.7155e-06,"N_15":2.89071e-06,"O_16":0.31957,"O_17":1.61701682e-08,"O_18":3.3068027000000002e-09,"F_19":2.3421600000000656e-08,"Ne_20":0.00278630000000002,"Ne_21":2.9061e-07,"Ne_22":9.453079999999999e-08,"Na_23":1.559870000027988e-05,"Mg_24":0.007128000016567999,"Mg_25":2.05169e-07,"Mg_26":8.338799999999966e-07,"Al_26":2.5e-322,"Al_27":1.985130039004e-05,"Si_28":0.190300000015556,"Si_29":3.4167e-05,"Si_30":1.58232e-05,"P_31":6.4422600084746e-05,"S_32":0.1083300000088138,"S_33":2.92820069206e-05,"S_34":3.11100000022017e-09,"S_36":7.194579999999992e-13,"Cl_35":1.38387423234e-06,"Cl_36":1.04e-322,"Cl_37":2.280438013000001e-06,"Ar_36":0.02085500003695517,"Ar_38":2.0826000064942e-10,"Ar_40":7.321487755667304e-17,"K_39":2.304700029171e-07,"K_40":3.0431981712244334e-13,"K_41":1.5141002021199993e-07,"Ca_39":2.189570829e-10,"Ca_40":0.018587,"Ca_41":3.5e-323,"Ca_42":2.7057000012373e-11,"Ca_43":1.5907469634001776e-11,"Ca_44":9.77550044719312e-06,"Ca_46":1.7069e-24,"Ca_48":4.4412e-28,"Sc_45":2.531086200002256e-08,"Ti_46":4.68880043191e-12,"Ti_47":1.6012040510015155e-10,"Ti_48":0.00019723195880016,"Ti_49":4.047182500189001e-06,"Ti_50":9.533139995e-24,"V_50":2.6087999999599988e-18,"V_51":4.0587229065319e-09,"Cr_50":1.5924e-10,"Cr_52":0.0024149006634647,"Cr_53":9.73745000007324e-06,"Cr_54":3.3694972839927125e-17,"Mn_53":1.32e-321,"Mn_55":3.5044597400028465e-05,"Fe_54":5.933900000015962e-06,"Fe_56":0.03447940220096498,"Fe_57":0.00011554421980023679,"Fe_58":1.5494274460000463e-15,"Fe_60":9.24e-322,"Co_59":1.3925390011278991e-06,"Ni_58":8.724887998450601e-06,"Ni_59":2.5e-323,"Ni_60":1.994497450000001e-06,"Ni_61":3.678033862e-09,"Ni_62":1.1969541195300002e-09,"Ni_64":1.6202789999999998e-22,"Cu_63":3.9135014e-11,"Cu_65":4.120700063089e-14,"Zn_64":6.889599999982876e-12,"Zn_66":8.651700000075389e-18}