{"Mass":null,"C_12":0.006831,"C_13":1.1852072221e-07,"N_14":1.1562e-06,"N_15":3.0093000000000004e-09,"O_16":0.18802,"O_17":5.952900000000653e-07,"O_18":2.67578e-09,"F_19":1.81110699e-10,"Ne_20":0.0063751000014202995,"Ne_21":1.057855539e-06,"Ne_22":0.000120452911,"Na_23":4.3842814000000005e-05,"Mg_24":0.008656677279999999,"Mg_25":7.52810026679e-05,"Mg_26":0.00012003999999999906,"Al_26":2.5e-322,"Al_27":0.00087052211,"Si_28":0.33802052686,"Si_29":0.0011813,"Si_30":0.0021401399,"P_31":0.00068732543,"S_32":0.15433048197848998,"S_33":0.00064004517014523,"S_34":0.004217500026057,"S_36":2.111339999999994e-07,"Cl_35":0.00022665001519999998,"Cl_36":1.04e-322,"Cl_37":4.6553700192930003e-05,"Ar_36":0.022583516626000003,"Ar_38":0.002077000030441,"Ar_40":4.4096561757163445e-09,"K_39":0.00014056310999999998,"K_40":9.347994382428366e-08,"K_41":8.550282594999975e-06,"Ca_40":0.015445999999943824,"Ca_41":3.5e-323,"Ca_42":6.2866021921e-05,"Ca_43":1.5852303037043062e-07,"Ca_44":6.616704030287e-06,"Ca_46":1.2915e-10,"Ca_48":5.6227e-16,"Sc_45":3.7703598e-07,"Ti_46":2.4375101000000003e-05,"Ti_47":6.651717524515781e-07,"Ti_48":9.136404237429999e-05,"Ti_49":1.1887945635779008e-05,"Ti_50":1.9948000070423003e-09,"V_50":1.1256999992957673e-08,"V_51":3.736164203173731e-05,"Cr_50":0.00029164999999999297,"Cr_52":0.0013298168073980592,"Cr_53":0.0002364733003386335,"Cr_54":7.97986998769176e-08,"Mn_53":1.32e-321,"Mn_55":0.001232787131690004,"Fe_54":0.020124000000230024,"Fe_56":0.021225144955402,"Fe_57":0.0004511406318938,"Fe_58":1.8826149340000002e-06,"Fe_60":9.24e-322,"Co_59":7.6021677399999976e-06,"Ni_58":0.00129154468511476,"Ni_59":2.5e-323,"Ni_60":0.0002045735382339965,"Ni_61":2.2092843164199997e-05,"Ni_62":0.0001880396284,"Ni_64":1.7511510000000002e-06,"Cu_63":1.27954484e-05,"Cu_65":1.17579e-05,"Zn_64":2.4927919e-05,"Zn_66":0.000107606137}