{"Mass":null,"C_12":0.0021037,"C_13":5.94561386e-09,"N_14":2.3369e-07,"N_15":3.3803299999999996e-09,"O_16":0.10261,"O_17":7.04150000000375e-08,"O_18":4.1575e-10,"F_19":3.07801831e-11,"Ne_20":0.0018642000001094,"Ne_21":9.6604773e-08,"Ne_22":6.7141586e-06,"Na_23":7.4178631800000004e-06,"Mg_24":0.004711723515,"Mg_25":4.418702515199999e-06,"Mg_26":9.369699999999935e-06,"Al_26":2.5e-322,"Al_27":0.000165696787,"Si_28":0.232630011296,"Si_29":0.00023527,"Si_30":0.0001420261,"P_31":0.00011100022245,"S_32":0.149090023898333,"S_33":0.00019037707000048833,"S_34":0.000557440000053502,"S_36":4.365429999999978e-09,"Cl_35":4.96659222e-05,"Cl_36":1.04e-322,"Cl_37":1.88481220011471e-05,"Ar_36":0.0335651268138699,"Ar_38":0.00032245000011792,"Ar_40":4.8297757006429295e-11,"K_39":4.56877181e-05,"K_40":6.2518962429935705e-09,"K_41":4.282267042156587e-06,"Ca_40":0.035828999999996246,"Ca_41":3.5e-323,"Ca_42":9.960500115640001e-06,"Ca_43":1.5115402040982e-08,"Ca_44":2.5370554800031e-05,"Ca_46":1.096e-13,"Ca_48":2.5339e-20,"Sc_45":2.587788073e-07,"Ti_46":4.102430456e-06,"Ti_47":1.39516114601376e-07,"Ti_48":0.000602381997001604,"Ti_49":2.1478753876009e-05,"Ti_50":5.3936000012009e-12,"V_50":1.5905999999879872e-10,"V_51":3.9201714230042594e-05,"Cr_50":5.5042e-05,"Cr_52":0.01230312931008921,"Cr_53":0.0005570162048900932,"Cr_54":3.0134952954294025e-09,"Mn_53":1.32e-321,"Mn_55":0.0023173180396899,"Fe_54":0.006699500000008701,"Fe_56":0.3105324591038389,"Fe_57":0.0016284109490083474,"Fe_58":1.8713112930999998e-07,"Fe_60":9.24e-322,"Co_59":1.3694488000000008e-06,"Ni_58":0.0007010572424225901,"Ni_59":2.5e-323,"Ni_60":3.4708710299999164e-05,"Ni_61":8.7509107e-07,"Ni_62":9.220676e-06,"Ni_64":5.2525920000000004e-08,"Cu_63":1.03622e-06,"Cu_65":8.280080000000001e-07,"Zn_64":8.040948480000001e-06,"Zn_66":1.187093113e-05}