{"Mass":null,"C_12":0.0020627,"C_13":2.076558556e-08,"N_14":3.0707e-07,"N_15":1.60291e-09,"O_16":0.10452,"O_17":1.1132000000007743e-07,"O_18":6.854e-10,"F_19":4.05650756e-11,"Ne_20":0.0018574000002727499,"Ne_21":2.1006254499999998e-07,"Ne_22":8.7630825e-06,"Na_23":1.03968723e-05,"Mg_24":0.003457672181,"Mg_25":1.14310013061e-05,"Mg_26":2.1078699999999887e-05,"Al_26":2.5e-322,"Al_27":0.000215632366,"Si_28":0.23708005750000002,"Si_29":0.00031163,"Si_30":0.000340192,"P_31":0.0001881570336,"S_32":0.150020064202323,"S_33":0.0002541116660090214,"S_34":0.0012425000021442998,"S_36":1.5996479999999928e-08,"Cl_35":8.552428499999999e-05,"Cl_36":1.04e-322,"Cl_37":2.5709840017346e-05,"Ar_36":0.032350294221519894,"Ar_38":0.0007304600013652001,"Ar_40":2.6785032051511007e-10,"K_39":7.71622815e-05,"K_40":1.717398967948489e-08,"K_41":5.942928439320011e-06,"Ca_40":0.03294399999998968,"Ca_41":3.5e-323,"Ca_42":2.452100089392e-05,"Ca_43":4.3623222025255595e-08,"Ca_44":2.229058570067073e-05,"Ca_46":2.6503e-12,"Ca_48":2.3857e-18,"Sc_45":3.3782156599999995e-07,"Ti_46":1.00502705e-05,"Ti_47":2.8700132236716e-07,"Ti_48":0.0005325745400448149,"Ti_49":2.6370481150358898e-05,"Ti_50":9.458300012592e-11,"V_50":1.4123999998740766e-09,"V_51":5.916625710209885e-05,"Cr_50":0.00012141999999999988,"Cr_52":0.011294462501751704,"Cr_53":0.0007172130539084136,"Cr_54":1.1663892418431624e-08,"Mn_53":1.32e-321,"Mn_55":0.0034451293699636005,"Fe_54":0.014248000000033569,"Fe_56":0.2976726346168273,"Fe_57":0.00220388539619213,"Fe_58":3.5570379752999995e-07,"Fe_60":9.24e-322,"Co_59":1.9346219e-06,"Ni_58":0.00147978453847597,"Ni_59":2.5e-323,"Ni_60":6.259480214999781e-05,"Ni_61":2.27081785e-06,"Ni_62":2.65324607e-05,"Ni_64":2.7432074999999995e-07,"Cu_63":2.6297505000000002e-06,"Cu_65":1.88151e-06,"Zn_64":1.018300675e-05,"Zn_66":3.32329478e-05}