{"Mass":null,"C_12":0.0035659,"C_13":9.277136593e-08,"N_14":6.905e-07,"N_15":1.48614e-09,"O_16":0.14216,"O_17":2.9541000000001e-07,"O_18":1.13745e-09,"F_19":9.8485772e-11,"Ne_20":0.0033899000012695,"Ne_21":5.991854989999999e-07,"Ne_22":5.2063298e-05,"Na_23":2.4447579000000002e-05,"Mg_24":0.0049799432799999994,"Mg_25":3.91960012102e-05,"Mg_26":6.443419999999946e-05,"Al_26":2.5e-322,"Al_27":0.000503432088,"Si_28":0.31922025163,"Si_29":0.00078855,"Si_30":0.0013931458,"P_31":0.00048426337600000004,"S_32":0.15776032912368002,"S_33":0.000488175320030468,"S_34":0.003571200021079,"S_36":1.4392019999999986e-07,"Cl_35":0.00018356005779999999,"Cl_36":1.04e-322,"Cl_37":4.116980015367e-05,"Ar_36":0.026089094599799974,"Ar_38":0.001887900023342,"Ar_40":3.2198433330630064e-09,"K_39":0.00012919066100000002,"K_40":7.2108956666937e-08,"K_41":7.922140654799992e-06,"Ca_40":0.021271999999956666,"Ca_41":3.5e-323,"Ca_42":5.7781017496000005e-05,"Ca_43":1.33118103122148e-07,"Ca_44":1.1541609026875999e-05,"Ca_46":9.8416e-11,"Ca_48":5.0826e-16,"Sc_45":3.5766737e-07,"Ti_46":2.26911533e-05,"Ti_47":6.6335833486062e-07,"Ti_48":0.00027788636982020005,"Ti_49":2.1825706031077012e-05,"Ti_50":1.6526000092781001e-09,"V_50":9.469399990721878e-09,"V_51":6.171268403901893e-05,"Cr_50":0.00031457999999999074,"Cr_52":0.005417578208152207,"Cr_53":0.0005426189486487616,"Cr_54":7.395641670613942e-08,"Mn_53":1.32e-321,"Mn_55":0.0027868321512220023,"Fe_54":0.025363000000213205,"Fe_56":0.123042992096907,"Fe_57":0.00139536414073921,"Fe_58":1.1319499486e-06,"Fe_60":9.24e-322,"Co_59":5.198704899999999e-06,"Ni_58":0.0019538592504042404,"Ni_59":2.5e-323,"Ni_60":0.0001594260680099974,"Ni_61":1.1320553237999998e-05,"Ni_62":0.00012648062020000002,"Ni_64":1.133445e-06,"Cu_63":7.882019650000001e-06,"Cu_65":7.7647e-06,"Zn_64":1.5803205e-05,"Zn_66":8.4896548e-05}