{"Mass":null,"C_12":1.59048e-30,"C_13":2.79316e-11,"N_14":7.9591e-10,"N_15":1.169183e-10,"O_16":0.049963,"O_17":2.436000028332e-10,"O_18":1.0899015e-11,"F_19":1.931990004689e-12,"Ne_20":0.00047219000000005377,"Ne_21":1.92459405e-08,"Ne_22":1.84527251e-05,"Na_23":2.7899800018565e-06,"Mg_24":0.00073959017566,"Mg_25":3.5580006367700002e-06,"Mg_26":7.164199999999968e-06,"Al_26":2.5e-322,"Al_27":7.436378592000001e-05,"Si_28":0.191110022986,"Si_29":0.0001879,"Si_30":0.00027983712,"P_31":0.0001417369408,"S_32":0.102580071290469,"S_33":0.00017280897500000932,"S_34":0.0015118000013940999,"S_36":3.303182999999991e-08,"Cl_35":8.5105767e-05,"Cl_36":1.04e-322,"Cl_37":2.1991440010753e-05,"Ar_36":0.018991309574169918,"Ar_38":0.0010028000058078,"Ar_40":9.72636869541177e-10,"K_39":7.593768410000001e-05,"K_40":2.8071983130458826e-08,"K_41":4.705483926419994e-06,"Ca_40":0.01729299999998313,"Ca_41":3.5e-323,"Ca_42":3.2058006708299996e-05,"Ca_43":3.05974268861e-07,"Ca_44":1.87947467057521e-05,"Ca_46":3.1641e-11,"Ca_48":2.8625e-16,"Sc_45":2.35985825e-07,"Ti_46":1.32040264e-05,"Ti_47":5.18339105252e-07,"Ti_48":0.0003651758551728,"Ti_49":2.475963261446501e-05,"Ti_50":5.297800092297e-10,"V_50":3.5894999907702915e-09,"V_51":6.909123174297909e-05,"Cr_50":0.00024041999999999076,"Cr_52":0.00799130220704135,"Cr_53":0.0007210870409192347,"Cr_54":4.982057612444705e-08,"Mn_53":1.32e-321,"Mn_55":0.00397024940919595,"Fe_54":0.02305300000014382,"Fe_56":0.5349799140109197,"Fe_57":0.010963517385001032,"Fe_58":6.564844584000001e-08,"Fe_60":9.24e-322,"Co_59":0.00041930549179999984,"Ni_58":0.015801115546554157,"Ni_59":2.5e-323,"Ni_60":0.00793378191999974,"Ni_61":0.00029235619498,"Ni_62":0.002422179034,"Ni_64":2.262585e-07,"Cu_63":2.18421e-06,"Cu_65":1.5266e-06,"Zn_64":2.9882865e-06,"Zn_66":2.5044112e-05}