{"Mass":null,"C_12":0.006177,"C_13":1.7293036736e-07,"N_14":2.6229e-06,"N_15":4.424800000000001e-09,"O_16":0.23428,"O_17":1.3798000000000221e-06,"O_18":6.2763e-09,"F_19":4.87173221e-10,"Ne_20":0.008194600004125899,"Ne_21":3.052740836e-06,"Ne_22":0.000137453544,"Na_23":7.838672e-05,"Mg_24":0.0067654659999999995,"Mg_25":0.0001822500013048,"Mg_26":0.0002665919999999976,"Al_26":2.5e-322,"Al_27":0.00096339363,"Si_28":0.2832815499,"Si_29":0.0015873,"Si_30":0.0027760313,"P_31":0.00074670307,"S_32":0.14881102044150002,"S_33":0.0004977297002633499,"S_34":0.0029138001349299997,"S_36":6.571587999999984e-07,"Cl_35":0.000206522752,"Cl_36":1.04e-322,"Cl_37":3.0353000306239997e-05,"Ar_36":0.02516910444119995,"Ar_38":0.00113630012623,"Ar_40":1.439008288742571e-08,"K_39":9.5988354e-05,"K_40":1.379299171125743e-07,"K_41":6.077531047899992e-06,"Ca_40":0.02041499999991711,"Ca_41":3.5e-323,"Ca_42":4.447411478e-05,"Ca_43":1.751204656014997e-07,"Ca_44":1.059611422121e-05,"Ca_46":4.343e-10,"Ca_48":7.1919e-15,"Sc_45":3.5902539000000007e-07,"Ti_46":1.50457312e-05,"Ti_47":4.907991464783e-07,"Ti_48":0.000209804311626,"Ti_49":1.9012871618560022e-05,"Ti_50":1.792000026598e-09,"V_50":6.475499973401985e-09,"V_51":5.3649199027928694e-05,"Cr_50":0.00027851999999997337,"Cr_52":0.003602701204017905,"Cr_53":0.00042070076064981303,"Cr_54":2.7337211472622897e-08,"Mn_53":1.32e-321,"Mn_55":0.0021626990969370063,"Fe_54":0.023154000000078497,"Fe_56":0.07177168514218998,"Fe_57":0.000976905304029,"Fe_58":5.312204081e-06,"Fe_60":9.24e-322,"Co_59":1.3848429199999995e-05,"Ni_58":0.0017138375961092698,"Ni_59":2.5e-323,"Ni_60":0.00019093660445999608,"Ni_61":4.8614991704000006e-05,"Ni_62":0.00028807345459,"Ni_64":1.5683114999999999e-06,"Cu_63":1.166050261e-05,"Cu_65":1.6979199999999998e-05,"Zn_64":1.46812435e-05,"Zn_66":6.991141e-05}