{"Mass":null,"C_12":0.0027173,"C_13":4.7861098e-11,"N_14":5.9966e-09,"N_15":3.42332e-09,"O_16":0.15838,"O_17":1.2256000000030184e-09,"O_18":6.739280999999999e-11,"F_19":1.12019000052492e-11,"Ne_20":0.0032446000000000245,"Ne_21":4.1386924e-08,"Ne_22":2.5747442e-05,"Na_23":9.8247000012153e-06,"Mg_24":0.00656620013492,"Mg_25":8.6965015287e-06,"Mg_26":1.749079999999984e-05,"Al_26":2.5e-322,"Al_27":0.00033271024894200005,"Si_28":0.260070024717,"Si_29":0.00035322,"Si_30":0.00031107099999999995,"P_31":0.0001626372218,"S_32":0.15481005412334878,"S_33":0.00022017040600000093,"S_34":0.00050055000010941,"S_36":1.1830689999999963e-08,"Cl_35":5.4534837e-05,"Cl_36":1.04e-322,"Cl_37":1.871168000062727e-05,"Ar_36":0.03123921798800998,"Ar_38":0.00026785000028812996,"Ar_40":1.3796581041274882e-10,"K_39":4.81272543e-05,"K_40":9.668894189587252e-09,"K_41":4.589425965275096e-06,"Ca_40":0.02979399999999419,"Ca_41":3.5e-323,"Ca_42":1.006600040943e-05,"Ca_43":2.43321073372304e-08,"Ca_44":1.852043270004475e-05,"Ca_46":9.6444e-13,"Ca_48":4.7453e-19,"Sc_45":2.518491537e-07,"Ti_46":3.99992011e-06,"Ti_47":1.334121251244e-07,"Ti_48":0.000476721531014229,"Ti_49":1.7613290520102982e-05,"Ti_50":2.4038000004791002e-11,"V_50":4.502699999952079e-10,"V_51":3.499676680015608e-05,"Cr_50":6.2192e-05,"Cr_52":0.00971128896031218,"Cr_53":0.0004495868328308545,"Cr_54":2.847916813652311e-09,"Mn_53":1.32e-321,"Mn_55":0.00186960807961604,"Fe_54":0.006588600000008184,"Fe_56":0.22958156860997758,"Fe_57":0.0012008099830009844,"Fe_58":3.8697822018e-07,"Fe_60":9.24e-322,"Co_59":2.779813999999997e-06,"Ni_58":0.00059252083248395,"Ni_59":2.5e-323,"Ni_60":4.4764242089999035e-05,"Ni_61":2.861492115e-06,"Ni_62":1.8726331499999997e-05,"Ni_64":1.6814715000000002e-07,"Cu_63":2.6346048e-06,"Cu_65":1.53146e-06,"Zn_64":1.3338228350000001e-05,"Zn_66":1.63352264e-05}