{"Mass":null,"C_12":0.00058993,"C_13":8.743200000000001e-12,"N_14":1.2811e-10,"N_15":2.23025e-11,"O_16":0.028402,"O_17":1.90560027538e-11,"O_18":8.39492e-13,"F_19":2.3425680010588e-13,"Ne_20":7.749800000001015e-05,"Ne_21":4.615348755e-09,"Ne_22":3.690023353e-05,"Na_23":6.07133000398e-07,"Mg_24":0.000118210061652,"Mg_25":7.580604258900001e-07,"Mg_26":1.7085539999999905e-06,"Al_26":2.5e-322,"Al_27":1.5192049764e-05,"Si_28":0.1179300080268,"Si_29":6.3891e-05,"Si_30":9.7669e-05,"P_31":5.35232175e-05,"S_32":0.06868703359723699,"S_33":7.10744160000007e-05,"S_34":0.0006721800013163,"S_36":2.5890809999999936e-08,"Cl_35":4.2916007999999996e-05,"Cl_36":1.04e-322,"Cl_37":1.24009000011023e-05,"Ar_36":0.013764145178189953,"Ar_38":0.0005315600039206,"Ar_40":9.472393007227413e-10,"K_39":4.8751378900000007e-05,"K_40":1.5476990699277258e-08,"K_41":3.2320385893799966e-06,"Ca_40":0.013100999999990698,"Ca_41":3.5e-323,"Ca_42":2.1185010754e-05,"Ca_43":3.27147435438e-07,"Ca_44":1.83399016057055e-05,"Ca_46":3.5102e-11,"Ca_48":1.6715e-15,"Sc_45":1.87872742e-07,"Ti_46":8.67036338e-06,"Ti_47":4.0793106078499997e-07,"Ti_48":0.0003071381814506,"Ti_49":2.0671348081093004e-05,"Ti_50":2.9244001487299995e-10,"V_50":1.4899999851269965e-09,"V_51":5.742925473544735e-05,"Cr_50":0.00016929999999998511,"Cr_52":0.006580741602710489,"Cr_53":0.0005998988237932566,"Cr_54":2.5491623298034157e-08,"Mn_53":1.32e-321,"Mn_55":0.003322240136305736,"Fe_54":0.01709400000007368,"Fe_56":0.7540187950009346,"Fe_57":0.018059198359000002,"Fe_58":3.96580018635e-08,"Fe_60":9.24e-322,"Co_59":0.0008128214655600007,"Ni_58":0.027607243212998137,"Ni_59":2.5e-323,"Ni_60":0.01425323267399982,"Ni_61":0.000536402372106,"Ni_62":0.00444664580509,"Ni_64":6.374475e-08,"Cu_63":1.76701e-06,"Cu_65":5.16214e-07,"Zn_64":6.3428275e-07,"Zn_66":6.8378119999999995e-06}