{"Mass":null,"C_12":0.00018881,"C_13":9.264473999999999e-07,"N_14":6.8584e-10,"N_15":2.32632e-07,"O_16":0.017902,"O_17":4.927350000000001e-10,"O_18":6.261303400000001e-14,"F_19":5.6061e-12,"Ne_20":0.00010293,"Ne_21":7.6068e-08,"Ne_22":2.1642249e-10,"Na_23":3.5254000000000323e-07,"Mg_24":0.00047192000000688834,"Mg_25":2.4588e-06,"Mg_26":7.183199999999975e-08,"Al_26":2.5e-322,"Al_27":2.54015000062562e-06,"Si_28":0.0789360000013696,"Si_29":1.3378e-06,"Si_30":1.29965e-06,"P_31":1.8502000008281e-05,"S_32":0.0614470000011808,"S_33":7.1707015695e-06,"S_34":6.7563000003491e-09,"S_36":3.815410999999991e-13,"Cl_35":2.0188762139600003e-06,"Cl_36":1.04e-322,"Cl_37":1.704013251e-06,"Ar_36":0.016696000019331546,"Ar_38":3.1250000037847e-09,"Ar_40":8.019007958281516e-16,"K_39":6.21890013063e-07,"K_40":6.669495992041718e-13,"K_41":4.241600184710007e-07,"Ca_39":4.44396937e-10,"Ca_40":0.020812,"Ca_41":3.5e-323,"Ca_42":2.0548000001398998e-09,"Ca_43":1.8411185464000002e-07,"Ca_44":3.7092000433714184e-05,"Ca_46":3.149e-22,"Ca_48":7.7617e-29,"Sc_45":9.503717800013129e-08,"Ti_46":1.81580056384e-11,"Ti_47":2.0606306213006893e-08,"Ti_48":0.000501706392072767,"Ti_49":1.0216970000053841e-05,"Ti_50":3.238600054976e-21,"V_50":1.7541999999944984e-17,"V_51":4.3937855047249e-08,"Cr_50":2.47e-10,"Cr_52":0.0088215298028275,"Cr_53":5.434952000065615e-07,"Cr_54":6.890328222553241e-17,"Mn_53":1.32e-321,"Mn_55":0.00016552359800031034,"Fe_54":1.344400000000035e-06,"Fe_56":0.8513069178058481,"Fe_57":0.007878389040021819,"Fe_58":1.3654520910000062e-14,"Fe_60":9.24e-322,"Co_59":0.00136681600013467,"Ni_58":0.001934199999986346,"Ni_59":2.5e-323,"Ni_60":0.0195058229,"Ni_61":0.00028397959100000004,"Ni_62":0.00019177067812,"Ni_64":1.8583455e-18,"Cu_63":3.2990928e-06,"Cu_65":4.89030029128e-09,"Zn_64":5.868399999998036e-07,"Zn_66":7.673200000011814e-13}