{"Mass":null,"C_12":0.00041959,"C_13":3.64485e-12,"N_14":2.8836e-11,"N_15":4.2225e-11,"O_16":0.020471,"O_17":1.6341048095000001e-12,"O_18":5.841144000000001e-14,"F_19":7.583510000338109e-15,"Ne_20":2.5813000000000103e-05,"Ne_21":4.98371163e-10,"Ne_22":1.570019419e-05,"Na_23":3.824900000052922e-07,"Mg_24":8.094500893480001e-05,"Mg_25":2.1029072458e-07,"Mg_26":7.520749999999968e-07,"Al_26":2.5e-322,"Al_27":9.5777177437e-06,"Si_28":0.09439800225929999,"Si_29":4.3297e-05,"Si_30":5.6340180000000005e-05,"P_31":4.420663388e-05,"S_32":0.0634860177006619,"S_33":6.132089600000001e-05,"S_34":0.0005264500002037301,"S_36":7.750569999999972e-09,"Cl_35":3.9058666e-05,"Cl_36":1.04e-322,"Cl_37":1.1043024000024652e-05,"Ar_36":0.01431009999332999,"Ar_38":0.00044473000051241,"Ar_40":3.2792767638639897e-10,"K_39":4.354418e-05,"K_40":1.2773992323613601e-08,"K_41":2.926473787579004e-06,"Ca_40":0.014641999999992324,"Ca_41":3.5e-323,"Ca_42":1.76220018656e-05,"Ca_43":4.18174106496e-07,"Ca_44":2.304764200007476e-05,"Ca_46":1.2543e-11,"Ca_48":8.9439e-17,"Sc_45":2.11930313e-07,"Ti_46":7.50111542e-06,"Ti_47":4.09435565649e-07,"Ti_48":0.00032633052644508,"Ti_49":2.1490370224372402e-05,"Ti_50":1.9490000015100998e-10,"V_50":1.4597999998489867e-09,"V_51":5.71387750289632e-05,"Cr_50":0.00013380999999999983,"Cr_52":0.006493341205287842,"Cr_53":0.0005933455691853896,"Cr_54":1.8613062274286678e-08,"Mn_53":1.32e-321,"Mn_55":0.0031516852861035844,"Fe_54":0.015086000000053704,"Fe_56":0.784205490000267,"Fe_57":0.0194170770016,"Fe_58":1.3490400000000019e-08,"Fe_60":9.24e-322,"Co_59":0.0008877206270384983,"Ni_58":0.0294932782084,"Ni_59":2.5e-323,"Ni_60":0.01564431410235759,"Ni_61":0.0005931179453300011,"Ni_62":0.0048522525900668275,"Ni_64":3.2042115e-08,"Cu_63":1.89918e-06,"Cu_65":3.1304e-07,"Zn_64":8.50443435e-07,"Zn_66":8.2783734e-06}