{"Mass":null,"C_12":0.0020805,"C_13":5.92781417e-09,"N_14":2.3365e-07,"N_15":3.26172e-09,"O_16":0.10032,"O_17":7.034100000003912e-08,"O_18":4.1582e-10,"F_19":3.08036728e-11,"Ne_20":0.00185630000010909,"Ne_21":9.6139763e-08,"Ne_22":6.7122757000000005e-06,"Na_23":6.96376124e-06,"Mg_24":0.0053807234360000004,"Mg_25":4.5332025225e-06,"Mg_26":9.230099999999963e-06,"Al_26":2.5e-322,"Al_27":0.0001773274313,"Si_28":0.276580011716,"Si_29":0.00025668,"Si_30":0.0001535556,"P_31":0.00011485553418,"S_32":0.1508700265697075,"S_33":0.0001949596260005086,"S_34":0.0005951600000538939,"S_36":4.875429999999967e-09,"Cl_35":4.89966321e-05,"Cl_36":1.04e-322,"Cl_37":1.82483300011354e-05,"Ar_36":0.028829134759969965,"Ar_38":0.00033145000011646,"Ar_40":5.1187471620810004e-11,"K_39":4.261466418e-05,"K_40":5.77699652837919e-09,"K_41":3.5937799521322984e-06,"Ca_40":0.026714999999996526,"Ca_41":3.5e-323,"Ca_42":9.10220011882e-06,"Ca_43":1.36096021749718e-08,"Ca_44":1.676747570003062e-05,"Ca_46":1.2398e-13,"Ca_48":3.088e-20,"Sc_45":1.7526349359999998e-07,"Ti_46":3.754731909e-06,"Ti_47":1.2555524792606902e-07,"Ti_48":0.0004825735420018698,"Ti_49":1.743791488501095e-05,"Ti_50":6.4455000011819e-12,"V_50":1.656899999988177e-10,"V_51":3.562813301003982e-05,"Cr_50":6.325e-05,"Cr_52":0.010673279100086655,"Cr_53":0.0004853055727301041,"Cr_54":4.124279083108374e-09,"Mn_53":1.32e-321,"Mn_55":0.0020701237210878102,"Fe_54":0.0068313000000119126,"Fe_56":0.2823551041038293,"Fe_57":0.0014599377670083094,"Fe_58":1.8853012824e-07,"Fe_60":9.24e-322,"Co_59":1.3770968999999999e-06,"Ni_58":0.00065629707337506,"Ni_59":2.5e-323,"Ni_60":3.4783591999998985e-05,"Ni_61":8.7308642e-07,"Ni_62":9.294619e-06,"Ni_64":5.181252e-08,"Cu_63":1.016385e-06,"Cu_65":8.24363e-07,"Zn_64":8.08952388e-06,"Zn_66":1.167891613e-05}