{"Mass":null,"C_12":0.00069601,"C_13":2.54317e-11,"N_14":1.2675e-09,"N_15":7.06948e-10,"O_16":0.075187,"O_17":2.18710023743e-10,"O_18":1.1040365e-11,"F_19":1.6186300005029399e-12,"Ne_20":0.0006311200000000057,"Ne_21":9.670648e-09,"Ne_22":5.8502543e-06,"Na_23":2.2006300002749902e-06,"Mg_24":0.001558600029994,"Mg_25":1.8623037016e-06,"Mg_26":3.874579999999981e-06,"Al_26":2.5e-322,"Al_27":7.5929931889e-05,"Si_28":0.1863400055842,"Si_29":0.00013704,"Si_30":9.12589e-05,"P_31":6.579021361e-05,"S_32":0.1162500199838907,"S_33":0.00011074572600000012,"S_34":0.000334400000040969,"S_36":4.262959999999984e-09,"Cl_35":3.5289613e-05,"Cl_36":1.04e-322,"Cl_37":1.312712200011305e-05,"Ar_36":0.024479099512639928,"Ar_38":0.00021493000012101,"Ar_40":5.938979282235457e-11,"K_39":3.6169827010000004e-05,"K_40":6.311496207177645e-09,"K_41":3.4795210925517e-06,"Ca_40":0.024084999999996207,"Ca_41":3.5e-323,"Ca_42":8.18140018461e-06,"Ca_43":1.426350676696e-07,"Ca_44":2.220887240000664e-05,"Ca_46":3.3215e-13,"Ca_48":2.0405e-19,"Sc_45":1.876447008e-07,"Ti_46":3.1964502600000002e-06,"Ti_47":1.5126003990677e-07,"Ti_48":0.0004810297080057622,"Ti_49":1.680433190004271e-05,"Ti_50":1.2377000008396601e-11,"V_50":2.606899999916028e-10,"V_51":3.372750467020922e-05,"Cr_50":5.0364999999999996e-05,"Cr_52":0.01035360144028641,"Cr_53":0.00046967848479082495,"Cr_54":2.199800660629648e-09,"Mn_53":1.32e-321,"Mn_55":0.001999775695988363,"Fe_54":0.0057318000000063365,"Fe_56":0.5306389536019978,"Fe_57":0.006096073706200051,"Fe_58":5.0458338896000004e-08,"Fe_60":9.24e-322,"Co_59":0.00013402243009999994,"Ni_58":0.002140934558661104,"Ni_59":2.5e-323,"Ni_60":0.0069446075429999005,"Ni_61":0.000168731649689,"Ni_62":0.0004944618703,"Ni_64":5.2691969999999997e-08,"Cu_63":7.6988e-07,"Cu_65":4.8771e-07,"Zn_64":3.4335309299999996e-06,"Zn_66":9.658608999999999e-06}