{"Mass":null,"C_12":0.0020782,"C_13":5.318635999999999e-07,"N_14":1.3325e-08,"N_15":1.7560089999999998e-06,"O_16":0.094067,"O_17":5.6348e-10,"O_18":2.8473124999999997e-11,"F_19":2.8402800000000645e-10,"Ne_20":0.001894,"Ne_21":1.9231000000000002e-08,"Ne_22":4.726613000000001e-09,"Na_23":4.928500000002545e-06,"Mg_24":0.00785520000043221,"Mg_25":2.5118999999999996e-06,"Mg_26":1.2287799999999884e-06,"Al_26":2.5e-322,"Al_27":4.2201700042493e-05,"Si_28":0.263990000037494,"Si_29":2.7371e-05,"Si_30":1.60437e-05,"P_31":7.031640024189999e-05,"S_32":0.15460000001594001,"S_33":3.9805013025e-05,"S_34":9.7256000045449e-09,"S_36":2.4488719999999925e-12,"Cl_35":2.4620128705e-06,"Cl_36":1.04e-322,"Cl_37":4.785573319000001e-06,"Ar_36":0.032225000124390675,"Ar_38":9.249100257339999e-10,"Ar_40":1.0576738691004059e-15,"K_39":5.56240044344e-07,"K_40":2.1197987261308997e-12,"K_41":5.335300488620044e-07,"Ca_39":4.53955656e-10,"Ca_40":0.032066,"Ca_41":3.5e-323,"Ca_42":1.746000004485e-10,"Ca_43":6.385316507713011e-11,"Ca_44":2.11820008811567e-05,"Ca_46":4.0822e-21,"Ca_48":4.2745e-28,"Sc_45":7.196722500047059e-08,"Ti_46":1.4674020207e-11,"Ti_47":8.530738057340762e-10,"Ti_48":0.0005647340074004999,"Ti_49":1.014766200026013e-05,"Ti_50":3.018000004502e-20,"V_50":4.401699999995488e-17,"V_51":4.9630200098758006e-08,"Cr_50":9.8348e-10,"Cr_52":0.011812833512739,"Cr_53":5.948581000038346e-05,"Cr_54":2.6048817875554426e-16,"Mn_53":1.32e-321,"Mn_55":0.0001387102060001024,"Fe_54":2.4280000000032453e-05,"Fe_56":0.2973829135070607,"Fe_57":0.0007913873360012818,"Fe_58":1.7307345060000056e-14,"Fe_60":9.24e-322,"Co_59":7.097340005075093e-06,"Ni_58":1.9267229982693e-05,"Ni_59":2.5e-323,"Ni_60":4.509562160000002e-06,"Ni_61":5.1154601810000006e-09,"Ni_62":5.2796694697e-10,"Ni_64":1.1389184999999998e-21,"Cu_63":1.4477932e-11,"Cu_65":3.69770040055e-15,"Zn_64":8.238799998796266e-13,"Zn_66":4.464900022903e-18}