{"Mass":null,"C_12":0.0060237,"C_13":2.059452e-07,"N_14":1.525e-07,"N_15":2.93771e-06,"O_16":0.21096,"O_17":3.036385e-09,"O_18":3.0387233e-10,"F_19":2.5299000000000775e-09,"Ne_20":0.009655200000000001,"Ne_21":3.16958e-08,"Ne_22":3.7580980000000004e-08,"Na_23":1.9253100000044727e-05,"Mg_24":0.0186390000042621,"Mg_25":1.3291000000000001e-06,"Mg_26":5.119099999999963e-06,"Al_26":2.5e-322,"Al_27":0.00012032400037116,"Si_28":0.27330000016975,"Si_29":5.7298e-05,"Si_30":3.41096e-05,"P_31":0.0001184670011482,"S_32":0.16203000004832813,"S_33":5.6527026653e-05,"S_34":2.445500001132e-08,"S_36":3.8623579999999695e-12,"Cl_35":2.7831163105999998e-06,"Cl_36":1.04e-322,"Cl_37":4.433002980000003e-06,"Ar_36":0.03349400019605272,"Ar_38":1.171200030959e-09,"Ar_40":9.732079085639697e-16,"K_39":5.225000392929999e-07,"K_40":2.076598752091436e-12,"K_41":4.075100480610051e-07,"Ca_39":4.46440707e-10,"Ca_40":0.03233,"Ca_41":3.5e-323,"Ca_42":1.940200002769e-10,"Ca_43":4.648563011610214e-11,"Ca_44":1.89840010779853e-05,"Ca_46":5.2302e-21,"Ca_48":7.603e-28,"Sc_45":5.297991000037287e-08,"Ti_46":1.6093012979999998e-11,"Ti_47":4.640741998254805e-10,"Ti_48":0.00040533285348749997,"Ti_49":7.68293800028217e-06,"Ti_50":1.5103000042492e-20,"V_50":1.7179999999957466e-17,"V_51":1.559379102983e-08,"Cr_50":3.5181e-10,"Cr_52":0.0057782561380272,"Cr_53":3.0442290000240792e-05,"Cr_54":1.0485379863609446e-16,"Mn_53":1.32e-321,"Mn_55":6.85160448000506e-05,"Fe_54":1.274000000002351e-05,"Fe_56":0.0963751520033949,"Fe_57":0.00026807976020058136,"Fe_58":1.9449250060000048e-14,"Fe_60":9.24e-322,"Co_59":3.6243000072172973e-06,"Ni_58":1.2904385980551002e-05,"Ni_59":2.5e-323,"Ni_60":3.410547580000002e-06,"Ni_61":3.1812340370000004e-09,"Ni_62":1.18556333481e-10,"Ni_64":2.3716245000000004e-22,"Cu_63":7.6784167e-13,"Cu_65":1.3235108199999999e-18,"Zn_64":1.85219997493405e-15,"Zn_66":2.7303000076165e-20}