{"Mass":null,"C_12":0.00078673,"C_13":1.61499e-11,"N_14":4.8345e-10,"N_15":3.62141e-10,"O_16":0.05065,"O_17":1.0002001121899999e-10,"O_18":5.124229e-12,"F_19":1.0636100001787301e-12,"Ne_20":0.0004917700000000038,"Ne_21":7.4553234e-09,"Ne_22":9.227266999999999e-06,"Na_23":2.2238000001577597e-06,"Mg_24":0.000893610030884,"Mg_25":1.6196020921e-06,"Mg_26":4.051599999999955e-06,"Al_26":2.5e-322,"Al_27":5.7295586663000005e-05,"Si_28":0.1598900061972,"Si_29":0.00011386,"Si_30":0.00010777849999999999,"P_31":7.986374032e-05,"S_32":0.1074400221470853,"S_33":0.00011947640700000011,"S_34":0.000635900000088453,"S_36":5.420299999999987e-09,"Cl_35":5.1873608999999995e-05,"Cl_36":1.04e-322,"Cl_37":1.619533500019205e-05,"Ar_36":0.02431712370409992,"Ar_38":0.00045625000032268,"Ar_40":1.140461073363843e-10,"K_39":5.4025367300000004e-05,"K_40":1.0162993892663615e-08,"K_41":4.122511949069592e-06,"Ca_40":0.025417999999993893,"Ca_41":3.5e-323,"Ca_42":1.627500041887e-05,"Ca_43":2.639850931831e-07,"Ca_44":2.691029420000829e-05,"Ca_46":1.1678e-12,"Ca_48":1.5177e-18,"Sc_45":2.640578445e-07,"Ti_46":6.89832349e-06,"Ti_47":2.8667994918437996e-07,"Ti_48":0.000485195215022492,"Ti_49":2.3008528350177263e-05,"Ti_50":3.8629000080737996e-11,"V_50":7.006199999192604e-10,"V_51":5.170439240219283e-05,"Cr_50":9.375699999999992e-05,"Cr_52":0.009913045501437703,"Cr_53":0.0006282762965369813,"Cr_54":8.400276760845973e-09,"Mn_53":1.32e-321,"Mn_55":0.003012629871513912,"Fe_54":0.01111400000002423,"Fe_56":0.5718991360012546,"Fe_57":0.008787311446800039,"Fe_58":2.491792836e-08,"Fe_60":9.24e-322,"Co_59":0.0002797806512999997,"Ni_58":0.006708582180071639,"Ni_59":2.5e-323,"Ni_60":0.008543979879999813,"Ni_61":0.00024842254687,"Ni_62":0.0012409217386,"Ni_64":9.19302e-08,"Cu_63":1.06941e-06,"Cu_65":6.214e-07,"Zn_64":2.9560838e-06,"Zn_66":1.4652569300000001e-05}