{"Mass":null,"C_12":0.054974,"C_13":9.548252869999999e-07,"N_14":0.00011294,"N_15":1.05795e-07,"O_16":0.3104200000000002,"O_17":8.272600000000045e-05,"O_18":2.4720699999999997e-07,"F_19":2.694458e-09,"Ne_20":0.004046800015115,"Ne_21":9.540389499999999e-06,"Ne_22":0.001327123535,"Na_23":0.00040668043,"Mg_24":0.005547435900000001,"Mg_25":0.0004399200091006,"Mg_26":0.0001444666999999989,"Al_26":2.5e-322,"Al_27":0.00049771954,"Si_28":0.19671056291,"Si_29":0.00059265,"Si_30":0.0008715905000000001,"P_31":0.000355706953,"S_32":0.11979020407916,"S_33":0.00033898671010281997,"S_34":0.0012474000023424,"S_36":6.228827999999965e-08,"Cl_35":9.1866663e-05,"Cl_36":1.04e-322,"Cl_37":2.2980970010061e-05,"Ar_36":0.02423362991971995,"Ar_38":0.0005767600011228999,"Ar_40":1.0394181879999022e-09,"K_39":6.654634090000001e-05,"K_40":3.02659818120001e-08,"K_41":5.554192822167002e-06,"Ca_40":0.02285299999998181,"Ca_41":3.5e-323,"Ca_42":2.5798002736e-05,"Ca_43":8.653816084599891e-08,"Ca_44":1.3200299500120731e-05,"Ca_46":2.1198e-11,"Ca_48":3.5285e-17,"Sc_45":2.90075733e-07,"Ti_46":8.6368748e-06,"Ti_47":2.5137772012015e-07,"Ti_48":0.00019058877239163,"Ti_49":1.35192306033366e-05,"Ti_50":3.5384000000206587e-10,"V_50":3.1821999999979267e-09,"V_51":2.7681313301500447e-05,"Cr_50":8.0984e-05,"Cr_52":0.0025140162314754018,"Cr_53":0.0002474015918293412,"Cr_54":6.541051465756824e-09,"Mn_53":1.32e-321,"Mn_55":0.0011078666516760002,"Fe_54":0.007740500000018527,"Fe_56":0.040741292320101895,"Fe_57":0.0005319649002411599,"Fe_58":1.857246021933e-05,"Fe_60":9.24e-322,"Co_59":1.2637726200000002e-05,"Ni_58":0.000621768539872966,"Ni_59":2.5e-323,"Ni_60":9.533350758899806e-05,"Ni_61":5.6572271264000005e-06,"Ni_62":6.988233519999999e-05,"Ni_64":1.9823910000000002e-07,"Cu_63":4.322744399999999e-06,"Cu_65":2.5742e-06,"Zn_64":1.6627047899999998e-05,"Zn_66":4.28700102e-05}