{"Mass":null,"C_12":0.00059707,"C_13":9.0937e-12,"N_14":1.2778e-10,"N_15":5.6745999999999996e-11,"O_16":0.029244,"O_17":2.00570027378e-11,"O_18":8.675290000000001e-13,"F_19":2.4437080011924e-13,"Ne_20":7.914100000001105e-05,"Ne_21":4.841549365e-09,"Ne_22":3.6900308340000006e-05,"Na_23":7.0236700043201e-07,"Mg_24":7.3191067929e-05,"Mg_25":7.4437042453e-07,"Mg_26":1.821129999999988e-06,"Al_26":2.5e-322,"Al_27":1.0607704408e-05,"Si_28":0.1005900078564,"Si_29":5.244e-05,"Si_30":7.658423e-05,"P_31":4.6604866199999995e-05,"S_32":0.06925803152113601,"S_33":6.286849700000079e-05,"S_34":0.0006048700014599,"S_36":2.755773999999999e-08,"Cl_35":4.2415627e-05,"Cl_36":1.04e-322,"Cl_37":1.24148500012465e-05,"Ar_36":0.01582614269625998,"Ar_38":0.0005257100043416,"Ar_40":1.0654102796513028e-09,"K_39":5.28617707e-05,"K_40":1.71059897203487e-08,"K_41":3.732953798399999e-06,"Ca_40":0.01633899999998972,"Ca_41":3.5e-323,"Ca_42":2.4318012455e-05,"Ca_43":3.34453508758e-07,"Ca_44":2.14262495070245e-05,"Ca_46":4.1873e-11,"Ca_48":2.1114e-15,"Sc_45":2.52520967e-07,"Ti_46":9.720340759999999e-06,"Ti_47":4.31229301796e-07,"Ti_48":0.0003468017419773,"Ti_49":2.328882664609201e-05,"Ti_50":3.07830017937e-10,"V_50":1.4972999820629964e-09,"V_51":6.217457994155861e-05,"Cr_50":0.00014619999999998206,"Cr_52":0.007164486003131589,"Cr_53":0.0006570982918122854,"Cr_54":1.7495957455933976e-08,"Mn_53":1.32e-321,"Mn_55":0.0036013850236063494,"Fe_54":0.017030000000050532,"Fe_56":0.7637233920009822,"Fe_57":0.018194446707,"Fe_58":3.61550018913e-08,"Fe_60":9.24e-322,"Co_59":0.0008122893902499999,"Ni_58":0.02769524427499811,"Ni_59":2.5e-323,"Ni_60":0.014240649508999802,"Ni_61":0.0005359034023485,"Ni_62":0.0044427975429300005,"Ni_64":6.300675e-08,"Cu_63":1.78824e-06,"Cu_65":5.26606e-07,"Zn_64":6.112107499999999e-07,"Zn_66":6.872944e-06}