{"Mass":null,"C_12":0.0062218,"C_13":1.7326036694e-07,"N_14":2.6257e-06,"N_15":4.4451e-09,"O_16":0.237,"O_17":1.3828000000000344e-06,"O_18":6.2862e-09,"F_19":4.9058649e-10,"Ne_20":0.008230100004152101,"Ne_21":3.0830407829999998e-06,"Ne_22":0.00013751406199999998,"Na_23":8.117158e-05,"Mg_24":0.0059534733000000005,"Mg_25":0.0001827500012915,"Mg_26":0.00027121899999999724,"Al_26":2.5e-322,"Al_27":0.00087442669,"Si_28":0.24647154529999998,"Si_29":0.0015562,"Si_30":0.0026477763000000002,"P_31":0.00074388054,"S_32":0.1519710546235,"S_33":0.00048568755026075,"S_34":0.00294680013864,"S_36":7.12250599999997e-07,"Cl_35":0.000212056208,"Cl_36":1.04e-322,"Cl_37":2.9927300311519996e-05,"Ar_36":0.0299201850794,"Ar_38":0.00113570013364,"Ar_40":1.6385090020563845e-08,"K_39":9.8128233e-05,"K_40":1.4979990997943615e-07,"K_41":6.5166568773e-06,"Ca_40":0.02766399999990998,"Ca_41":3.5e-323,"Ca_42":4.9012133019999994e-05,"Ca_43":2.010038219020691e-07,"Ca_44":1.5963997240170002e-05,"Ca_46":5.1605e-10,"Ca_48":9.6704e-15,"Sc_45":4.4933268e-07,"Ti_46":1.5538564000000002e-05,"Ti_47":5.272660315857801e-07,"Ti_48":0.00027737126345199996,"Ti_49":2.375603812328002e-05,"Ti_50":1.972800030755e-09,"V_50":6.854299969244984e-09,"V_51":6.162779503465099e-05,"Cr_50":0.00022898999999996922,"Cr_52":0.004599948704802881,"Cr_53":0.0005234903126893349,"Cr_54":1.644675306267006e-08,"Mn_53":1.32e-321,"Mn_55":0.0026578478498400057,"Fe_54":0.02298700000004692,"Fe_56":0.08971602344617,"Fe_57":0.0012403515040508,"Fe_58":5.289906199000001e-06,"Fe_60":9.24e-322,"Co_59":1.3344483099999996e-05,"Ni_58":0.00192124299404136,"Ni_59":2.5e-323,"Ni_60":0.00018731058941999853,"Ni_61":4.8711791598e-05,"Ni_62":0.00028999865707,"Ni_64":1.5754454999999999e-06,"Cu_63":1.157245112e-05,"Cu_65":1.76278e-05,"Zn_64":1.37174895e-05,"Zn_66":7.125460000000001e-05}