{"Mass":null,"C_12":0.003622,"C_13":4.460243e-07,"N_14":1.8101e-08,"N_15":2.45541e-06,"O_16":0.13096,"O_17":5.2804e-10,"O_18":4.0232844e-11,"F_19":6.141100000000054e-10,"Ne_20":0.0036437,"Ne_21":2.0867700000000002e-08,"Ne_22":9.23537e-09,"Na_23":9.185600000004488e-06,"Mg_24":0.01329400000089646,"Mg_25":2.12211e-06,"Mg_26":2.3453899999999866e-06,"Al_26":2.5e-322,"Al_27":7.447060008638299e-05,"Si_28":0.304950000073736,"Si_29":4.4353e-05,"Si_30":2.55352e-05,"P_31":9.791280047759e-05,"S_32":0.17093000002841005,"S_33":5.6834020280999995e-05,"S_34":1.71620000074223e-08,"S_36":3.720588999999998e-12,"Cl_35":2.5278030183999998e-06,"Cl_36":1.04e-322,"Cl_37":5.928202610000002e-06,"Ar_36":0.03432300018894049,"Ar_38":1.3210000366950001e-09,"Ar_40":1.422099633916727e-15,"K_39":5.17150058966e-07,"K_40":2.8282983003660834e-12,"K_41":5.632600570920066e-07,"Ca_39":4.20871034e-10,"Ca_40":0.032745,"Ca_41":3.5e-323,"Ca_42":2.6035000053108e-10,"Ca_43":6.338578044916332e-11,"Ca_44":1.9482001002836602e-05,"Ca_46":5.7905e-21,"Ca_48":6.238e-28,"Sc_45":7.206506200058471e-08,"Ti_46":1.6549025055e-11,"Ti_47":5.458026159421513e-10,"Ti_48":0.0004432610023455,"Ti_49":8.2586530002465e-06,"Ti_50":3.5447000042489e-20,"V_50":4.67409999999574e-17,"V_51":2.1045979067998e-08,"Cr_50":3.7275e-10,"Cr_52":0.0074979736090005,"Cr_53":3.469243000022308e-05,"Cr_54":1.73190665895847e-16,"Mn_53":1.32e-321,"Mn_55":8.736231860005116e-05,"Fe_54":1.5724000000030233e-05,"Fe_56":0.146481486104304,"Fe_57":0.00038433319100062346,"Fe_58":1.724326548000005e-14,"Fe_60":9.24e-322,"Co_59":6.1526200054938e-06,"Ni_58":1.6471939982757e-05,"Ni_59":2.5e-323,"Ni_60":3.921478670000001e-06,"Ni_61":5.008414611e-09,"Ni_62":1.90708121893e-10,"Ni_64":3.779298e-22,"Cu_63":1.4280916000000001e-12,"Cu_65":2.302592972e-18,"Zn_64":1.3893999600562e-15,"Zn_66":9.884600049053001e-19}