{"Mass":null,"C_12":0.0068922,"C_13":3.9128536e-09,"N_14":4.7003e-07,"N_15":5.74525e-09,"O_16":0.1857,"O_17":1.5915000000009158e-07,"O_18":2.50691e-09,"F_19":1.1483717949999999e-10,"Ne_20":0.00661680000028557,"Ne_21":4.8400489e-07,"Ne_22":5.5351394000000004e-05,"Na_23":2.872203495e-05,"Mg_24":0.012226066373000001,"Mg_25":3.2771006079200005e-05,"Mg_26":6.43689999999993e-05,"Al_26":2.5e-322,"Al_27":0.000724884365,"Si_28":0.33769016261,"Si_29":0.00073673,"Si_30":0.0009346490000000001,"P_31":0.0004003789032,"S_32":0.15993015218783999,"S_33":0.00047357058003136797,"S_34":0.0019515000039364999,"S_36":3.9624909999999865e-08,"Cl_35":0.00012379575799999998,"Cl_36":1.04e-322,"Cl_37":3.3925510022005e-05,"Ar_36":0.025343608112089955,"Ar_38":0.0009466100017292,"Ar_40":5.384246574871347e-10,"K_39":8.66950242e-05,"K_40":2.4390985342512865e-08,"K_41":6.200534441197996e-06,"Ca_40":0.01861899999998534,"Ca_41":3.5e-323,"Ca_42":2.78370013957e-05,"Ca_43":5.809203275492857e-08,"Ca_44":8.285056400573901e-06,"Ca_46":5.3518e-12,"Ca_48":3.565e-18,"Sc_45":2.63358481e-07,"Ti_46":1.1103499250000001e-05,"Ti_47":2.71482357987259e-07,"Ti_48":0.00012353085908043402,"Ti_49":1.088780850070786e-05,"Ti_50":1.89650000054208e-10,"V_50":2.3291999999457868e-09,"V_51":2.7198814001357614e-05,"Cr_50":0.00013049999999999995,"Cr_52":0.0016692900115602017,"Cr_53":0.00020030072550735343,"Cr_54":1.904077519639889e-08,"Mn_53":1.32e-321,"Mn_55":0.0009373470605040008,"Fe_54":0.01004600000005478,"Fe_56":0.025692009940726002,"Fe_57":0.00037729301060167005,"Fe_58":1.0735038436e-06,"Fe_60":9.24e-322,"Co_59":5.369635029999999e-06,"Ni_58":0.000681876296213726,"Ni_59":2.5e-323,"Ni_60":0.0001172101841729989,"Ni_61":8.6086483002e-06,"Ni_62":5.95494606e-05,"Ni_64":6.620474999999999e-07,"Cu_63":7.554653e-06,"Cu_65":4.4329e-06,"Zn_64":2.84100275e-05,"Zn_66":5.5160916e-05}