{"Mass":null,"C_12":0.0036329,"C_13":3.452862601e-08,"N_14":6.9569e-07,"N_15":3.13296e-09,"O_16":0.14306,"O_17":2.551500000000397e-07,"O_18":1.20307e-09,"F_19":8.0081807e-11,"Ne_20":0.0035227000005844103,"Ne_21":3.8085667e-07,"Ne_22":2.3500872e-05,"Na_23":1.83858582e-05,"Mg_24":0.00639284657,"Mg_25":1.82300027527e-05,"Mg_26":3.3237399999999825e-05,"Al_26":2.5e-322,"Al_27":0.00039505692,"Si_28":0.274830073645,"Si_29":0.00048093,"Si_30":0.0005664372,"P_31":0.0002783111588,"S_32":0.166680099129361,"S_33":0.00035189458100704695,"S_34":0.0015825000015185998,"S_36":2.5225039999999942e-08,"Cl_35":0.000105073152,"Cl_36":1.04e-322,"Cl_37":3.0357850023159e-05,"Ar_36":0.0345984278729599,"Ar_38":0.0008450000017875001,"Ar_40":3.911129213762605e-10,"K_39":8.60137912e-05,"K_40":2.1501987078623738e-08,"K_41":6.641537848149997e-06,"Ca_40":0.03391199999998708,"Ca_41":3.5e-323,"Ca_42":2.78890011898e-05,"Ca_43":5.39002300895066e-08,"Ca_44":2.099353510086141e-05,"Ca_46":3.9171e-12,"Ca_48":2.8997e-18,"Sc_45":3.6529489400000003e-07,"Ti_46":1.124738557e-05,"Ti_47":3.0125628336608e-07,"Ti_48":0.00041777553106219,"Ti_49":2.2631259360507152e-05,"Ti_50":1.36950000095055e-10,"V_50":1.8981999999049403e-09,"V_51":4.8851460401844135e-05,"Cr_50":0.0001204899999999999,"Cr_52":0.0073543328017769026,"Cr_53":0.000515935617508573,"Cr_54":1.29787026803935e-08,"Mn_53":1.32e-321,"Mn_55":0.0023328230299509,"Fe_54":0.012381000000037305,"Fe_56":0.15252737452539628,"Fe_57":0.00125127199017035,"Fe_58":6.499265358000001e-07,"Fe_60":9.24e-322,"Co_59":2.922621799999999e-06,"Ni_58":0.00108247362388403,"Ni_59":2.5e-323,"Ni_60":8.663783941999844e-05,"Ni_61":4.433884347e-06,"Ni_62":4.10407552e-05,"Ni_64":4.524432e-07,"Cu_63":4.6529085e-06,"Cu_65":3.04688e-06,"Zn_64":1.7562180799999997e-05,"Zn_66":4.5807e-05}