{"Mass":null,"C_12":0.0065324,"C_13":7.462878535e-08,"N_14":2.4499e-06,"N_15":8.7607e-09,"O_16":0.23782,"O_17":1.0929000000000624e-06,"O_18":6.7615e-09,"F_19":2.5602537000000005e-10,"Ne_20":0.009328200001284,"Ne_21":1.388892105e-06,"Ne_22":6.187923100000001e-05,"Na_23":5.282238e-05,"Mg_24":0.01022941134,"Mg_25":8.66060035412e-05,"Mg_26":0.00013581299999999963,"Al_26":2.5e-322,"Al_27":0.0008770341300000001,"Si_28":0.27802042698,"Si_29":0.00090558,"Si_30":0.001280852,"P_31":0.000446193472,"S_32":0.15340026992383,"S_33":0.000382599400044999,"S_34":0.00129560001287,"S_36":8.250353999999982e-08,"Cl_35":0.00011512929499999999,"Cl_36":1.04e-322,"Cl_37":2.1437340052513002e-05,"Ar_36":0.028014749150459973,"Ar_38":0.0004996100078873,"Ar_40":1.2848232959758215e-09,"K_39":5.5203458100000004e-05,"K_40":3.8765976704024176e-08,"K_41":4.2838419541399916e-06,"Ca_40":0.023967999999976702,"Ca_41":3.5e-323,"Ca_42":2.0101004714299998e-05,"Ca_43":7.66180310629256e-08,"Ca_44":1.2728249003660699e-05,"Ca_46":2.3623e-11,"Ca_48":4.4487e-17,"Sc_45":2.35994902e-07,"Ti_46":6.4217380999999996e-06,"Ti_47":2.5352576624395e-07,"Ti_48":0.00025559793644999,"Ti_49":1.64576053037607e-05,"Ti_50":3.5443000021253e-10,"V_50":3.055999999787463e-09,"V_51":3.831072550274124e-05,"Cr_50":0.00012119999999999979,"Cr_52":0.0041218138015492066,"Cr_53":0.0003434798321528268,"Cr_54":5.125785534112705e-09,"Mn_53":1.32e-321,"Mn_55":0.0015675008790170014,"Fe_54":0.01123600000001446,"Fe_56":0.076616774734497,"Fe_57":0.0007492374210884,"Fe_58":3.9467642067e-06,"Fe_60":9.24e-322,"Co_59":1.0424786599999987e-05,"Ni_58":0.00085407423598613,"Ni_59":2.5e-323,"Ni_60":0.0001159641712499975,"Ni_61":1.99757172275e-05,"Ni_62":9.92510805e-05,"Ni_64":9.664109999999999e-07,"Cu_63":9.6356977e-06,"Cu_65":5.4615e-06,"Zn_64":2.2811859e-05,"Zn_66":4.7856183000000005e-05}