{"Mass":null,"C_12":0.0020392,"C_13":2.071858593e-08,"N_14":3.0686e-07,"N_15":1.5346900000000002e-09,"O_16":0.10212,"O_17":1.111400000000634e-07,"O_18":6.8444e-10,"F_19":4.04560652e-11,"Ne_20":0.00184950000027216,"Ne_21":2.08942546e-07,"Ne_22":8.760292300000001e-06,"Na_23":9.8340049e-06,"Mg_24":0.004015471989,"Mg_25":1.15120013111e-05,"Mg_26":2.0761599999999798e-05,"Al_26":2.5e-322,"Al_27":0.000235009808,"Si_28":0.277200058302,"Si_29":0.00033807,"Si_30":0.0003710408,"P_31":0.0001958797816,"S_32":0.14862006914064502,"S_33":0.00026321692600905273,"S_34":0.0013228000021389,"S_36":1.7307149999999953e-08,"Cl_35":8.466467399999999e-05,"Cl_36":1.04e-322,"Cl_37":2.5144750017279e-05,"Ar_36":0.02742430788684991,"Ar_38":0.0007449700013404999,"Ar_40":2.67979601191913e-10,"K_39":7.09691134e-05,"K_40":1.5976990398808087e-08,"K_41":5.071537738572008e-06,"Ca_40":0.0247279999999904,"Ca_41":3.5e-323,"Ca_42":2.2202000848309997e-05,"Ca_43":3.94114221037391e-08,"Ca_44":1.533060180066402e-05,"Ca_46":2.5679e-12,"Ca_48":2.3004e-18,"Sc_45":2.3390684200000001e-07,"Ti_46":9.13236209e-06,"Ti_47":2.7020184111486e-07,"Ti_48":0.000443518550043896,"Ti_49":2.225092610037175e-05,"Ti_50":1.0240000012294e-10,"V_50":1.4224999998770566e-09,"V_51":5.385916840192255e-05,"Cr_50":0.00014004999999999985,"Cr_52":0.010023290701631604,"Cr_53":0.0006331693510075755,"Cr_54":1.6388689744963564e-08,"Mn_53":1.32e-321,"Mn_55":0.0030967517636607002,"Fe_54":0.014340000000047235,"Fe_56":0.27579433351677796,"Fe_57":0.0020023464501913997,"Fe_58":3.5958079314e-07,"Fe_60":9.24e-322,"Co_59":1.9789651999999966e-06,"Ni_58":0.0013841837314404598,"Ni_59":2.5e-323,"Ni_60":6.301409123999851e-05,"Ni_61":2.26983051e-06,"Ni_62":2.6576172599999998e-05,"Ni_64":2.7079065000000003e-07,"Cu_63":2.5979231e-06,"Cu_65":1.87596e-06,"Zn_64":1.0376379849999999e-05,"Zn_66":3.2798755e-05}