{"Mass":null,"C_12":0.0026878,"C_13":4.0992481100000004e-10,"N_14":2.5823e-08,"N_15":5.24235e-10,"O_16":0.16674,"O_17":1.1174000000005386e-08,"O_18":3.150825e-10,"F_19":3.80407799941e-11,"Ne_20":0.0028766000000087595,"Ne_21":3.4462790540000004e-07,"Ne_22":0.000102960818,"Na_23":1.853315030501e-05,"Mg_24":0.0032352071773,"Mg_25":4.456200030352e-05,"Mg_26":6.983979999999941e-05,"Al_26":2.5e-322,"Al_27":0.000467914081,"Si_28":0.26249037378,"Si_29":0.00088475,"Si_30":0.0017085779999999999,"P_31":0.000489733017,"S_32":0.14400060698359998,"S_33":0.000389682720010547,"S_34":0.002711700050085,"S_36":4.244916999999995e-07,"Cl_35":0.0001644669309,"Cl_36":1.04e-322,"Cl_37":3.129680014012e-05,"Ar_36":0.02611347571829997,"Ar_38":0.001289000076733,"Ar_40":1.0443062467540799e-08,"K_39":0.000108199747,"K_40":1.039499375324592e-07,"K_41":7.003186380899982e-06,"Ca_40":0.023191999999937533,"Ca_41":3.5e-323,"Ca_42":5.092708783e-05,"Ca_43":1.6066550950296362e-07,"Ca_44":1.4124199174099999e-05,"Ca_46":3.7556e-10,"Ca_48":7.5345e-15,"Sc_45":3.8693225e-07,"Ti_46":1.84306876e-05,"Ti_47":5.6572435018526e-07,"Ti_48":0.000373261252933,"Ti_49":2.717052182827003e-05,"Ti_50":1.8966000411279998e-09,"V_50":6.668199958871984e-09,"V_51":7.552651104597229e-05,"Cr_50":0.00029761999999995887,"Cr_52":0.00814222960558236,"Cr_53":0.0007475382844216646,"Cr_54":3.3902182284433875e-08,"Mn_53":1.32e-321,"Mn_55":0.003978037248710903,"Fe_54":0.028231000000097678,"Fe_56":0.21284096818025,"Fe_57":0.00225478675922516,"Fe_58":8.918167736e-07,"Fe_60":9.24e-322,"Co_59":5.425583399999994e-06,"Ni_58":0.00254906285393032,"Ni_59":2.5e-323,"Ni_60":0.000139509974409997,"Ni_61":1.9095765341000003e-05,"Ni_62":0.00019283915977,"Ni_64":9.535575e-07,"Cu_63":6.99255425e-06,"Cu_65":1.15728e-05,"Zn_64":9.7513175e-06,"Zn_66":6.0987944e-05}