{"Mass":null,"C_12":0.054945,"C_13":9.43614772e-07,"N_14":0.00011294,"N_15":1.05821e-07,"O_16":0.3080600000000002,"O_17":8.257500000000037e-05,"O_18":2.47267e-07,"F_19":2.6938653e-09,"Ne_20":0.004027900015097,"Ne_21":9.53419018e-06,"Ne_22":0.001327322857,"Na_23":0.00040465283,"Mg_24":0.0064439289,"Mg_25":0.00043996000916009996,"Mg_26":0.00014327049999999903,"Al_26":2.5e-322,"Al_27":0.00054616343,"Si_28":0.23233058417000002,"Si_29":0.00061882,"Si_30":0.0009207938999999999,"P_31":0.000354401656,"S_32":0.1210102072946,"S_33":0.00033997657010583,"S_34":0.0012242000023340999,"S_36":6.248953999999973e-08,"Cl_35":8.37235972e-05,"Cl_36":1.04e-322,"Cl_37":2.1828920009920597e-05,"Ar_36":0.02044762456345994,"Ar_38":0.0005574900010471,"Ar_40":9.444158160962608e-10,"K_39":5.93196665e-05,"K_40":2.6318984183903737e-08,"K_41":4.750937919878995e-06,"Ca_40":0.015757999999984184,"Ca_41":3.5e-323,"Ca_42":2.2706002313e-05,"Ca_43":7.424185686566143e-08,"Ca_44":7.3147114001145005e-06,"Ca_46":1.8428e-11,"Ca_48":2.8672e-17,"Sc_45":2.24587718e-07,"Ti_46":7.75965438e-06,"Ti_47":2.26595082969658e-07,"Ti_48":9.71374723275e-05,"Ti_49":9.382086802954101e-06,"Ti_50":3.1953000000144476e-10,"V_50":2.8865999999985482e-09,"V_51":2.2798520201075166e-05,"Cr_50":9.6793e-05,"Cr_52":0.001230547731180401,"Cr_53":0.00016427938618719825,"Cr_54":7.21997947143046e-09,"Mn_53":1.32e-321,"Mn_55":0.000770975891962,"Fe_54":0.00800350000002052,"Fe_56":0.0180299002200126,"Fe_57":0.00033273260024045003,"Fe_58":1.857182021793e-05,"Fe_60":9.24e-322,"Co_59":1.2762636529999996e-05,"Ni_58":0.000558576179820577,"Ni_59":2.5e-323,"Ni_60":9.753924302599802e-05,"Ni_61":5.607277717499999e-06,"Ni_62":6.8867677e-05,"Ni_64":1.8684929999999998e-07,"Cu_63":4.1616225e-06,"Cu_65":2.4603e-06,"Zn_64":1.73882517e-05,"Zn_66":4.079988053e-05}