{"Mass":null,"C_12":0.0060691,"C_13":9.798880000000001e-08,"N_14":1.5171e-07,"N_15":3.0863400000000003e-06,"O_16":0.21346,"O_17":3.017682e-09,"O_18":3.0392243e-10,"F_19":2.5242300000000782e-09,"Ne_20":0.009702100000000002,"Ne_21":5.3425e-08,"Ne_22":3.736639e-08,"Na_23":2.0443600000044847e-05,"Mg_24":0.0173830000042701,"Mg_25":1.14388e-06,"Mg_26":5.136099999999981e-06,"Al_26":2.5e-322,"Al_27":0.00010430000037165,"Si_28":0.21215000016196,"Si_29":4.9515e-05,"Si_30":3.23991e-05,"P_31":0.0001233650011008,"S_32":0.14345000004446307,"S_33":5.4743023213e-05,"S_34":2.3184000010522e-08,"S_36":3.692995999999979e-12,"Cl_35":3.5534929683e-06,"Cl_36":1.04e-322,"Cl_37":4.865792767000003e-06,"Ar_36":0.03541000018771422,"Ar_38":1.084000026969e-09,"Ar_40":7.904479217406325e-16,"K_39":7.77540031591e-07,"K_40":2.026698782078259e-12,"K_41":6.134700566220043e-07,"Ca_39":6.864084089999999e-10,"Ca_40":0.041952,"Ca_41":3.5e-323,"Ca_42":1.7739000022201e-10,"Ca_43":6.792801672408983e-11,"Ca_44":3.1946001534855104e-05,"Ca_46":4.9627e-21,"Ca_48":7.1129e-28,"Sc_45":1.0111957400035993e-07,"Ti_46":2.1196011559e-11,"Ti_47":8.547263962236544e-10,"Ti_48":0.0006554028820214,"Ti_49":1.208412700037904e-05,"Ti_50":1.3982000042492e-20,"V_50":1.7415999999957467e-17,"V_51":2.6200937043215003e-08,"Cr_50":5.1558e-10,"Cr_52":0.009226288411486,"Cr_53":3.446620000027233e-05,"Cr_54":1.2544314492525922e-16,"Mn_53":1.32e-321,"Mn_55":0.00010430765550007199,"Fe_54":1.505200000002599e-05,"Fe_56":0.1593417231047092,"Fe_57":0.0004259750230008228,"Fe_58":3.529735212000005e-14,"Fe_60":9.24e-322,"Co_59":1.7181700118950005e-06,"Ni_58":9.131249964703e-06,"Ni_59":2.5e-323,"Ni_60":3.101728050000003e-06,"Ni_61":2.729229545000001e-09,"Ni_62":1.4707846814899998e-10,"Ni_64":4.096884e-22,"Cu_63":1.6131792000000001e-12,"Cu_65":1.61741845e-18,"Zn_64":3.4907999566996e-15,"Zn_66":4.4407000095172e-20}