{"Mass":null,"C_12":0.0027619,"C_13":1.407061e-07,"N_14":3.5695e-08,"N_15":2.83188e-06,"O_16":0.16417,"O_17":6.92501e-10,"O_18":5.7567051e-11,"F_19":4.365400000000152e-10,"Ne_20":0.0036872,"Ne_21":1.86399e-08,"Ne_22":1.122591e-08,"Na_23":8.194000000009366e-06,"Mg_24":0.0099565000011,"Mg_25":7.732700000000001e-07,"Mg_26":1.9209099999999813e-06,"Al_26":2.5e-322,"Al_27":4.982280010154e-05,"Si_28":0.191930000061217,"Si_29":3.6062e-05,"Si_30":2.17917e-05,"P_31":9.495260040456001e-05,"S_32":0.13435000002237402,"S_33":4.6031014843e-05,"S_34":1.1280000005432501e-08,"S_36":2.417709999999988e-12,"Cl_35":3.4905216568e-06,"Cl_36":1.04e-322,"Cl_37":5.288073386000001e-06,"Ar_36":0.03431300012303692,"Ar_38":8.37350018268e-10,"Ar_40":6.317090243256194e-16,"K_39":8.54300025382e-07,"K_40":1.6457990109756743e-12,"K_41":7.698500605340022e-07,"Ca_39":7.332246180000001e-10,"Ca_40":0.042076,"Ca_41":3.5e-323,"Ca_42":1.2481000019465e-10,"Ca_43":7.98693137770668e-11,"Ca_44":3.4836001409354306e-05,"Ca_46":2.7503e-21,"Ca_48":5.3837e-28,"Sc_45":1.2241950300025155e-07,"Ti_46":2.5103008935899998e-11,"Ti_47":1.3115823758169092e-09,"Ti_48":0.0008079574952390999,"Ti_49":1.433454800039132e-05,"Ti_50":1.3195000044993999e-20,"V_50":2.0725999999954957e-17,"V_51":7.5287270096635e-08,"Cr_50":1.7863e-09,"Cr_52":0.014010293217038,"Cr_53":7.515528000062015e-05,"Cr_54":2.893378765456538e-16,"Mn_53":1.32e-321,"Mn_55":0.00014853130100016314,"Fe_54":2.380600000002927e-05,"Fe_56":0.3004534066080236,"Fe_57":0.0007625979390016596,"Fe_58":1.8095365590000053e-14,"Fe_60":9.24e-322,"Co_59":2.7128800073513945e-06,"Ni_58":1.3697819981905e-05,"Ni_59":2.5e-323,"Ni_60":3.152777600000004e-06,"Ni_61":3.5157352290000004e-09,"Ni_62":9.9987707719e-11,"Ni_64":4.6704945e-22,"Cu_63":6.865826e-13,"Cu_65":9.9045254e-18,"Zn_64":4.1597999506370504e-15,"Zn_66":7.485000012374e-20}