{"Mass":null,"C_12":0.0026658,"C_13":1.11101653e-08,"N_14":3.8026e-07,"N_15":1.90001e-09,"O_16":0.16621,"O_17":1.534800000000629e-07,"O_18":1.12238e-09,"F_19":7.95218107e-11,"Ne_20":0.00323370000049356,"Ne_21":4.65607385e-07,"Ne_22":3.4927232e-05,"Na_23":1.6886680500000002e-05,"Mg_24":0.004935999366,"Mg_25":2.756300079121e-05,"Mg_26":4.403739999999991e-05,"Al_26":2.5e-322,"Al_27":0.000427519265,"Si_28":0.25928015709,"Si_29":0.00053602,"Si_30":0.0007614079,"P_31":0.000291960589,"S_32":0.15032016875344,"S_33":0.00029967609001336197,"S_34":0.0012201000048051,"S_36":5.638336999999988e-08,"Cl_35":9.7185894e-05,"Cl_36":1.04e-322,"Cl_37":2.3527280017736e-05,"Ar_36":0.029139555471629955,"Ar_38":0.0005969200052327,"Ar_40":9.794592270222982e-10,"K_39":7.03426521e-05,"K_40":3.199498077297771e-08,"K_41":5.498429520169995e-06,"Ca_40":0.026944999999980773,"Ca_41":3.5e-323,"Ca_42":2.38070039691e-05,"Ca_43":6.970281274569441e-08,"Ca_44":1.65445500036413e-05,"Ca_46":1.9792e-11,"Ca_48":4.5172e-17,"Sc_45":2.9157003400000003e-07,"Ti_46":8.76085205e-06,"Ti_47":2.8527911719290005e-07,"Ti_48":0.00043204955341842,"Ti_49":2.22643084036843e-05,"Ti_50":3.5408000053665e-10,"V_50":3.008599999463343e-09,"V_51":5.246503270519422e-05,"Cr_50":0.00013356999999999947,"Cr_52":0.009047097102129616,"Cr_53":0.0005841197894404803,"Cr_54":8.267816337159025e-09,"Mn_53":1.32e-321,"Mn_55":0.0027638265440452004,"Fe_54":0.013695000000023654,"Fe_56":0.22281397665172997,"Fe_57":0.00164037839329303,"Fe_58":7.594194915e-07,"Fe_60":9.24e-322,"Co_59":3.2297173999999985e-06,"Ni_58":0.0012259696112045901,"Ni_59":2.5e-323,"Ni_60":7.766973710999867e-05,"Ni_61":7.665886843e-06,"Ni_62":6.604383849999999e-05,"Ni_64":6.457499999999999e-07,"Cu_63":5.7204598e-06,"Cu_65":3.98e-06,"Zn_64":1.4614750000000001e-05,"Zn_66":4.4732718e-05}