{"Mass":null,"C_12":0.00068401,"C_13":1.3120091000000002e-10,"N_14":4.3427e-09,"N_15":1.0547029999999999e-10,"O_16":0.076213,"O_17":1.6246000012741e-09,"O_18":4.72121e-11,"F_19":7.87241562873e-12,"Ne_20":0.0005481900000015564,"Ne_21":7.25871986e-08,"Ne_22":2.3393987399999997e-05,"Na_23":4.226475053732e-06,"Mg_24":0.0006979513365,"Mg_25":8.15090028499e-06,"Mg_26":1.4630579999999936e-05,"Al_26":2.5e-322,"Al_27":9.97616579e-05,"Si_28":0.192700074523,"Si_29":0.00026877,"Si_30":0.00049799599,"P_31":0.00017936227,"S_32":0.10934018191345,"S_33":0.00018753410000115452,"S_34":0.001645600014783,"S_36":1.3283346999999938e-07,"Cl_35":9.4051324e-05,"Cl_36":1.04e-322,"Cl_37":2.3365590047499e-05,"Ar_36":0.020906548506529923,"Ar_38":0.0010380000275470001,"Ar_40":3.845027792797445e-09,"K_39":8.88885608e-05,"K_40":4.624897220720255e-08,"K_41":5.820736242600006e-06,"Ca_40":0.019282999999972208,"Ca_41":3.5e-323,"Ca_42":4.1280036791e-05,"Ca_43":2.40187788568e-07,"Ca_44":1.7241775976403e-05,"Ca_46":1.6019e-10,"Ca_48":4.4469e-15,"Sc_45":3.0702133e-07,"Ti_46":1.57364957e-05,"Ti_47":5.36018138491e-07,"Ti_48":0.0003813729696097,"Ti_49":2.6474979279020028e-05,"Ti_50":1.101000035804e-09,"V_50":4.1001999641959905e-09,"V_51":7.38746156541396e-05,"Cr_50":0.0002487799999999642,"Cr_52":0.008579641705488762,"Cr_53":0.000776847375206133,"Cr_54":3.405136169210825e-08,"Mn_53":1.32e-321,"Mn_55":0.004340349758805801,"Fe_54":0.025040000000098275,"Fe_56":0.5006193100430649,"Fe_57":0.009522445373027679,"Fe_58":1.8660358340000002e-07,"Fe_60":9.24e-322,"Co_59":0.0003255863589999998,"Ni_58":0.0137060785864166,"Ni_59":2.5e-323,"Ni_60":0.006021963019999846,"Ni_61":0.000220986588,"Ni_62":0.00187738447,"Ni_64":2.6126430000000003e-07,"Cu_63":2.43462e-06,"Cu_65":3.1332399999999998e-06,"Zn_64":2.8156866999999996e-06,"Zn_66":2.6375676e-05}