{"Mass":null,"C_12":0.0036,"C_13":7.115467255e-08,"N_14":8.2424e-07,"N_15":3.10668e-09,"O_16":0.14017,"O_17":3.551100000000451e-07,"O_18":1.26882e-09,"F_19":8.1487871e-11,"Ne_20":0.0035110000006002796,"Ne_21":3.87236712e-07,"Ne_22":2.2674847e-05,"Na_23":1.8173976e-05,"Mg_24":0.00720906191,"Mg_25":1.89190027619e-05,"Mg_26":3.278179999999981e-05,"Al_26":2.5e-322,"Al_27":0.000423857984,"Si_28":0.319350075294,"Si_29":0.00051209,"Si_30":0.0006072507,"P_31":0.00028558345840000004,"S_32":0.164400105805558,"S_33":0.0003614929590071983,"S_34":0.0016613000015066,"S_36":2.7301319999999914e-08,"Cl_35":0.000103905805,"Cl_36":1.04e-322,"Cl_37":2.985033002306e-05,"Ar_36":0.028932446629679934,"Ar_38":0.0008623000017566,"Ar_40":3.925820734522579e-10,"K_39":8.02645872e-05,"K_40":2.0090987926547742e-08,"K_41":5.738865147309994e-06,"Ca_40":0.024553999999987926,"Ca_41":3.5e-323,"Ca_42":2.5464001135899997e-05,"Ca_43":4.9077130328056104e-08,"Ca_44":1.342790750085261e-05,"Ca_46":3.8423e-12,"Ca_48":2.8596e-18,"Sc_45":2.55563028e-07,"Ti_46":1.031037524e-05,"Ti_47":2.8203696110352e-07,"Ti_48":0.000323858080061375,"Ti_49":1.8142370200531343e-05,"Ti_50":1.46900000092963e-10,"V_50":1.900699999907032e-09,"V_51":4.313506980168973e-05,"Cr_50":0.00014125999999999993,"Cr_52":0.006033707401660503,"Cr_53":0.00042641332940776625,"Cr_54":1.807364793683054e-08,"Mn_53":1.32e-321,"Mn_55":0.0019591265469615007,"Fe_54":0.012469000000052041,"Fe_56":0.1293507389253272,"Fe_57":0.00103327726016975,"Fe_58":7.029105276e-07,"Fe_60":9.24e-322,"Co_59":3.0066047999999985e-06,"Ni_58":0.00097243263982514,"Ni_59":2.5e-323,"Ni_60":8.727197490999941e-05,"Ni_61":4.428949317e-06,"Ni_62":4.10043612e-05,"Ni_64":4.464039e-07,"Cu_63":4.6113855e-06,"Cu_65":3.0322999999999997e-06,"Zn_64":1.7878819100000003e-05,"Zn_66":4.5123762999999995e-05}