{"Mass":null,"C_12":0.0027267,"C_13":2.4864559999999997e-07,"N_14":3.6333e-08,"N_15":2.69555e-06,"O_16":0.16163,"O_17":7.37424e-10,"O_18":5.7579051000000005e-11,"F_19":4.222400000000152e-10,"Ne_20":0.0036621,"Ne_21":1.57539e-08,"Ne_22":1.124962e-08,"Na_23":7.419800000009337e-06,"Mg_24":0.0110810000010988,"Mg_25":1.32625e-06,"Mg_26":1.9243999999999925e-06,"Al_26":2.5e-322,"Al_27":6.0456600101589994e-05,"Si_28":0.24621000006421,"Si_29":4.2478e-05,"Si_30":2.33159e-05,"P_31":9.099380042243e-05,"S_32":0.15068000002454604,"S_33":4.6969016965e-05,"S_34":1.1967000005877501e-08,"S_36":2.524134999999994e-12,"Cl_35":2.8262798431e-06,"Cl_36":1.04e-322,"Cl_37":4.646880946000001e-06,"Ar_36":0.03248900012829499,"Ar_38":8.853800211199999e-10,"Ar_40":7.6111452853488e-16,"K_39":6.17590030908e-07,"K_40":1.6715989954714651e-12,"K_41":5.103500516230028e-07,"Ca_39":5.204390919999999e-10,"Ca_40":0.033075,"Ca_41":3.5e-323,"Ca_42":1.3570000024776001e-10,"Ca_43":5.6347147972076676e-11,"Ca_44":2.18130011804362e-05,"Ca_46":2.9149e-21,"Ca_48":5.8972e-28,"Sc_45":6.468103000027622e-08,"Ti_46":1.8553010227999998e-11,"Ti_47":9.099257871184052e-10,"Ti_48":0.0005740707899856,"Ti_49":9.91289300032836e-06,"Ti_50":1.4178000044994e-20,"V_50":2.0460999999954957e-17,"V_51":6.4029690085192e-08,"Cr_50":1.6139e-09,"Cr_52":0.010975824914943,"Cr_53":7.366231000061167e-05,"Cr_54":2.7289909842152386e-16,"Mn_53":1.32e-321,"Mn_55":0.00011105848860012907,"Fe_54":2.2356000000029996e-05,"Fe_56":0.2456029683074265,"Fe_57":0.0006205032210014149,"Fe_58":2.0662236250000054e-14,"Fe_60":9.24e-322,"Co_59":3.963180006953999e-06,"Ni_58":1.5748349979338003e-05,"Ni_59":2.5e-323,"Ni_60":3.447209930000002e-06,"Ni_61":2.7796934640000006e-09,"Ni_62":1.20188518482e-10,"Ni_64":2.741178e-22,"Cu_63":9.309822999999999e-13,"Cu_65":1.484015783e-18,"Zn_64":2.3416999710282003e-15,"Zn_66":5.354600014776e-20}