{"Mass":null,"C_12":0.000789,"C_13":2.29498e-11,"N_14":3.5893e-10,"N_15":8.66346e-10,"O_16":0.049619,"O_17":4.7021056443e-11,"O_18":2.5011918e-12,"F_19":1.478960000009339e-12,"Ne_20":0.0004991100000000003,"Ne_21":3.2973676000000002e-09,"Ne_22":4.6145515e-06,"Na_23":1.799940000014894e-06,"Mg_24":0.0012752000062042,"Mg_25":7.948781937e-07,"Mg_26":2.2432699999999896e-06,"Al_26":2.5e-322,"Al_27":4.6081833279699996e-05,"Si_28":0.15526000175180002,"Si_29":8.9479e-05,"Si_30":4.73134e-05,"P_31":4.966095702e-05,"S_32":0.10651000909101914,"S_33":9.021156619999999e-05,"S_34":0.00028694000000727203,"S_36":1.6319709999999946e-09,"Cl_35":3.1036996099999995e-05,"Cl_36":1.04e-322,"Cl_37":1.1737012000002898e-05,"Ar_36":0.025099055886588947,"Ar_38":0.000202620000029843,"Ar_40":2.0170356159056924e-11,"K_39":3.251243627e-05,"K_40":3.920797643840943e-09,"K_41":2.973185840162203e-06,"Ca_40":0.027407999999997643,"Ca_41":3.5e-323,"Ca_42":6.693800050546e-06,"Ca_43":2.0363899927593e-07,"Ca_44":2.9886494900000055e-05,"Ca_46":3.844e-14,"Ca_48":7.0824e-21,"Sc_45":2.0445041094000001e-07,"Ti_46":2.854212922e-06,"Ti_47":1.6070454310260657e-07,"Ti_48":0.0005405061693005827,"Ti_49":1.856078420400309e-05,"Ti_50":2.218700000092935e-12,"V_50":8.737899999990687e-11,"V_51":3.37708034800417e-05,"Cr_50":4.1902e-05,"Cr_52":0.010758548250063973,"Cr_53":0.0004894933304700603,"Cr_54":2.1292204395490403e-09,"Mn_53":1.32e-321,"Mn_55":0.0020051317052504,"Fe_54":0.005151100000006158,"Fe_56":0.588278049900075,"Fe_57":0.007427673477800005,"Fe_58":1.2067423809e-08,"Fe_60":9.24e-322,"Co_59":0.00016834935590999986,"Ni_58":0.0023194494867761913,"Ni_59":2.5e-323,"Ni_60":0.00906120491069975,"Ni_61":0.00022446193862191,"Ni_62":0.0006369902619621001,"Ni_64":1.9449990000000002e-08,"Cu_63":4.6935e-07,"Cu_65":2.95093e-07,"Zn_64":2.46264431e-06,"Zn_66":5.97498038e-06}