{"Mass":null,"C_12":0.00069234,"C_13":4.40672e-11,"N_14":2.1948e-09,"N_15":2.92572e-10,"O_16":0.075956,"O_17":5.343400052594001e-10,"O_18":2.499207e-11,"F_19":2.649330014434e-12,"Ne_20":0.0005994400000000796,"Ne_21":2.49653318e-08,"Ne_22":1.16984618e-05,"Na_23":2.9304000032514e-06,"Mg_24":0.00106690017172,"Mg_25":3.9290010068e-06,"Mg_26":7.1403899999999725e-06,"Al_26":2.5e-322,"Al_27":9.059492699e-05,"Si_28":0.18960001962999998,"Si_29":0.00017823,"Si_30":0.0002122765,"P_31":0.0001086245,"S_32":0.11488005353318799,"S_33":0.00014348548600000887,"S_34":0.00075973000067404,"S_36":1.8526139999999972e-08,"Cl_35":5.9315931000000004e-05,"Cl_36":1.04e-322,"Cl_37":1.75057900046297e-05,"Ar_36":0.023323223726859986,"Ar_38":0.00048644000224129996,"Ar_40":3.9998028145411776e-10,"K_39":5.89296537e-05,"K_40":1.7108989718545882e-08,"K_41":4.585466531359993e-06,"Ca_40":0.02228899999998972,"Ca_41":3.5e-323,"Ca_42":1.94600020182e-05,"Ca_43":1.9210211893599998e-07,"Ca_44":2.02536900023848e-05,"Ca_46":8.5041e-12,"Ca_48":3.1815e-17,"Sc_45":2.45545381e-07,"Ti_46":7.588120060000001e-06,"Ti_47":2.8759278515200005e-07,"Ti_48":0.00043947515022427,"Ti_49":2.14281051321372e-05,"Ti_50":1.8663000074883e-10,"V_50":1.678499999251166e-09,"V_51":5.1150874207680695e-05,"Cr_50":0.00011230999999999926,"Cr_52":0.009617381802298828,"Cr_53":0.000608519315323914,"Cr_54":8.26667922692176e-09,"Mn_53":1.32e-321,"Mn_55":0.00299640260170105,"Fe_54":0.012164000000023763,"Fe_56":0.5184714740101115,"Fe_57":0.0073637563030015995,"Fe_58":7.747149362000001e-08,"Fe_60":9.24e-322,"Co_59":0.00021946664899999985,"Ni_58":0.005840129061506379,"Ni_59":2.5e-323,"Ni_60":0.0065745949199999,"Ni_61":0.0001886085379,"Ni_62":0.0009706749000000001,"Ni_64":1.7429715e-07,"Cu_63":1.5829700000000002e-06,"Cu_65":1.10905e-06,"Zn_64":3.5515783500000005e-06,"Zn_66":2.0976550999999998e-05}