{"Mass":null,"C_12":0.006577,"C_13":7.478378432000001e-08,"N_14":2.4529e-06,"N_15":8.7491e-09,"O_16":0.24034,"O_17":1.0953000000000613e-06,"O_18":6.7748e-09,"F_19":2.57385533e-10,"Ne_20":0.009369600001290801,"Ne_21":1.4016919990000002e-06,"Ne_22":6.1900209e-05,"Na_23":5.4852954e-05,"Mg_24":0.00919591336,"Mg_25":8.68590035102e-05,"Mg_26":0.00013819899999999898,"Al_26":2.5e-322,"Al_27":0.0008166810600000001,"Si_28":0.23755042396,"Si_29":0.00088173,"Si_30":0.001227459,"P_31":0.000447030886,"S_32":0.15118026829105,"S_33":0.000380410450044436,"S_34":0.001330000013044,"S_36":8.316845999999965e-08,"Cl_35":0.000122741665,"Cl_36":1.04e-322,"Cl_37":2.198379005314e-05,"Ar_36":0.03218075668453985,"Ar_38":0.0005230300082543999,"Ar_40":1.4101260140199487e-09,"K_39":5.8813217200000004e-05,"K_40":4.3288973985980046e-08,"K_41":4.76469667052999e-06,"Ca_40":0.032115999999973985,"Ca_41":3.5e-323,"Ca_42":2.2930005382599998e-05,"Ca_43":8.848353974464851e-08,"Ca_44":1.99651160037976e-05,"Ca_46":2.7008e-11,"Ca_48":5.5502e-17,"Sc_45":2.90579744e-07,"Ti_46":7.0187619e-06,"Ti_47":2.7723105107338995e-07,"Ti_48":0.00036048469653818,"Ti_49":2.11205970043161e-05,"Ti_50":3.7796000023103e-10,"V_50":3.2633999997689624e-09,"V_51":4.37322683034079e-05,"Cr_50":0.00010211999999999977,"Cr_52":0.005604951591789609,"Cr_53":0.0004367618307657861,"Cr_54":4.501827352713831e-09,"Mn_53":1.32e-321,"Mn_55":0.0019448586226590012,"Fe_54":0.010929000000012642,"Fe_56":0.10341897173567699,"Fe_57":0.0009792772710962001,"Fe_58":3.9310942494999995e-06,"Fe_60":9.24e-322,"Co_59":1.0179944600000004e-05,"Ni_58":0.00092507770601655,"Ni_59":2.5e-323,"Ni_60":0.00011369442461999802,"Ni_61":2.0035207251e-05,"Ni_62":0.00010041076419999999,"Ni_64":9.95316e-07,"Cu_63":9.7234047e-06,"Cu_65":5.6532e-06,"Zn_64":2.1834804e-05,"Zn_66":4.999849e-05}