{"Mass":null,"C_12":0.00059683,"C_13":9.3638e-12,"N_14":1.1119e-10,"N_15":6.25659e-11,"O_16":0.028353,"O_17":1.0206012629e-11,"O_18":5.475387e-13,"F_19":1.126106000071871e-13,"Ne_20":8.443000000000124e-05,"Ne_21":2.09669845e-09,"Ne_22":1.8450298850000002e-05,"Na_23":4.22006000055896e-07,"Mg_24":0.00017319001118599998,"Mg_25":4.300317605e-07,"Mg_26":9.73239999999991e-07,"Al_26":2.5e-322,"Al_27":1.3573529402e-05,"Si_28":0.1152300024191,"Si_29":4.4101e-05,"Si_30":4.0510790000000005e-05,"P_31":3.287222822e-05,"S_32":0.07211101100975179,"S_33":5.247505700000001e-05,"S_34":0.000305800000093371,"S_36":3.367810999999992e-09,"Cl_35":2.7730828e-05,"Cl_36":1.04e-322,"Cl_37":9.135163000024607e-06,"Ar_36":0.015290061772588983,"Ar_38":0.00025145000028643,"Ar_40":9.796289690487564e-11,"K_39":3.324898631e-05,"K_40":6.484696103095124e-09,"K_41":2.5476506385609955e-06,"Ca_40":0.015031999999996104,"Ca_41":3.5e-323,"Ca_42":1.025800046992e-05,"Ca_43":3.3800009735060003e-07,"Ca_44":2.2065730700015688e-05,"Ca_46":2.1741e-12,"Ca_48":1.1531e-17,"Sc_45":1.586001412e-07,"Ti_46":4.283903570000001e-06,"Ti_47":2.518901487994e-07,"Ti_48":0.000353818187072446,"Ti_49":1.659433400066737e-05,"Ti_50":4.4195000075713e-11,"V_50":5.053499999242858e-10,"V_51":3.946896400612942e-05,"Cr_50":7.584999999999992e-05,"Cr_52":0.007365376601207926,"Cr_53":0.000467982619933516,"Cr_54":5.835201146971357e-09,"Mn_53":1.32e-321,"Mn_55":0.0022686737099006835,"Fe_54":0.008204500000016846,"Fe_56":0.7788735410000909,"Fe_57":0.0144690694297,"Fe_58":9.38440064841e-09,"Fe_60":9.24e-322,"Co_59":0.0005686416548789994,"Ni_58":0.012093348909199352,"Ni_59":2.5e-323,"Ni_60":0.01616503358782356,"Ni_61":0.00047851294500311374,"Ni_62":0.00247021927372841,"Ni_64":4.102788e-08,"Cu_63":8.2427e-07,"Cu_65":2.11828e-07,"Zn_64":6.7113372e-07,"Zn_66":5.4761965e-06}