{"Mass":null,"C_12":0.003597,"C_13":9.288936592000001e-08,"N_14":6.9042e-07,"N_15":1.5207399999999999e-09,"O_16":0.14522,"O_17":2.9558000000003277e-07,"O_18":1.13851e-09,"F_19":9.8670203e-11,"Ne_20":0.0034024000012709,"Ne_21":6.014254979999999e-07,"Ne_22":5.2070039e-05,"Na_23":2.5643949e-05,"Mg_24":0.004335343740000001,"Mg_25":3.9153001205200005e-05,"Mg_26":6.556519999999966e-05,"Al_26":2.5e-322,"Al_27":0.00045926195000000003,"Si_28":0.2788502496,"Si_29":0.00074567,"Si_30":0.0012927992000000001,"P_31":0.000469245316,"S_32":0.16446032205146,"S_33":0.00046874254003046205,"S_34":0.0033916000213299997,"S_36":1.4304609999999935e-07,"Cl_35":0.0001841561215,"Cl_36":1.04e-322,"Cl_37":4.161540015449e-05,"Ar_36":0.03186108096389982,"Ar_38":0.0018485000238650001,"Ar_40":3.397645774675496e-09,"K_39":0.000140271387,"K_40":7.617195422532451e-08,"K_41":9.144257499399974e-06,"Ca_40":0.029192999999954224,"Ca_41":3.5e-323,"Ca_42":6.366401882500001e-05,"Ca_43":1.455852268826455e-07,"Ca_44":1.703103902733e-05,"Ca_46":1.0753e-10,"Ca_48":5.8245e-16,"Sc_45":4.923470900000001e-07,"Ti_46":2.49503618e-05,"Ti_47":6.9612908484328e-07,"Ti_48":0.0003403312431637,"Ti_49":2.661635053449201e-05,"Ti_50":1.6622000096374998e-09,"V_50":9.522099990362477e-09,"V_51":7.029799804301417e-05,"Cr_50":0.00026195999999999034,"Cr_52":0.00631436810890073,"Cr_53":0.0006407220636669327,"Cr_54":4.681594529324482e-08,"Mn_53":1.32e-321,"Mn_55":0.003279598393225002,"Fe_54":0.025575000000134653,"Fe_56":0.13873602209726202,"Fe_57":0.0016457190007416601,"Fe_58":1.1158889708e-06,"Fe_60":9.24e-322,"Co_59":4.941976400000006e-06,"Ni_58":0.00221086401142832,"Ni_59":2.5e-323,"Ni_60":0.00015747875731999687,"Ni_61":1.1316136385000002e-05,"Ni_62":0.00012678879159999998,"Ni_64":1.1409479999999998e-06,"Cu_63":7.895882090000001e-06,"Cu_65":7.867e-06,"Zn_64":1.5290411999999998e-05,"Zn_66":8.5736273e-05}