{"Mass":null,"C_12":0.00078995,"C_13":8.120231e-07,"N_14":2.1636e-09,"N_15":7.89405e-07,"O_16":0.046018,"O_17":3.19342e-10,"O_18":8.8757663e-13,"F_19":3.284900000000001e-11,"Ne_20":0.0005038,"Ne_21":9.242899999999999e-08,"Ne_22":1.1001455e-09,"Na_23":1.5714600000000918e-06,"Mg_24":0.002089100000068718,"Mg_25":2.5664e-06,"Mg_26":3.277809999999969e-07,"Al_26":2.5e-322,"Al_27":1.04463000068925e-05,"Si_28":0.1375400000089528,"Si_29":6.9433e-06,"Si_30":5.158759999999999e-06,"P_31":3.8404100056375e-05,"S_32":0.1023400000046033,"S_33":1.7763004838399998e-05,"S_34":3.045500001552e-09,"S_36":9.904989999999944e-13,"Cl_35":2.63787867919e-06,"Cl_36":1.04e-322,"Cl_37":3.3455324610000003e-06,"Ar_36":0.02715900005035073,"Ar_38":4.03200011363e-10,"Ar_40":5.08637426547714e-16,"K_39":7.26850022102e-07,"K_40":1.0939993425734523e-12,"K_41":6.958200311310005e-07,"Ca_39":5.91617898e-10,"Ca_40":0.034028,"Ca_41":3.5e-323,"Ca_42":7.473300026852e-11,"Ca_43":9.020539264000007e-08,"Ca_44":4.06510005376989e-05,"Ca_46":1.6627e-21,"Ca_48":1.6231e-28,"Sc_45":1.431480870002681e-07,"Ti_46":8.627911417e-12,"Ti_47":1.1425486672019417e-08,"Ti_48":0.00069450457037818,"Ti_49":1.377813600014197e-05,"Ti_50":1.7494000050039002e-20,"V_50":3.067899999994989e-17,"V_51":4.9310350080472e-08,"Cr_50":4.1219e-10,"Cr_52":0.0124118927061354,"Cr_53":8.216335000022821e-06,"Cr_54":1.1214446894018524e-16,"Mn_53":1.32e-321,"Mn_55":0.0002088559800002337,"Fe_54":1.0920000000002786e-05,"Fe_56":0.6153638890043415,"Fe_57":0.0037756155500045384,"Fe_58":1.0970460330000059e-14,"Fe_60":9.24e-322,"Co_59":0.0008132560001173512,"Ni_58":0.00105485999998903,"Ni_59":2.5e-323,"Ni_60":0.00926486341,"Ni_61":0.0001097968139,"Ni_62":6.2114855864e-05,"Ni_64":6.458730000000001e-19,"Cu_63":1.9754188e-06,"Cu_65":2.1891000481779997e-09,"Zn_64":2.6165999999993174e-07,"Zn_66":2.793500000001688e-13}