{"Mass":null,"C_12":0.00018977,"C_13":1.24559e-11,"N_14":7.1209e-11,"N_15":1.299164e-10,"O_16":0.020149,"O_17":6.601622165e-12,"O_18":3.5067476e-13,"F_19":8.422000000167609e-14,"Ne_20":0.00010143000000000028,"Ne_21":1.30633845e-09,"Ne_22":2.30047655e-06,"Na_23":5.23366000012769e-07,"Mg_24":0.00018011000483280002,"Mg_25":3.162730104e-07,"Mg_26":9.056399999999945e-07,"Al_26":2.5e-322,"Al_27":1.2518628918399999e-05,"Si_28":0.0911450013519,"Si_29":3.4144e-05,"Si_30":2.867048e-05,"P_31":2.95822039e-05,"S_32":0.06440100674522276,"S_33":4.61385273e-05,"S_34":0.000242940000028308,"S_36":1.6835919999999954e-09,"Cl_35":2.54638371e-05,"Cl_36":1.04e-322,"Cl_37":7.958699000004487e-06,"Ar_36":0.015339044555057989,"Ar_38":0.0002080900001071,"Ar_40":4.361004435364782e-11,"K_39":2.904468677e-05,"K_40":5.065996955646352e-09,"K_41":2.1851071223059977e-06,"Ca_40":0.016500999999996956,"Ca_41":3.5e-323,"Ca_42":8.13340017799e-06,"Ca_43":4.236901143032e-07,"Ca_44":2.761447380000136e-05,"Ca_46":5.0223e-13,"Ca_48":4.6467e-19,"Sc_45":1.7500822689999998e-07,"Ti_46":3.527052986e-06,"Ti_47":2.5849797661262e-07,"Ti_48":0.00037784201200929734,"Ti_49":1.7198952970059087e-05,"Ti_50":1.4111000002127501e-11,"V_50":3.0223999999787175e-10,"V_51":3.8433225061942576e-05,"Cr_50":6.0444e-05,"Cr_52":0.007282432001018304,"Cr_53":0.000463152471635139,"Cr_54":4.741200304948513e-09,"Mn_53":1.32e-321,"Mn_55":0.0021611634782007566,"Fe_54":0.00712090000001369,"Fe_56":0.8132968050000888,"Fe_57":0.0157207883632,"Fe_58":4.6323020381e-09,"Fe_60":9.24e-322,"Co_59":0.0006138705035839993,"Ni_58":0.012830399526297961,"Ni_59":2.5e-323,"Ni_60":0.01757009513302623,"Ni_61":0.0005272771377520071,"Ni_62":0.0026708618203096614,"Ni_64":2.4347850000000003e-08,"Cu_63":8.2769e-07,"Cu_65":1.76767e-07,"Zn_64":8.3772665e-07,"Zn_66":5.0268767e-06}