{"Mass":null,"C_12":0.0067387,"C_13":3.6085290000000004e-07,"N_14":4.7352e-08,"N_15":3.25691e-06,"O_16":0.17628,"O_17":1.0950210000000001e-09,"O_18":1.2496121000000001e-10,"F_19":1.839820000000022e-09,"Ne_20":0.007169300000000001,"Ne_21":2.5111e-08,"Ne_22":2.07174e-08,"Na_23":1.7646200000013072e-05,"Mg_24":0.0214990000022384,"Mg_25":1.8384500000000002e-06,"Mg_26":4.624639999999977e-06,"Al_26":2.5e-322,"Al_27":0.00012874200020591,"Si_28":0.31925000014764,"Si_29":6.757e-05,"Si_30":3.92477e-05,"P_31":0.00013268600096668,"S_32":0.1646700000493321,"S_33":7.7790030571e-05,"S_34":2.9831000012011e-08,"S_36":5.4570469999999915e-12,"Cl_35":2.0684117751e-06,"Cl_36":1.04e-322,"Cl_37":7.041938410000003e-06,"Ar_36":0.03085600027704417,"Ar_38":1.818400050566e-09,"Ar_40":1.8135812259051528e-15,"K_39":3.5910007518999996e-07,"K_40":3.629697818774095e-12,"K_41":5.536100644410083e-07,"Ca_39":2.5584481e-10,"Ca_40":0.027316999999999998,"Ca_41":3.5e-323,"Ca_42":3.7108000059986003e-10,"Ca_43":5.902255991069655e-11,"Ca_44":1.4499000883936099e-05,"Ca_46":8.0685e-21,"Ca_48":8.9086e-28,"Sc_45":6.626237200071105e-08,"Ti_46":1.8201029749e-11,"Ti_47":1.7826771430013849e-10,"Ti_48":0.00023900050161019,"Ti_49":5.49919900016641e-06,"Ti_50":3.7549000039993e-20,"V_50":4.59489999999599e-17,"V_51":4.662889737089303e-09,"Cr_50":3.2153e-10,"Cr_52":0.0028734399531077,"Cr_53":1.1514700000070051e-05,"Cr_54":1.134338971413397e-16,"Mn_53":1.32e-321,"Mn_55":4.427518710002709e-05,"Fe_54":7.1251000000164195e-06,"Fe_56":0.042235392391832,"Fe_57":0.0001414146723002202,"Fe_58":1.889420526000005e-14,"Fe_60":9.24e-322,"Co_59":5.112360006708197e-06,"Ni_58":1.4782365981106e-05,"Ni_59":2.5e-323,"Ni_60":3.290028580000001e-06,"Ni_61":4.444263813e-09,"Ni_62":1.74666235927e-10,"Ni_64":1.3544144999999999e-22,"Cu_63":1.3214927e-12,"Cu_65":1.4462172930000001e-18,"Zn_64":9.9864998568505e-16,"Zn_66":2.3057000065389e-19}