{"Mass":null,"C_12":0.0026987,"C_13":1.116716507e-08,"N_14":3.8131e-07,"N_15":1.94891e-09,"O_16":0.16861,"O_17":1.5411000000004065e-07,"O_18":1.12503e-09,"F_19":8.00616827e-11,"Ne_20":0.00325510000049838,"Ne_21":4.70597381e-07,"Ne_22":3.4936873999999996e-05,"Na_23":1.80921155e-05,"Mg_24":0.00419480039,"Mg_25":2.75340007834e-05,"Mg_26":4.529479999999985e-05,"Al_26":2.5e-322,"Al_27":0.000384051731,"Si_28":0.22120015499,"Si_29":0.00050939,"Si_30":0.000711198,"P_31":0.000289657687,"S_32":0.14819016593111,"S_33":0.000295028910013033,"S_34":0.0012242000049025,"S_36":5.645223999999979e-08,"Cl_35":0.000102524874,"Cl_36":1.04e-322,"Cl_37":2.4094500018149e-05,"Ar_36":0.03303955814975994,"Ar_38":0.0006062400055216,"Ar_40":1.0834216211606584e-09,"K_39":7.47693299e-05,"K_40":3.5978978378839344e-08,"K_41":6.193972936219997e-06,"Ca_40":0.03446499999997838,"Ca_41":3.5e-323,"Ca_42":2.6739004577e-05,"Ca_43":8.13061212774236e-08,"Ca_44":2.3424920003802498e-05,"Ca_46":2.2973e-11,"Ca_48":5.7549e-17,"Sc_45":3.7526815e-07,"Ti_46":9.3939644e-06,"Ti_47":3.074537183887e-07,"Ti_48":0.00052916236550776,"Ti_49":2.6424848504291e-05,"Ti_50":3.7497000058541e-10,"V_50":3.1902999994145824e-09,"V_51":5.746445910638804e-05,"Cr_50":0.00011616999999999941,"Cr_52":0.01045290600248922,"Cr_53":0.0006706380437256419,"Cr_54":6.645711049392683e-09,"Mn_53":1.32e-321,"Mn_55":0.0031142221820606004,"Fe_54":0.013471000000018944,"Fe_56":0.247978285452273,"Fe_57":0.00185526808229509,"Fe_58":7.522375087e-07,"Fe_60":9.24e-322,"Co_59":3.1345177000000005e-06,"Ni_58":0.0013029708632673097,"Ni_59":2.5e-323,"Ni_60":7.627130355999932e-05,"Ni_61":7.667914991e-06,"Ni_62":6.653465408999999e-05,"Ni_64":6.61371e-07,"Cu_63":5.7713361e-06,"Cu_65":4.0879e-06,"Zn_64":1.3872099000000001e-05,"Zn_66":4.6283992e-05}