{"Mass":null,"C_12":0.0068707,"C_13":1.1861072183e-07,"N_14":1.1569e-06,"N_15":3.0429e-09,"O_16":0.19156,"O_17":5.958500000000397e-07,"O_18":2.67826e-09,"F_19":1.8164207e-10,"Ne_20":0.0063951000014244,"Ne_21":1.062655533e-06,"Ne_22":0.000120473962,"Na_23":4.5724753999999994e-05,"Mg_24":0.00776777846,"Mg_25":7.52870026582e-05,"Mg_26":0.00012184199999999979,"Al_26":2.5e-322,"Al_27":0.00080882229,"Si_28":0.29514052366,"Si_29":0.0011343,"Si_30":0.0020199768,"P_31":0.00067369775,"S_32":0.16238047530240998,"S_33":0.0006186278701442899,"S_34":0.004035500026261,"S_36":2.1034079999999945e-07,"Cl_35":0.0002267808522,"Cl_36":1.04e-322,"Cl_37":4.6678500194129994e-05,"Ar_36":0.028964504069199957,"Ar_38":0.002015800031111,"Ar_40":4.646159048201626e-09,"K_39":0.00015059396500000002,"K_40":9.825994095179836e-08,"K_41":9.765021645899988e-06,"Ca_40":0.024144999999940953,"Ca_41":3.5e-323,"Ca_42":6.8352023548e-05,"Ca_43":1.7200455822086625e-07,"Ca_44":1.2364029030766e-05,"Ca_46":1.4058e-10,"Ca_48":6.4522e-16,"Sc_45":5.1976988e-07,"Ti_46":2.64383639e-05,"Ti_47":6.98636155007599e-07,"Ti_48":0.0001527408387828,"Ti_49":1.6760793539690005e-05,"Ti_50":2.0140000073132e-09,"V_50":1.1361999992686773e-08,"V_51":4.606675903509349e-05,"Cr_50":0.0002371199999999927,"Cr_52":0.0021975684080780765,"Cr_53":0.0003337922304553579,"Cr_54":4.898572910690794e-08,"Mn_53":1.32e-321,"Mn_55":0.001729688442695004,"Fe_54":0.020442000000140834,"Fe_56":0.036394859955967,"Fe_57":0.0007019135118977,"Fe_58":1.862397975e-06,"Fe_60":9.24e-322,"Co_59":7.2739910000000005e-06,"Ni_58":0.001575150502112365,"Ni_59":2.5e-323,"Ni_60":0.000201874823209997,"Ni_61":2.20897867417e-05,"Ni_62":0.0001886746273,"Ni_64":1.7641275e-06,"Cu_63":1.27913655e-05,"Cu_65":1.19317e-05,"Zn_64":2.41485475e-05,"Zn_66":0.000108848319}