{"Mass":null,"C_12":0.0036777,"C_13":1.493773144e-08,"N_14":1.5593e-07,"N_15":6.25905e-09,"O_16":0.14076,"O_17":8.94880000000097e-08,"O_18":2.32038e-10,"F_19":3.48971243e-11,"Ne_20":0.0035514000000119172,"Ne_21":3.4886631e-08,"Ne_22":1.4976353e-05,"Na_23":1.2588541199999999e-05,"Mg_24":0.008468210661,"Mg_25":6.5284053453e-06,"Mg_26":1.5944899999999892e-05,"Al_26":2.5e-322,"Al_27":0.00029890283659,"Si_28":0.269870012901,"Si_29":0.00035311,"Si_30":0.00023245809999999998,"P_31":0.00016081819468,"S_32":0.1648900357945899,"S_33":0.000262137633000006,"S_34":0.000708250000055232,"S_36":6.613819999999984e-09,"Cl_35":6.0173108e-05,"Cl_36":1.04e-322,"Cl_37":2.25142200016771e-05,"Ar_36":0.03581517969957993,"Ar_38":0.00037310000015077004,"Ar_40":7.027350307138267e-11,"K_39":5.136886507e-05,"K_40":7.493395496928617e-09,"K_41":4.8131557522824935e-06,"Ca_40":0.0369809999999955,"Ca_41":3.5e-323,"Ca_42":1.1325000158280001e-05,"Ca_43":1.8395402616198003e-08,"Ca_44":2.414368390002834e-05,"Ca_46":1.7873e-13,"Ca_48":3.7088e-20,"Sc_45":2.785951185e-07,"Ti_46":4.564944835e-06,"Ti_47":1.40190567751315e-07,"Ti_48":0.0004884524700024777,"Ti_49":1.8912184962013968e-05,"Ti_50":7.64120000087416e-12,"V_50":2.0319999999912537e-10,"V_51":3.2762238730031914e-05,"Cr_50":5.4821e-05,"Cr_52":0.008251794580099364,"Cr_53":0.00040782043890012125,"Cr_54":3.3730292636308885e-09,"Mn_53":1.32e-321,"Mn_55":0.0016080886996798,"Fe_54":0.005858000000009733,"Fe_56":0.16484335100608394,"Fe_57":0.0009493616960079018,"Fe_58":2.8155524131e-07,"Fe_60":9.24e-322,"Co_59":2.4873330999999984e-06,"Ni_58":0.0005280735652070701,"Ni_59":2.5e-323,"Ni_60":4.964809044999901e-05,"Ni_61":1.6653355250000002e-06,"Ni_62":1.3697750000000001e-05,"Ni_64":8.146905e-08,"Cu_63":1.7879860000000001e-06,"Cu_65":1.2693599999999998e-06,"Zn_64":1.354638945e-05,"Zn_66":1.4971003000000001e-05}