{"Mass":null,"C_12":0.0070158,"C_13":1.95524106e-08,"N_14":2.4713e-06,"N_15":1.8922999999999997e-08,"O_16":0.24736,"O_17":7.544600000000743e-07,"O_18":8.0199e-09,"F_19":2.4145081e-10,"Ne_20":0.010171000000558969,"Ne_21":8.870187500000001e-07,"Ne_22":3.2290462e-05,"Na_23":4.17513903e-05,"Mg_24":0.012557159160000001,"Mg_25":4.1016007587100004e-05,"Mg_26":7.225899999999966e-05,"Al_26":2.5e-322,"Al_27":0.0006633687940000001,"Si_28":0.22982012793,"Si_29":0.00057388,"Si_30":0.000536428,"P_31":0.0002599453366,"S_32":0.144580083193934,"S_33":0.00029731398700841034,"S_34":0.0005900200013073,"S_36":1.6780530000000002e-08,"Cl_35":6.91084e-05,"Cl_36":1.04e-322,"Cl_37":1.8173020005720303e-05,"Ar_36":0.03155529711546997,"Ar_38":0.00025308000058264996,"Ar_40":1.9660825268627035e-10,"K_39":3.83998537e-05,"K_40":1.3732991747313729e-08,"K_41":3.951034808900098e-06,"Ca_40":0.03225399999999175,"Ca_41":3.5e-323,"Ca_42":1.057700060998e-05,"Ca_43":3.41915104950049e-08,"Ca_44":2.0407734200087147e-05,"Ca_46":1.3678e-12,"Ca_48":6.59e-19,"Sc_45":1.915227947e-07,"Ti_46":3.2594644599999997e-06,"Ti_47":1.2855504647626e-07,"Ti_48":0.00042858354101935503,"Ti_49":1.6973112690126353e-05,"Ti_50":2.66550000016346e-11,"V_50":5.270499999983641e-10,"V_51":2.9066064800112598e-05,"Cr_50":4.4889e-05,"Cr_52":0.00649551215030454,"Cr_53":0.0003468356136907981,"Cr_54":1.5584876235424996e-09,"Mn_53":1.32e-321,"Mn_55":0.0013437231291900003,"Fe_54":0.004979500000004375,"Fe_56":0.1159554653384353,"Fe_57":0.00074938211018507,"Fe_58":3.27962056436e-06,"Fe_60":9.24e-322,"Co_59":1.0990206899999988e-05,"Ni_58":0.00043539407972666,"Ni_59":2.5e-323,"Ni_60":7.833040135999872e-05,"Ni_61":7.007028004e-06,"Ni_62":2.7300269e-05,"Ni_64":2.135034e-07,"Cu_63":4.1950600000000005e-06,"Cu_65":1.83241e-06,"Zn_64":1.86034346e-05,"Zn_66":1.60064337e-05}