{"Mass":null,"C_12":0.00070849,"C_13":4.51855e-11,"N_14":2.2277e-09,"N_15":3.65116e-10,"O_16":0.077502,"O_17":5.472100052177e-10,"O_18":2.548138e-11,"F_19":2.715600015367e-12,"Ne_20":0.0006058400000000838,"Ne_21":2.5789334100000002e-08,"Ne_22":1.1698702299999999e-05,"Na_23":3.2641400034233e-06,"Mg_24":0.00079600018183,"Mg_25":3.88420099679e-06,"Mg_26":7.4676499999999614e-06,"Al_26":2.5e-322,"Al_27":7.472381847e-05,"Si_28":0.159810019335,"Si_29":0.00015958,"Si_30":0.0001847327,"P_31":0.000103779116,"S_32":0.112720050662919,"S_33":0.00013794226600000946,"S_34":0.00073091000072849,"S_36":1.839885999999998e-08,"Cl_35":6.193360099999999e-05,"Cl_36":1.04e-322,"Cl_37":1.8070730004824403e-05,"Ar_36":0.02627122164713992,"Ar_38":0.0004938400023902,"Ar_40":4.4658172971552543e-10,"K_39":6.374805939999999e-05,"K_40":1.9518988270284475e-08,"K_41":5.299261842169997e-06,"Ca_40":0.02805999999998827,"Ca_41":3.5e-323,"Ca_42":2.22780023511e-05,"Ca_43":1.9916012395700002e-07,"Ca_44":2.60512199025338e-05,"Ca_46":1.0205e-11,"Ca_48":4.1127e-17,"Sc_45":3.25948008e-07,"Ti_46":8.38287678e-06,"Ti_47":3.06624771441e-07,"Ti_48":0.00051875194527784,"Ti_49":2.4757046982561e-05,"Ti_50":1.9353000082058e-10,"V_50":1.751099999179416e-09,"V_51":5.532043950939621e-05,"Cr_50":9.893899999999917e-05,"Cr_52":0.010783802702719834,"Cr_53":0.0006789966435903904,"Cr_54":6.617431012004688e-09,"Mn_53":1.32e-321,"Mn_55":0.00328513019160655,"Fe_54":0.01200000000001898,"Fe_56":0.5388468450102625,"Fe_57":0.007531064714401665,"Fe_58":7.498459624e-08,"Fe_60":9.24e-322,"Co_59":0.00021889132700000008,"Ni_58":0.00590082891740376,"Ni_59":2.5e-323,"Ni_60":0.006549441969999907,"Ni_61":0.00018786972930000002,"Ni_62":0.000967077766,"Ni_64":1.7752589999999998e-07,"Cu_63":1.61596e-06,"Cu_65":1.12673e-06,"Zn_64":3.3606371000000004e-06,"Zn_66":2.1437125e-05}