{"Mass":null,"C_12":0.0021055,"C_13":4.637433e-07,"N_14":1.2861e-08,"N_15":1.868988e-06,"O_16":0.096964,"O_17":3.4995200000000003e-10,"O_18":2.8475127e-11,"F_19":2.980800000000065e-10,"Ne_20":0.0019025,"Ne_21":8.3366e-08,"Ne_22":4.906519e-09,"Na_23":5.504400000002549e-06,"Mg_24":0.00696570000043211,"Mg_25":1.76162e-06,"Mg_26":1.2172399999999964e-06,"Al_26":2.5e-322,"Al_27":3.489890004244e-05,"Si_28":0.204760000036773,"Si_29":2.2926e-05,"Si_30":1.50657e-05,"P_31":7.568960023766e-05,"S_32":0.14273000001512604,"S_33":3.910801207e-05,"S_34":9.422500004391901e-09,"S_36":2.3885209999999893e-12,"Cl_35":3.1845017898000004e-06,"Cl_36":1.04e-322,"Cl_37":5.5850670840000006e-06,"Ar_36":0.03681100012137904,"Ar_38":8.76720024236e-10,"Ar_40":9.78796357371113e-16,"K_39":8.09420040794e-07,"K_40":2.1072987336426292e-12,"K_41":9.188100486080028e-07,"Ca_39":6.82539206e-10,"Ca_40":0.046017,"Ca_41":3.5e-323,"Ca_42":1.6759000040167e-10,"Ca_43":9.02518523751224e-11,"Ca_44":3.97880010317479e-05,"Ca_46":3.9633e-21,"Ca_48":3.8148e-28,"Sc_45":1.7553255000043675e-07,"Ti_46":1.631901861e-11,"Ti_47":1.2247289627325704e-09,"Ti_48":0.0008241888535307,"Ti_49":1.5901946000307643e-05,"Ti_50":2.9262000045018e-20,"V_50":4.223899999995488e-17,"V_51":5.8891550106311e-08,"Cr_50":1.1711e-09,"Cr_52":0.014560229514108,"Cr_53":6.0340060000387486e-05,"Cr_54":2.532457677514754e-16,"Mn_53":1.32e-321,"Mn_55":0.00017912318200013117,"Fe_54":2.532100000003306e-05,"Fe_56":0.3447031928072098,"Fe_57":0.0009258114200014383,"Fe_58":2.171736667000005e-14,"Fe_60":9.24e-322,"Co_59":6.800470006718502e-06,"Ni_58":1.8762179978283e-05,"Ni_59":2.5e-323,"Ni_60":7.588605690000002e-06,"Ni_61":6.37470768e-09,"Ni_62":6.671566355e-10,"Ni_64":8.59524e-22,"Cu_63":1.6046067999999997e-11,"Cu_65":3.60060026793e-15,"Zn_64":8.06059999909156e-13,"Zn_66":3.271500015749e-18}