{"Mass":null,"C_12":0.0069313,"C_13":3.9292529e-09,"N_14":4.7104e-07,"N_15":5.8013800000000005e-09,"O_16":0.18905,"O_17":1.5960000000008814e-07,"O_18":2.50935e-09,"F_19":1.150152261e-10,"Ne_20":0.00663750000028727,"Ne_21":4.8634489e-07,"Ne_22":5.5355859e-05,"Na_23":3.017093837e-05,"Mg_24":0.01112306674,"Mg_25":3.2624006062e-05,"Mg_26":6.524999999999938e-05,"Al_26":2.5e-322,"Al_27":0.000685057669,"Si_28":0.29050016068999995,"Si_29":0.00070255,"Si_30":0.0008848749999999999,"P_31":0.00039446646949999997,"S_32":0.16336014378415,"S_33":0.000463648350031114,"S_34":0.0018770000039396,"S_36":3.6674599999999935e-08,"Cl_35":0.000125203698,"Cl_36":1.04e-322,"Cl_37":3.431183002205999e-05,"Ar_36":0.03167958408739991,"Ar_38":0.0009226900017631,"Ar_40":5.356955925471969e-10,"K_39":9.209825550000001e-05,"K_40":2.5946984407452804e-08,"K_41":7.113186042041998e-06,"Ca_40":0.028990999999984408,"Ca_41":3.5e-323,"Ca_42":3.0156001456200002e-05,"Ca_43":6.32659322932552e-08,"Ca_44":1.630399940058102e-05,"Ca_46":5.4093e-12,"Ca_48":3.544e-18,"Sc_45":3.78005469e-07,"Ti_46":1.199351125e-05,"Ti_47":2.9207158724788e-07,"Ti_48":0.000219280333081207,"Ti_49":1.5637673800672642e-05,"Ti_50":1.78500000055353e-10,"V_50":2.3382999999446414e-09,"V_51":3.3177587001481986e-05,"Cr_50":0.00010872999999999994,"Cr_52":0.002978775071664702,"Cr_53":0.00029178820640807034,"Cr_54":1.3590700969457087e-08,"Mn_53":1.32e-321,"Mn_55":0.0013226854585120008,"Fe_54":0.009976600000039014,"Fe_56":0.048520470540852005,"Fe_57":0.00059808817060319,"Fe_58":1.0661878575999998e-06,"Fe_60":9.24e-322,"Co_59":5.256373329999992e-06,"Ni_58":0.00080088751225669,"Ni_59":2.5e-323,"Ni_60":0.00011629173784899874,"Ni_61":8.6239060372e-06,"Ni_62":5.97235393e-05,"Ni_64":6.71457e-07,"Cu_63":7.6083569e-06,"Cu_65":4.4634e-06,"Zn_64":2.7950033000000002e-05,"Zn_66":5.6126166e-05}