{"Mass":null,"C_12":0.00041292,"C_13":3.60213e-12,"N_14":3.1042e-11,"N_15":1.426225e-11,"O_16":0.019653,"O_17":1.5315048230000001e-12,"O_18":5.640718e-14,"F_19":7.21812000030171e-15,"Ne_20":2.4785000000000096e-05,"Ne_21":4.50391011e-10,"Ne_22":1.5700098339999998e-05,"Na_23":3.137720000049057e-07,"Mg_24":0.0001252400078795,"Mg_25":2.2308072626000002e-07,"Mg_26":6.950429999999961e-07,"Al_26":2.5e-322,"Al_27":1.2545962686099998e-05,"Si_28":0.1104800023402,"Si_29":5.4529e-05,"Si_30":6.956836000000001e-05,"P_31":5.1634448100000004e-05,"S_32":0.0622230192214555,"S_33":7.0088711e-05,"S_34":0.00061119000018568,"S_36":7.653319999999965e-09,"Cl_35":4.0392807e-05,"Cl_36":1.04e-322,"Cl_37":1.1067198000021714e-05,"Ar_36":0.01227510455497997,"Ar_38":0.00046388000046849,"Ar_40":3.0474718962634086e-10,"K_39":3.94410422e-05,"K_40":1.196399281037366e-08,"K_41":2.478654211993993e-06,"Ca_40":0.011667999999992809,"Ca_41":3.5e-323,"Ca_42":1.55880016539e-05,"Ca_43":4.15291103453e-07,"Ca_44":2.0307938500062854e-05,"Ca_46":1.1072e-11,"Ca_48":7.3117e-17,"Sc_45":1.53681427e-07,"Ti_46":6.63458372e-06,"Ti_47":3.96653882303e-07,"Ti_48":0.00029179139138279,"Ti_49":1.9096582633694598e-05,"Ti_50":1.9099000012441e-10,"V_50":1.5029999998755865e-09,"V_51":5.2789696025847986e-05,"Cr_50":0.00015622999999999985,"Cr_52":0.005998616804823624,"Cr_53":0.0005429094546754216,"Cr_54":2.996810340545984e-08,"Mn_53":1.32e-321,"Mn_55":0.002902195507803174,"Fe_54":0.01509300000008656,"Fe_56":0.7760344770002647,"Fe_57":0.019295774868,"Fe_58":1.651330000000002e-08,"Fe_60":9.24e-322,"Co_59":0.0008888163809794795,"Ni_58":0.029394276787,"Ni_59":2.5e-323,"Ni_60":0.01565689809884297,"Ni_61":0.000593568292089001,"Ni_62":0.004855804850059566,"Ni_64":3.149538e-08,"Cu_63":1.88747e-06,"Cu_65":3.1067e-07,"Zn_64":8.704912200000001e-07,"Zn_66":8.238603000000001e-06}