{"Mass":null,"C_12":0.00077358,"C_13":1.60221e-11,"N_14":4.8623e-10,"N_15":2.92047e-10,"O_16":0.049165,"O_17":9.885401127899999e-11,"O_18":5.073854e-12,"F_19":1.05792000017399e-12,"Ne_20":0.0004886700000000037,"Ne_21":7.2577193e-09,"Ne_22":9.2269732e-06,"Na_23":2.0370700001536598e-06,"Mg_24":0.001108200029645,"Mg_25":1.6534021047999999e-06,"Mg_26":3.950989999999971e-06,"Al_26":2.5e-322,"Al_27":6.4704683873e-05,"Si_28":0.1892500063158,"Si_29":0.00012995,"Si_30":0.0001225615,"P_31":8.627810013e-05,"S_32":0.1073600244093498,"S_33":0.0001270480600000001,"S_34":0.000701210000084281,"S_36":5.807869999999993e-09,"Cl_35":5.1731667e-05,"Cl_36":1.04e-322,"Cl_37":1.580744000018681e-05,"Ar_36":0.020931129913829966,"Ar_38":0.00046642000030894,"Ar_40":1.1274566005797528e-10,"K_39":4.90202704e-05,"K_40":9.418694339942026e-09,"K_41":3.456606068607599e-06,"Ca_40":0.01959999999999434,"Ca_41":3.5e-323,"Ca_42":1.450700039016e-05,"Ca_43":2.62301093565e-07,"Ca_44":2.144988710000776e-05,"Ca_46":1.0926e-12,"Ca_48":1.4062e-18,"Sc_45":1.824633429e-07,"Ti_46":6.1574179600000005e-06,"Ti_47":2.7391014814062997e-07,"Ti_48":0.00041427143902143,"Ti_49":1.982608655017527e-05,"Ti_50":4.1815000077525e-11,"V_50":7.122799999224734e-10,"V_51":4.747014560200537e-05,"Cr_50":0.00010776999999999993,"Cr_52":0.008890464501328603,"Cr_53":0.0005620537298262257,"Cr_54":1.190555561492396e-08,"Mn_53":1.32e-321,"Mn_55":0.0027353248887136477,"Fe_54":0.01120800000003437,"Fe_56":0.5545163780012413,"Fe_57":0.00863268636490004,"Fe_58":2.6589427489999998e-08,"Fe_60":9.24e-322,"Co_59":0.0002802443397000002,"Ni_58":0.00663998212557251,"Ni_59":2.5e-323,"Ni_60":0.008564854235999744,"Ni_61":0.000249051996313,"Ni_62":0.001243996836,"Ni_64":9.083549999999999e-08,"Cu_63":1.05354e-06,"Cu_65":6.216699999999999e-07,"Zn_64":3.0132995e-06,"Zn_66":1.45084642e-05}