{"Mass":null,"C_12":0.00119,"C_13":3.86e-08,"N_14":2.99e-06,"N_15":3.57e-09,"O_16":0.0886,"O_17":2.09e-07,"O_18":1.91e-09,"F_19":6.14e-11,"Ne_20":0.000833,"Ne_21":7.72e-07,"Ne_22":7.35e-05,"Na_23":3.54e-05,"Mg_24":0.00527,"Mg_25":6.57e-05,"Mg_26":0.00016,"Al_27":0.000387,"Si_28":0.222,"Si_29":0.00152,"Si_30":0.0065,"P_31":0.000858,"S_32":0.0842,"S_33":0.000401,"S_34":0.00923,"S_36":7.84e-06,"Cl_35":0.000203,"Cl_37":4.29e-05,"Ar_36":0.0128,"Ar_38":0.00408,"Ar_40":2.84e-07,"K_39":0.000133,"K_41":6.43e-06,"Ca_40":0.0111,"Ca_42":9.22e-05,"Ca_43":2.06e-07,"Ca_44":7.27e-06,"Ca_46":5.21e-09,"Ca_48":6.46e-12,"Sc_45":2.56e-07,"Ti_46":4.11e-05,"Ti_47":1.64e-06,"Ti_48":0.000218,"Ti_49":2.93e-05,"Ti_50":5.67e-09,"V_50":1.94e-08,"V_51":0.000149,"Cr_50":0.00102,"Cr_52":0.00657,"Cr_53":0.00133,"Cr_54":1.8e-06,"Mn_55":0.012,"Fe_54":0.0873,"Fe_56":0.437,"Fe_57":0.0158,"Fe_58":2.74e-07,"Co_59":3.29e-05,"Ni_58":0.0522,"Ni_60":6.51e-05,"Ni_61":1.78e-07,"Ni_62":1.6e-06,"Ni_64":1.85e-14,"Cu_63":1.61e-09,"Cu_65":7.13e-13,"Zn_64":1.46e-09,"Zn_66":5.73e-12,"Zn_67":8.01e-15,"Zn_68":6.8e-14,"Zn_70":1.93e-24}