{"Mass":null,"C_12":0.00296,"C_13":2.34e-10,"N_14":3.3e-08,"N_15":4.42e-07,"O_16":0.122,"O_17":5.4e-10,"O_18":2.8e-10,"F_19":6.4e-11,"Ne_20":0.00248,"Ne_21":3.43e-09,"Ne_22":7.07e-09,"Na_23":1.54e-05,"Mg_24":0.0388,"Mg_25":3.24e-07,"Mg_26":4.33e-07,"Al_27":0.0001,"Si_28":0.305,"Si_29":9.37e-05,"Si_30":3.62e-05,"P_31":8.02e-05,"S_32":0.141,"S_33":4.03e-05,"S_34":2.42e-06,"S_36":1.49e-12,"Cl_35":6.09e-06,"Cl_37":1.51e-06,"Ar_36":0.0264,"Ar_38":1.25e-07,"Ar_40":1.14e-13,"K_39":1.29e-06,"K_41":1.77e-07,"Ca_40":0.024,"Ca_42":3.55e-09,"Ca_43":1.72e-08,"Ca_44":1.49e-05,"Ca_46":5.91e-21,"Ca_48":0.0,"Sc_45":1.13e-08,"Ti_46":2.87e-09,"Ti_47":2.42e-08,"Ti_48":0.000445,"Ti_49":6.23e-07,"Ti_50":3.4e-20,"V_50":1.88e-17,"V_51":5.22e-06,"Cr_50":3.39e-07,"Cr_52":0.0103,"Cr_53":0.000114,"Cr_54":5.27e-16,"Mn_55":8.94e-05,"Fe_54":3.27e-05,"Fe_56":0.301,"Fe_57":0.000934,"Fe_58":1.43e-14,"Co_59":5.82e-06,"Ni_58":5.7e-05,"Ni_60":1.48e-05,"Ni_61":3.78e-08,"Ni_62":1.07e-08,"Ni_64":6.41e-23,"Cu_63":8.4e-09,"Cu_65":3.09e-11,"Zn_64":9.65e-09,"Zn_66":2.75e-12,"Zn_67":3.1e-16,"Zn_68":1.28e-17,"Zn_70":0.0}