{"Mass":null,"C_12":0.012,"C_13":1.06e-09,"N_14":1.58e-07,"N_15":5.98e-07,"O_16":0.219,"O_17":1.75e-09,"O_18":1.06e-09,"F_19":3.26e-10,"Ne_20":0.0106,"Ne_21":1.57e-08,"Ne_22":2.82e-08,"Na_23":5.82e-05,"Mg_24":0.0729,"Mg_25":1.37e-06,"Mg_26":1.85e-06,"Al_27":0.000285,"Si_28":0.338,"Si_29":0.000167,"Si_30":6.43e-05,"P_31":0.000134,"S_32":0.124,"S_33":6.82e-05,"S_34":2.1e-06,"S_36":3.53e-12,"Cl_35":5.06e-06,"Cl_37":2.23e-06,"Ar_36":0.0188,"Ar_38":1.57e-07,"Ar_40":2.23e-13,"K_39":6.68e-07,"K_41":2.19e-07,"Ca_40":0.0131,"Ca_42":1.99e-09,"Ca_43":5.17e-09,"Ca_44":4.78e-06,"Ca_46":2.39e-20,"Ca_48":0.0,"Sc_45":1.45e-08,"Ti_46":7.33e-10,"Ti_47":8.79e-09,"Ti_48":6.61e-05,"Ti_49":4.44e-07,"Ti_50":1e-19,"V_50":3.02e-17,"V_51":1.03e-06,"Cr_50":1.38e-07,"Cr_52":0.000709,"Cr_53":1.86e-05,"Cr_54":3.39e-16,"Mn_55":4.9e-06,"Fe_54":3.88e-06,"Fe_56":0.00904,"Fe_57":4.05e-05,"Fe_58":1.27e-14,"Co_59":1.22e-07,"Ni_58":1.62e-05,"Ni_60":7.52e-08,"Ni_61":2.67e-10,"Ni_62":3.04e-12,"Ni_64":5.62e-25,"Cu_63":1.65e-15,"Cu_65":9.78e-18,"Zn_64":3.47e-16,"Zn_66":1.31e-18,"Zn_67":6.01e-22,"Zn_68":2.18e-23,"Zn_70":0.0}