{"Mass":null,"C_12":0.00132,"C_13":2.1e-10,"N_14":1.41e-08,"N_15":3.37e-07,"O_16":0.0786,"O_17":2.51e-10,"O_18":1.19e-10,"F_19":2.37e-11,"Ne_20":0.000987,"Ne_21":1.38e-09,"Ne_22":2.98e-09,"Na_23":6.5e-06,"Mg_24":0.0238,"Mg_25":1.39e-07,"Mg_26":1.81e-07,"Al_27":4.85e-05,"Si_28":0.231,"Si_29":5.87e-05,"Si_30":2.46e-05,"P_31":5.15e-05,"S_32":0.11,"S_33":2.46e-05,"S_34":2.7e-06,"S_36":7.51e-13,"Cl_35":5.22e-06,"Cl_37":1.11e-06,"Ar_36":0.0212,"Ar_38":1.43e-07,"Ar_40":6.77e-14,"K_39":1.22e-06,"K_41":1.38e-07,"Ca_40":0.0195,"Ca_42":3.34e-09,"Ca_43":2.13e-08,"Ca_44":1.26e-05,"Ca_46":2.76e-21,"Ca_48":0.0,"Sc_45":1.07e-08,"Ti_46":4.72e-08,"Ti_47":6.59e-08,"Ti_48":0.000388,"Ti_49":3.68e-07,"Ti_50":1.82e-20,"V_50":8.38e-18,"V_51":5.51e-06,"Cr_50":3.67e-07,"Cr_52":0.00856,"Cr_53":6.05e-05,"Cr_54":1.95e-16,"Mn_55":0.000108,"Fe_54":2.62e-05,"Fe_56":0.559,"Fe_57":0.00361,"Fe_58":7.29e-15,"Co_59":0.000594,"Ni_58":0.000903,"Ni_60":0.00216,"Ni_61":1.26e-05,"Ni_62":5.86e-06,"Ni_64":1.12e-19,"Cu_63":1.6e-05,"Cu_65":1.48e-07,"Zn_64":3.33e-05,"Zn_66":1.51e-07,"Zn_67":3.21e-11,"Zn_68":4.25e-12,"Zn_70":0.0}