{"Mass":null,"C_12":0.000586,"C_13":1.93e-10,"N_14":6.85e-09,"N_15":2.17e-07,"O_16":0.0446,"O_17":1.3e-10,"O_18":5.73e-11,"F_19":9.7e-12,"Ne_20":0.000397,"Ne_21":6.08e-10,"Ne_22":1.25e-09,"Na_23":2.59e-06,"Mg_24":0.0128,"Mg_25":6.43e-08,"Mg_26":8.13e-08,"Al_27":2.21e-05,"Si_28":0.156,"Si_29":3.54e-05,"Si_30":1.81e-05,"P_31":3.06e-05,"S_32":0.0766,"S_33":1.24e-05,"S_34":3.75e-06,"S_36":3.54e-13,"Cl_35":4.16e-06,"Cl_37":6.8e-07,"Ar_36":0.0152,"Ar_38":1.75e-07,"Ar_40":3.63e-14,"K_39":1.03e-06,"K_41":9.78e-08,"Ca_40":0.0141,"Ca_42":2.92e-09,"Ca_43":2.31e-08,"Ca_44":1.04e-05,"Ca_46":1.2e-21,"Ca_48":0.0,"Sc_45":1.21e-08,"Ti_46":8.67e-08,"Ti_47":8.57e-08,"Ti_48":0.0003,"Ti_49":2.68e-07,"Ti_50":9.11e-21,"V_50":4.34e-18,"V_51":5.05e-06,"Cr_50":4.56e-07,"Cr_52":0.00651,"Cr_53":3.24e-05,"Cr_54":1.24e-16,"Mn_55":0.000104,"Fe_54":1.65e-05,"Fe_56":0.809,"Fe_57":0.00751,"Fe_58":7.12e-14,"Co_59":0.000887,"Ni_58":0.00175,"Ni_60":0.00417,"Ni_61":3.9e-05,"Ni_62":3.45e-05,"Ni_64":2.58e-19,"Cu_63":2.55e-05,"Cu_65":2.33e-07,"Zn_64":5.38e-05,"Zn_66":3.57e-07,"Zn_67":8.13e-11,"Zn_68":1.18e-11,"Zn_70":0.0}