{"Mass":null,"C_12":0.00671,"C_13":4.78e-10,"N_14":8.64e-08,"N_15":5.35e-07,"O_16":0.175,"O_17":1.16e-09,"O_18":6.65e-10,"F_19":1.8e-10,"Ne_20":0.00592,"Ne_21":8.65e-09,"Ne_22":1.62e-08,"Na_23":3.44e-05,"Mg_24":0.0572,"Mg_25":7.64e-07,"Mg_26":1.03e-06,"Al_27":0.000189,"Si_28":0.362,"Si_29":0.000136,"Si_30":5.16e-05,"P_31":0.000113,"S_32":0.157,"S_33":5.68e-05,"S_34":2.33e-06,"S_36":2.56e-12,"Cl_35":6.26e-06,"Cl_37":1.91e-06,"Ar_36":0.0274,"Ar_38":1.45e-07,"Ar_40":1.76e-13,"K_39":1.1e-06,"K_41":2.1e-07,"Ca_40":0.0225,"Ca_42":3.16e-09,"Ca_43":1.15e-08,"Ca_44":1.03e-05,"Ca_46":1.32e-20,"Ca_48":0.0,"Sc_45":1.2e-08,"Ti_46":7.36e-10,"Ti_47":1.54e-08,"Ti_48":0.000253,"Ti_49":5.67e-07,"Ti_50":7.44e-20,"V_50":2.71e-17,"V_51":2.97e-06,"Cr_50":2.5e-07,"Cr_52":0.00406,"Cr_53":5.77e-05,"Cr_54":3.24e-16,"Mn_55":2.79e-05,"Fe_54":1.43e-05,"Fe_56":0.0695,"Fe_57":0.000203,"Fe_58":1.23e-14,"Co_59":2.46e-07,"Ni_58":2.59e-05,"Ni_60":3.13e-07,"Ni_61":5.81e-10,"Ni_62":5.32e-12,"Ni_64":4.36e-26,"Cu_63":2.29e-15,"Cu_65":3.2e-17,"Zn_64":1.75e-15,"Zn_66":1.75e-18,"Zn_67":5.77e-22,"Zn_68":2.08e-23,"Zn_70":0.0}