{"Mass":null,"C_12":0.0136,"C_13":2.84e-08,"N_14":1.22e-07,"N_15":5.28e-07,"O_16":0.226,"O_17":5.49e-10,"O_18":5.04e-10,"F_19":5.25e-10,"Ne_20":0.00481,"Ne_21":2.39e-08,"Ne_22":2.83e-08,"Na_23":3.16e-05,"Mg_24":0.0768,"Mg_25":1.01e-06,"Mg_26":1e-06,"Al_27":0.000227,"Si_28":0.122,"Si_29":0.000228,"Si_30":7.05e-05,"P_31":0.000129,"S_32":0.0175,"S_33":0.000109,"S_34":9.66e-05,"S_36":3.64e-11,"Cl_35":0.000274,"Cl_37":4.59e-06,"Ar_36":0.00453,"Ar_38":3.03e-05,"Ar_40":1.69e-10,"K_39":0.000927,"K_41":5.27e-06,"Ca_40":0.0247,"Ca_42":1.15e-05,"Ca_43":6.63e-05,"Ca_44":0.00956,"Ca_46":6.78e-19,"Ca_48":5.29e-26,"Sc_45":6.39e-06,"Ti_46":6.7e-06,"Ti_47":0.000469,"Ti_48":0.019,"Ti_49":0.000177,"Ti_50":1.96e-16,"V_50":4.29e-11,"V_51":0.0013,"Cr_50":7.63e-05,"Cr_52":0.0139,"Cr_53":0.00072,"Cr_54":3.56e-10,"Mn_55":0.00139,"Fe_54":0.000297,"Fe_56":0.00763,"Fe_57":0.000975,"Fe_58":3.98e-10,"Co_59":4.35e-05,"Ni_58":0.000428,"Ni_60":0.000388,"Ni_61":0.000108,"Ni_62":6.06e-05,"Ni_64":6.63e-13,"Cu_63":4.36e-06,"Cu_65":4.57e-06,"Zn_64":4.07e-05,"Zn_66":6.52e-06,"Zn_67":1.07e-06,"Zn_68":1.01e-06,"Zn_70":1.16e-16}