{"Mass":null,"C_12":0.0158,"C_13":8.22e-09,"N_14":3.57e-08,"N_15":7.45e-09,"O_16":0.0151,"O_17":1.4e-10,"O_18":1.34e-10,"F_19":2.08e-10,"Ne_20":0.000571,"Ne_21":4.52e-09,"Ne_22":1.32e-08,"Na_23":2.21e-06,"Mg_24":0.000595,"Mg_25":4.91e-07,"Mg_26":8.72e-07,"Al_27":4.48e-06,"Si_28":0.00182,"Si_29":2.2e-05,"Si_30":1.25e-05,"P_31":2.31e-05,"S_32":0.00587,"S_33":2.58e-05,"S_34":9.82e-05,"S_36":2.85e-11,"Cl_35":0.000335,"Cl_37":1.5e-06,"Ar_36":0.00411,"Ar_38":2.8e-05,"Ar_40":1.51e-10,"K_39":0.00112,"K_41":4.36e-06,"Ca_40":0.027,"Ca_42":8.67e-06,"Ca_43":7.62e-05,"Ca_44":0.0106,"Ca_46":3.3e-19,"Ca_48":0.0,"Sc_45":5.79e-06,"Ti_46":1.82e-06,"Ti_47":0.000347,"Ti_48":0.0175,"Ti_49":0.000165,"Ti_50":7.43e-17,"V_50":1.8e-11,"V_51":0.00134,"Cr_50":6.42e-05,"Cr_52":0.00944,"Cr_53":0.000487,"Cr_54":2.2e-10,"Mn_55":0.00146,"Fe_54":0.000258,"Fe_56":0.00283,"Fe_57":0.000495,"Fe_58":4.22e-10,"Co_59":5.13e-05,"Ni_58":0.000226,"Ni_60":3.27e-05,"Ni_61":2.58e-05,"Ni_62":2.71e-05,"Ni_64":5.63e-13,"Cu_63":1.28e-06,"Cu_65":1.95e-06,"Zn_64":1.69e-06,"Zn_66":2.24e-06,"Zn_67":7.86e-07,"Zn_68":8.72e-07,"Zn_70":1.03e-16}