{"Mass":null,"C_12":0.0237,"C_13":1.65e-08,"N_14":3.6e-07,"N_15":3.49e-07,"O_16":0.133,"O_17":2.17e-09,"O_18":1.68e-09,"F_19":1.08e-09,"Ne_20":0.00727,"Ne_21":3.7e-08,"Ne_22":5.23e-08,"Na_23":3.59e-05,"Mg_24":0.0402,"Mg_25":1.26e-06,"Mg_26":1.94e-06,"Al_27":0.000161,"Si_28":0.159,"Si_29":0.000112,"Si_30":4.76e-05,"P_31":9.35e-05,"S_32":0.0597,"S_33":6.09e-05,"S_34":9.97e-05,"S_36":3.05e-11,"Cl_35":0.000341,"Cl_37":2.61e-06,"Ar_36":0.0125,"Ar_38":2.79e-05,"Ar_40":1.51e-10,"K_39":0.00113,"K_41":4.45e-06,"Ca_40":0.0331,"Ca_42":8.46e-06,"Ca_43":7.51e-05,"Ca_44":0.0106,"Ca_46":3.37e-19,"Ca_48":0.0,"Sc_45":5.79e-06,"Ti_46":1.79e-06,"Ti_47":0.000346,"Ti_48":0.0176,"Ti_49":0.000165,"Ti_50":7.43e-17,"V_50":1.78e-11,"V_51":0.00134,"Cr_50":6.41e-05,"Cr_52":0.0104,"Cr_53":0.000497,"Cr_54":2.21e-10,"Mn_55":0.00147,"Fe_54":0.000261,"Fe_56":0.0222,"Fe_57":0.000565,"Fe_58":4.24e-10,"Co_59":5.7e-05,"Ni_58":0.00024,"Ni_60":5.45e-05,"Ni_61":2.59e-05,"Ni_62":2.72e-05,"Ni_64":5.65e-13,"Cu_63":1.49e-06,"Cu_65":1.95e-06,"Zn_64":2.14e-06,"Zn_66":2.25e-06,"Zn_67":7.86e-07,"Zn_68":8.72e-07,"Zn_70":1.03e-16}