{"Mass":null,"C_12":0.0157,"C_13":1.57e-09,"N_14":2.37e-07,"N_15":3.15e-07,"O_16":0.0945,"O_17":2.65e-09,"O_18":2.04e-09,"F_19":1.44e-09,"Ne_20":0.011,"Ne_21":6.48e-08,"Ne_22":7.34e-08,"Na_23":5.35e-05,"Mg_24":0.0284,"Mg_25":1.53e-06,"Mg_26":2.16e-06,"Al_27":0.000123,"Si_28":0.177,"Si_29":6.35e-05,"Si_30":3.37e-05,"P_31":5.57e-05,"S_32":0.0765,"S_33":2.57e-05,"S_34":0.000163,"S_36":1.21e-11,"Cl_35":0.000117,"Cl_37":1.85e-06,"Ar_36":0.0144,"Ar_38":4.2e-05,"Ar_40":3.44e-11,"K_39":0.000282,"K_41":1.95e-06,"Ca_40":0.0202,"Ca_42":2.35e-06,"Ca_43":3.8e-05,"Ca_44":0.00357,"Ca_46":1.01e-19,"Ca_48":6.12e-26,"Sc_45":1.76e-06,"Ti_46":0.000144,"Ti_47":0.000361,"Ti_48":0.00883,"Ti_49":5.07e-05,"Ti_50":2.07e-17,"V_50":4.9e-12,"V_51":0.00122,"Cr_50":0.000233,"Cr_52":0.0177,"Cr_53":0.000241,"Cr_54":4.79e-11,"Mn_55":0.00126,"Fe_54":0.000138,"Fe_56":0.213,"Fe_57":0.00935,"Fe_58":8.41e-11,"Co_59":0.000313,"Ni_58":0.000985,"Ni_60":0.00629,"Ni_61":0.000872,"Ni_62":0.000227,"Ni_64":1.95e-13,"Cu_63":9.86e-05,"Cu_65":3.02e-05,"Zn_64":0.000694,"Zn_66":5.19e-05,"Zn_67":1.94e-06,"Zn_68":1.17e-06,"Zn_70":5.93e-17}