{"Mass":null,"C_12":0.0173,"C_13":3.32e-08,"N_14":9.45e-08,"N_15":2.35e-08,"O_16":0.0213,"O_17":3.3e-10,"O_18":3.59e-10,"F_19":4.6e-10,"Ne_20":0.00184,"Ne_21":2.38e-08,"Ne_22":1.58e-08,"Na_23":9.48e-06,"Mg_24":0.00232,"Mg_25":2.75e-07,"Mg_26":3.57e-07,"Al_27":1.99e-05,"Si_28":0.00211,"Si_29":7.28e-06,"Si_30":9.19e-06,"P_31":1.03e-05,"S_32":0.0016,"S_33":5.75e-06,"S_34":0.000166,"S_36":1.08e-11,"Cl_35":0.000108,"Cl_37":9.26e-07,"Ar_36":0.00104,"Ar_38":4.29e-05,"Ar_40":3.28e-11,"K_39":0.000277,"K_41":1.83e-06,"Ca_40":0.00879,"Ca_42":2.32e-06,"Ca_43":3.82e-05,"Ca_44":0.00356,"Ca_46":9.08e-20,"Ca_48":6.12e-26,"Sc_45":1.76e-06,"Ti_46":0.000152,"Ti_47":0.000356,"Ti_48":0.00864,"Ti_49":5.05e-05,"Ti_50":2.07e-17,"V_50":4.88e-12,"V_51":0.00122,"Cr_50":0.000241,"Cr_52":0.0138,"Cr_53":0.000214,"Cr_54":4.79e-11,"Mn_55":0.00121,"Fe_54":0.000127,"Fe_56":0.0655,"Fe_57":0.00862,"Fe_58":8.4e-11,"Co_59":0.00018,"Ni_58":0.000835,"Ni_60":0.00586,"Ni_61":0.000869,"Ni_62":0.00022,"Ni_64":1.95e-13,"Cu_63":0.000101,"Cu_65":3.01e-05,"Zn_64":0.000686,"Zn_66":5.18e-05,"Zn_67":1.94e-06,"Zn_68":1.17e-06,"Zn_70":5.93e-17}