{"Mass":null,"C_12":0.00919,"C_13":1.5e-08,"N_14":1.46e-07,"N_15":5.37e-07,"O_16":0.113,"O_17":7.26e-10,"O_18":7.23e-10,"F_19":1.01e-09,"Ne_20":0.00517,"Ne_21":6.98e-08,"Ne_22":4.63e-08,"Na_23":2.35e-05,"Mg_24":0.0255,"Mg_25":6.72e-07,"Mg_26":9.5e-07,"Al_27":6.64e-05,"Si_28":0.299,"Si_29":6.41e-05,"Si_30":3.43e-05,"P_31":5.53e-05,"S_32":0.104,"S_33":2.29e-05,"S_34":0.000128,"S_36":1.02e-11,"Cl_35":9.17e-05,"Cl_37":1.99e-06,"Ar_36":0.016,"Ar_38":3.41e-05,"Ar_40":3.12e-11,"K_39":0.000254,"K_41":1.92e-06,"Ca_40":0.0183,"Ca_42":2.31e-06,"Ca_43":3.48e-05,"Ca_44":0.00322,"Ca_46":3.05e-17,"Ca_48":3.72e-22,"Sc_45":1.69e-06,"Ti_46":0.000108,"Ti_47":0.000246,"Ti_48":0.00774,"Ti_49":4.88e-05,"Ti_50":6.42e-16,"V_50":4.93e-12,"V_51":0.00101,"Cr_50":0.000267,"Cr_52":0.0126,"Cr_53":0.00022,"Cr_54":4.72e-11,"Mn_55":0.0011,"Fe_54":0.000127,"Fe_56":0.078,"Fe_57":0.00719,"Fe_58":8.47e-11,"Co_59":0.000552,"Ni_58":0.00137,"Ni_60":0.00526,"Ni_61":0.000607,"Ni_62":0.000197,"Ni_64":1.97e-13,"Cu_63":0.000193,"Cu_65":2.27e-05,"Zn_64":0.000558,"Zn_66":3.96e-05,"Zn_67":1.71e-06,"Zn_68":1.13e-06,"Zn_70":5.84e-17}