{"Mass":null,"C_12":0.0504011,"N_14":4.9525e-07,"O_16":0.14,"F_18":5.72e-10,"Ne_20":0.00424851,"Na_22":6.2e-05,"Mg_24":0.0131802,"Al_26":0.000817,"Si_28":0.154227,"P_30":0.000315,"S_32":0.0866313,"Cl_34":0.0001621,"Ar_36":0.015737,"K_38":7.413e-05,"Ca_40":0.0121345,"Sc_45":2.17e-07,"Ti_48":0.000236665,"V_51":3.95046e-05,"Cr_52":0.0054224,"Mn_55":0.00654,"Fe_56":0.769274,"Co_59":0.000766,"Ni_60":0.113799,"Cu_63":2.362e-06,"Zn_64":1.50134e-05}