{"Mass":null,"C_12":8.26327e-05,"N_14":8.11963e-10,"O_16":0.00022953,"Ne_20":6.96544e-06,"Na_22":1.01649e-07,"Mg_24":2.1609e-05,"Al_26":1.33947e-06,"Si_28":0.000252855,"S_32":0.000142032,"Ar_36":2.58008e-05,"Ca_40":1.98945e-05,"Fe_52":0.00126123,"Ni_56":0.000186574}