{"Mass":null,"He_4":0.093,"C_12":0.28,"O_16":0.28,"Si_28":0.00038,"Si_30":5.3e-06,"S_32":0.0017,"S_34":2e-05,"Cl_35":0.00012,"Ar_36":0.0019,"Ar_38":3.1e-05,"K_39":0.00082,"K_41":4.9e-06,"Ca_40":0.013,"Ca_43":8e-05,"Ca_44":0.02,"Ti_46":2.8e-06,"Ti_47":0.0006092,"Ti_48":0.01667,"Ti_49":0.0001122,"V_51":0.001416,"Cr_50":3.6e-05,"Cr_52":0.0267,"Cr_53":0.0012057,"Mn_55":0.0036,"Fe_54":0.00027,"Fe_56":0.016,"Fe_57":0.00203,"Ni_58":0.00087}