{"Mass":null,"He_4":0.098,"C_12":0.25,"O_16":0.25,"Si_28":0.0015,"Si_30":1.7e-05,"S_32":0.0069,"S_34":7.9e-05,"Cl_35":0.00013,"Ar_36":0.0091,"Ar_38":4.2e-05,"K_39":0.00068,"K_41":1.8e-06,"Ca_40":0.029,"Ca_43":2.3e-05,"Ca_44":0.0032,"Ti_46":5.8e-07,"Ti_47":1.802e-05,"Ti_48":4.78e-05,"Ti_49":6.2044e-07,"V_51":2.10022e-06,"Cr_50":2.3e-07,"Cr_52":2.21e-06,"Cr_53":1.200029e-07,"Mn_55":1.78e-07,"Fe_54":4.2e-08,"Fe_56":1.13e-07,"Fe_57":4e-08,"Ni_58":3e-08}