{"Mass":null,"He_4":0.0019,"C_12":0.25,"O_16":0.25,"Si_28":0.00074,"Si_30":1.6e-06,"S_32":0.0052,"S_34":4.3e-06,"Cl_35":2.9e-05,"Ar_36":0.014,"Ar_38":2.9e-07,"K_39":0.00051,"K_41":0.00031,"Ca_40":0.16,"Ca_43":5.6e-10,"Ca_44":0.015,"Ti_46":3.9e-05,"Ti_47":0.000130055,"Ti_48":0.00150002400006,"Ti_49":4.1019e-05,"V_51":8.9029e-05,"Cr_50":2.7e-06,"Cr_52":0.000300012,"Cr_53":3.5077e-05,"Mn_55":2.000033e-05,"Fe_54":8e-07,"Fe_56":0.00017000039,"Fe_57":3.40003e-05,"Ni_58":0.00021}