{"Mass":null,"He_4":0.11,"C_12":0.23,"O_16":0.23,"Si_28":0.001,"Si_30":1.2e-05,"S_32":0.0046,"S_34":4.4e-05,"Cl_35":0.00014,"Ar_36":0.0055,"Ar_38":2.8e-05,"K_39":0.00094,"K_41":3.3e-06,"Ca_40":0.034,"Ca_43":8.4e-05,"Ca_44":0.033,"Ti_46":4e-06,"Ti_47":0.0003711,"Ti_48":0.005594,"Ti_49":6.014e-05,"V_51":0.00036024,"Cr_50":2e-05,"Cr_52":0.000865,"Cr_53":5.0026e-05,"Mn_55":0.000117,"Fe_54":1.7e-05,"Fe_56":0.000114,"Fe_57":3.1e-05,"Ni_58":1.6e-05}