{"Mass":null,"He_4":0.1,"C_12":0.25,"O_16":0.25,"Si_28":0.00058,"Si_30":7.8e-06,"S_32":0.0027,"S_34":3.1e-05,"Cl_35":0.00015,"Ar_36":0.0032,"Ar_38":3.9e-05,"K_39":0.0011,"K_41":5.4e-06,"Ca_40":0.021,"Ca_43":0.00011,"Ca_44":0.031,"Ti_46":4.2e-06,"Ti_47":0.0007452,"Ti_48":0.02105,"Ti_49":0.00020077,"V_51":0.0017025,"Cr_50":6.1e-05,"Cr_52":0.01009,"Cr_53":0.00057033,"Mn_55":0.00115,"Fe_54":0.00015,"Fe_56":0.00138,"Fe_57":0.00026,"Ni_58":0.00014}