{"Mass":null,"He_4":0.097,"C_12":0.25,"O_16":0.25,"Si_28":0.00017,"Si_30":0.00014,"S_32":0.00055,"S_34":0.00033,"Cl_35":0.00013,"Ar_36":0.0006,"Ar_38":0.00036,"K_39":0.00049,"K_41":1.3e-06,"Ca_40":0.0055,"Ca_43":5.3e-05,"Ca_44":0.0058,"Ti_46":0.00078,"Ti_47":0.001800061,"Ti_48":0.005288,"Ti_49":5.5031e-05,"V_51":0.00230023,"Cr_50":0.00038,"Cr_52":0.0177,"Cr_53":0.0002600077,"Mn_55":0.00271,"Fe_54":0.00037,"Fe_56":0.125,"Fe_57":0.0155,"Ni_58":0.018}