{"Mass":null,"He_4":0.1,"C_12":0.25,"O_16":0.25,"Si_28":0.00046,"Si_30":4.3e-06,"S_32":0.0021,"S_34":1.6e-05,"Cl_35":0.00014,"Ar_36":0.0025,"Ar_38":2.9e-05,"K_39":0.001,"K_41":5.4e-06,"Ca_40":0.018,"Ca_43":1.2e-08,"Ca_44":0.031,"Ti_46":3.6e-06,"Ti_47":0.00074073,"Ti_48":0.0210086042,"Ti_49":0.00019038,"V_51":0.0017031,"Cr_50":5.9e-05,"Cr_52":0.011026,"Cr_53":0.0006551,"Mn_55":0.0013047,"Fe_54":0.00018,"Fe_56":0.0019088,"Fe_57":0.0003217,"Ni_58":0.00017}