{"Mass":null,"He_4":0.083,"C_12":0.3,"O_16":0.3,"Si_28":0.00027,"Si_30":3.6e-06,"S_32":0.0011,"S_34":1.3e-05,"Cl_35":6.6e-05,"Ar_36":0.0014,"Ar_38":1.4e-05,"K_39":0.00041,"K_41":2.3e-06,"Ca_40":0.009,"Ca_43":5.3e-05,"Ca_44":0.013,"Ti_46":6.9e-05,"Ti_47":0.0004629,"Ti_48":0.01312,"Ti_49":5.34e-05,"V_51":0.000954,"Cr_50":3.2e-05,"Cr_52":0.0236,"Cr_53":0.000486,"Mn_55":0.00228,"Fe_54":0.00012,"Fe_56":0.0422,"Fe_57":0.0048,"Ni_58":0.0021}